sc_status,income,purpose,activity,project_cost,loan_required,education_level,course,course_type,course_recognized,location,recommended_scheme
Yes,96991,Business,Poultry,63496,60351,NA,NA,NA,NA,Urban,MFS
Yes,335994,Business,Repair Shop,644210,155434,NA,NA,NA,NA,Rural,TERM_LOAN
Yes,451358,Business,Repair Shop,127836,99824,NA,NA,NA,NA,Urban,MFS
Yes,78215,Education,NA,1090864,1090864,Graduate,Nursing,Professional,Yes,Rural,ELS
Yes,316175,Business,Small Manufacturing,133300,23256,NA,NA,NA,NA,Rural,MFS
Yes,395436,Education,NA,2037700,135859,12th,Nursing,Management,Yes,Rural,ELS
Yes,107914,Business,Poultry,427145,104880,NA,NA,NA,NA,Rural,UNY
Yes,95893,Education,NA,3975197,2851616,Graduate,Pharmacy,Management,Yes,Rural,ELS
Yes,152284,Business,Small Manufacturing,67010,55637,NA,NA,NA,NA,Urban,AMY
Yes,396812,Business,Service Business,469115,122921,NA,NA,NA,NA,Rural,UNY
Yes,83896,Business,Tailoring,128867,31137,NA,NA,NA,NA,Rural,AMY
Yes,175082,Business,Service Business,82535,64190,NA,NA,NA,NA,Rural,MFS
Yes,121846,Business,Computer Centre,35938,11275,NA,NA,NA,NA,Urban,MFS
Yes,385296,Business,Small Manufacturing,98610,93858,NA,NA,NA,NA,Urban,MFS
Yes,253690,Business,Fisheries,391674,160273,NA,NA,NA,NA,Rural,UNY
Yes,75421,Education,NA,3504912,1245525,12th,BTech,Professional,Yes,Rural,ELS
Yes,338356,Business,Small Manufacturing,123000,18511,NA,NA,NA,NA,Urban,MFS
Yes,160631,Business,Service Business,3741702,3582937,NA,NA,NA,NA,Urban,TERM_LOAN
Yes,344077,Business,Service Business,137874,11301,NA,NA,NA,NA,Rural,AMY
Yes,144137,Business,Poultry,44933,40335,NA,NA,NA,NA,Urban,MFS
No,108423,Business,Computer Centre,283534,308290,NA,NA,NA,NA,Urban,NO_ELIGIBLE_SCHEME
Yes,143555,Business,Food Business,109993,61463,NA,NA,NA,NA,Rural,MFS
Yes,364653,Education,NA,2711256,1564175,Graduate,Engineering,Medical,Yes,Urban,ELS
Yes,151090,Education,NA,3841873,2577453,Postgraduate,Law,Management,Yes,Rural,ELS
Yes,65340,Business,Grocery Shop,117896,56076,NA,NA,NA,NA,Rural,MFS
Yes,404648,Education,NA,1215507,1215507,12th,Pharmacy,Management,Yes,Urban,ELS
Yes,251362,Business,Computer Centre,67389,31155,NA,NA,NA,NA,Rural,AMY
Yes,364801,Business,Food Business,60263,34867,NA,NA,NA,NA,Rural,AMY
Yes,52699,Business,Tailoring,1000734,969547,NA,NA,NA,NA,Urban,TERM_LOAN
Yes,226154,Business,Tailoring,174897,39349,NA,NA,NA,NA,Rural,UNY
Yes,495072,Business,Food Business,7614289,5450844,NA,NA,NA,NA,Rural,NO_ELIGIBLE_SCHEME
Yes,347558,Business,Grocery Shop,1496930,529853,NA,NA,NA,NA,Urban,TERM_LOAN
Yes,754260,Business,Food Business,150740,351560,NA,NA,NA,NA,Rural,NO_ELIGIBLE_SCHEME
Yes,738715,Business,Poultry,72841,253070,NA,NA,NA,NA,Urban,NO_ELIGIBLE_SCHEME
No,214893,Business,Tailoring,197762,372613,NA,NA,NA,NA,Urban,NO_ELIGIBLE_SCHEME
Yes,339866,Business,Service Business,349828,176979,NA,NA,NA,NA,Rural,UNY
Yes,246427,Education,NA,2826586,1119407,Postgraduate,MBA,Technical,Yes,Urban,ELS
Yes,107854,Education,NA,1726948,351833,Graduate,MCA,Management,Yes,Urban,ELS
Yes,458213,Education,NA,2223257,1246526,Graduate,Law,Medical,Yes,Urban,ELS
Yes,322670,Business,Computer Centre,35387,28989,NA,NA,NA,NA,Rural,AMY
Yes,235563,Business,Computer Centre,73741,57625,NA,NA,NA,NA,Urban,AMY
Yes,489020,Education,NA,4385977,2002313,Postgraduate,Law,Professional,Yes,Rural,ELS
Yes,117864,Education,NA,3335462,2174500,12th,Law,Professional,Yes,Rural,ELS
Yes,421770,Education,NA,3410847,620207,Postgraduate,Law,Technical,Yes,Rural,ELS
Yes,444009,Business,Service Business,116298,51259,NA,NA,NA,NA,Rural,AMY
Yes,156181,Business,Service Business,304606,189560,NA,NA,NA,NA,Rural,UNY
Yes,57543,Business,Computer Centre,182966,146142,NA,NA,NA,NA,Urban,UNY
Yes,74730,Business,Small Manufacturing,6876171,5137532,NA,NA,NA,NA,Urban,NO_ELIGIBLE_SCHEME
Yes,496917,Education,NA,3681293,1711019,Graduate,BCA,Technical,Yes,Urban,ELS
Yes,149497,Business,Service Business,101137,74237,NA,NA,NA,NA,Rural,MFS
Yes,342690,Business,Food Business,108918,90505,NA,NA,NA,NA,Urban,AMY
Yes,666429,Business,Fisheries,79741,288216,NA,NA,NA,NA,Rural,NO_ELIGIBLE_SCHEME
Yes,390845,Business,Computer Centre,763324,463513,NA,NA,NA,NA,Rural,TERM_LOAN
Yes,261206,Education,NA,2917968,2531561,Graduate,MBA,Technical,No,Rural,NO_ELIGIBLE_SCHEME
No,388024,Business,Service Business,393820,77259,NA,NA,NA,NA,Rural,NO_ELIGIBLE_SCHEME
Yes,333392,Business,Small Manufacturing,136100,122678,NA,NA,NA,NA,Rural,MFS
Yes,76277,Business,Transport,285071,209729,NA,NA,NA,NA,Urban,UNY
Yes,323804,Education,NA,2391286,1480782,Postgraduate,Medical,Management,No,Rural,NO_ELIGIBLE_SCHEME
Yes,597781,Business,Grocery Shop,488570,210094,NA,NA,NA,NA,Rural,NO_ELIGIBLE_SCHEME
Yes,437817,Education,NA,613406,2356297,Graduate,BCA,Professional,No,Rural,NO_ELIGIBLE_SCHEME
Yes,91545,Business,Fisheries,512925,177160,NA,NA,NA,NA,Rural,TERM_LOAN
Yes,458596,Business,Poultry,255053,151103,NA,NA,NA,NA,Rural,UNY
Yes,396695,Business,Food Business,105744,72642,NA,NA,NA,NA,Urban,AMY
Yes,439055,Business,Grocery Shop,85703,43901,NA,NA,NA,NA,Urban,AMY
Yes,679753,Business,Transport,115730,299418,NA,NA,NA,NA,Urban,NO_ELIGIBLE_SCHEME
Yes,203034,Business,Grocery Shop,112324,80482,NA,NA,NA,NA,Rural,AMY
Yes,74026,Education,NA,1515709,1515709,Postgraduate,BTech,Professional,Yes,Rural,ELS
Yes,367281,Business,Fisheries,313478,42779,NA,NA,NA,NA,Urban,UNY
Yes,94012,Business,Transport,81645,13552,NA,NA,NA,NA,Rural,MFS
Yes,129536,Education,NA,1221527,1221527,Postgraduate,MCA,Medical,Yes,Rural,ELS
Yes,251688,Business,Repair Shop,63158,46223,NA,NA,NA,NA,Urban,MFS
Yes,66057,Business,Small Manufacturing,4034896,67969,NA,NA,NA,NA,Urban,TERM_LOAN
Yes,493378,Business,Repair Shop,6102473,5475412,NA,NA,NA,NA,Urban,NO_ELIGIBLE_SCHEME
Yes,60744,Business,Food Business,77123,59934,NA,NA,NA,NA,Urban,AMY
Yes,258613,Business,Food Business,406294,164526,NA,NA,NA,NA,Rural,UNY
Yes,418940,Business,Grocery Shop,115915,21953,NA,NA,NA,NA,Rural,MFS
Yes,261019,Education,NA,2874159,1239866,Graduate,Law,Medical,Yes,Urban,ELS
Yes,234462,Business,Grocery Shop,6646332,6540866,NA,NA,NA,NA,Urban,NO_ELIGIBLE_SCHEME
Yes,425371,Business,Transport,82108,29391,NA,NA,NA,NA,Urban,MFS
Yes,410047,Business,Small Manufacturing,280145,263302,NA,NA,NA,NA,Rural,UNY
Yes,258750,Business,Food Business,38617,20134,NA,NA,NA,NA,Urban,MFS
Yes,387656,Business,Computer Centre,210626,131166,NA,NA,NA,NA,Rural,UNY
Yes,90108,Business,Repair Shop,3510485,1838389,NA,NA,NA,NA,Urban,TERM_LOAN
Yes,455617,Business,Poultry,377575,238799,NA,NA,NA,NA,Rural,UNY
Yes,226812,Education,NA,747016,747016,Postgraduate,BTech,Management,Yes,Urban,ELS
Yes,372294,Education,NA,1129004,1129004,Postgraduate,Nursing,Technical,Yes,Rural,ELS
Yes,448205,Education,NA,2600776,2600776,Postgraduate,BCA,Medical,Yes,Rural,ELS
Yes,417240,Business,Service Business,99331,55731,NA,NA,NA,NA,Urban,AMY
Yes,96832,Business,Small Manufacturing,3286166,369304,NA,NA,NA,NA,Rural,TERM_LOAN
Yes,102418,Business,Grocery Shop,90068,83792,NA,NA,NA,NA,Rural,MFS
Yes,125058,Business,Computer Centre,475070,40106,NA,NA,NA,NA,Rural,UNY
No,104255,Business,Tailoring,469630,37430,NA,NA,NA,NA,Rural,NO_ELIGIBLE_SCHEME
Yes,157391,Business,Transport,6523614,5674720,NA,NA,NA,NA,Urban,NO_ELIGIBLE_SCHEME
Yes,471698,Business,Repair Shop,5000000,5000000,NA,NA,NA,NA,Urban,NO_ELIGIBLE_SCHEME
Yes,173489,Education,NA,1968956,1968956,Graduate,Medical,Professional,Yes,Rural,ELS
Yes,340818,Business,Grocery Shop,76908,13934,NA,NA,NA,NA,Rural,AMY
Yes,394733,Education,NA,1835940,978362,12th,Pharmacy,Technical,Yes,Rural,ELS
Yes,418219,Business,Computer Centre,5000000,5000000,NA,NA,NA,NA,Rural,NO_ELIGIBLE_SCHEME
Yes,177735,Business,Fisheries,3923827,3689040,NA,NA,NA,NA,Rural,TERM_LOAN
Yes,117060,Business,Service Business,198728,169111,NA,NA,NA,NA,Rural,UNY
Yes,473406,Business,Service Business,3786055,3201852,NA,NA,NA,NA,Rural,TERM_LOAN
No,158609,Business,Transport,210496,239526,NA,NA,NA,NA,Rural,NO_ELIGIBLE_SCHEME
Yes,430524,Education,NA,2202961,506453,Postgraduate,MCA,Technical,Yes,Urban,ELS
Yes,361767,Business,Small Manufacturing,47574,16289,NA,NA,NA,NA,Rural,AMY
Yes,74079,Business,Transport,59253,43801,NA,NA,NA,NA,Rural,MFS
Yes,73084,Business,Service Business,30538,20190,NA,NA,NA,NA,Rural,MFS
Yes,342919,Business,Service Business,466310,161849,NA,NA,NA,NA,Urban,UNY
Yes,103707,Education,NA,2696370,2596512,12th,MCA,Medical,Yes,Rural,ELS
Yes,84844,Business,Fisheries,6795398,5614028,NA,NA,NA,NA,Rural,NO_ELIGIBLE_SCHEME
Yes,208116,Business,Service Business,121382,111250,NA,NA,NA,NA,Rural,MFS
No,456705,Business,Service Business,144102,165247,NA,NA,NA,NA,Rural,NO_ELIGIBLE_SCHEME
Yes,223627,Business,Grocery Shop,95035,28434,NA,NA,NA,NA,Rural,MFS
Yes,483858,Business,Food Business,153922,110046,NA,NA,NA,NA,Rural,UNY
Yes,91383,Business,Computer Centre,369014,103073,NA,NA,NA,NA,Rural,UNY
Yes,258185,Business,Grocery Shop,3894291,2749375,NA,NA,NA,NA,Urban,TERM_LOAN
Yes,437189,Business,Tailoring,102848,79375,NA,NA,NA,NA,Urban,AMY
Yes,177484,Business,Transport,444086,423484,NA,NA,NA,NA,Urban,UNY
Yes,240544,Business,Grocery Shop,38333,23336,NA,NA,NA,NA,Urban,MFS
Yes,330548,Business,Poultry,276334,104721,NA,NA,NA,NA,Rural,UNY
Yes,333736,Business,Repair Shop,343842,184160,NA,NA,NA,NA,Urban,UNY
Yes,156815,Business,Repair Shop,75823,22265,NA,NA,NA,NA,Rural,MFS
Yes,298934,Education,NA,3850328,3207540,12th,Pharmacy,Management,Yes,Urban,ELS
Yes,80057,Business,Small Manufacturing,367170,169146,NA,NA,NA,NA,Urban,UNY
Yes,714615,Business,Food Business,254388,58732,NA,NA,NA,NA,Urban,NO_ELIGIBLE_SCHEME
Yes,291710,Education,NA,299736,109972,Postgraduate,Engineering,Management,Yes,Rural,ELS
Yes,320796,Business,Small Manufacturing,84057,56281,NA,NA,NA,NA,Rural,MFS
Yes,166036,Business,Repair Shop,254733,231904,NA,NA,NA,NA,Urban,UNY
Yes,86161,Business,Small Manufacturing,337088,220479,NA,NA,NA,NA,Urban,UNY
Yes,74451,Education,NA,2835517,2835517,Graduate,Law,Medical,Yes,Urban,ELS
Yes,461390,Business,Food Business,57425,15335,NA,NA,NA,NA,Rural,AMY
Yes,150612,Business,Transport,72436,20249,NA,NA,NA,NA,Rural,AMY
Yes,120585,Education,NA,3049902,3771944,Postgraduate,Medical,Medical,No,Urban,NO_ELIGIBLE_SCHEME
Yes,396758,Business,Tailoring,6222373,6870048,NA,NA,NA,NA,Urban,NO_ELIGIBLE_SCHEME
Yes,391864,Business,Tailoring,64694,29679,NA,NA,NA,NA,Rural,AMY
Yes,403548,Business,Service Business,407858,286978,NA,NA,NA,NA,Urban,UNY
Yes,338756,Business,Service Business,451781,259210,NA,NA,NA,NA,Rural,UNY
Yes,432746,Business,Repair Shop,62855,22099,NA,NA,NA,NA,Urban,AMY
Yes,412242,Education,NA,3569841,3569841,Postgraduate,Law,Professional,Yes,Urban,ELS
Yes,277574,Business,Small Manufacturing,56370,20622,NA,NA,NA,NA,Rural,AMY
Yes,302727,Education,NA,372949,372949,Postgraduate,Pharmacy,Management,Yes,Rural,ELS
Yes,57030,Business,Poultry,249263,165548,NA,NA,NA,NA,Urban,UNY
Yes,134049,Business,Repair Shop,40993,35005,NA,NA,NA,NA,Urban,MFS
Yes,143133,Business,Transport,92784,51180,NA,NA,NA,NA,Urban,MFS
Yes,115345,Education,NA,3601147,2641529,Graduate,Law,Medical,No,Urban,NO_ELIGIBLE_SCHEME
Yes,340512,Business,Grocery Shop,741863,300444,NA,NA,NA,NA,Rural,TERM_LOAN
Yes,378939,Business,Food Business,373336,165570,NA,NA,NA,NA,Rural,UNY
Yes,56798,Business,Repair Shop,84571,74291,NA,NA,NA,NA,Rural,AMY
Yes,797654,Business,Tailoring,464473,225608,NA,NA,NA,NA,Urban,NO_ELIGIBLE_SCHEME
Yes,293409,Business,Poultry,95350,78012,NA,NA,NA,NA,Urban,AMY
Yes,409357,Education,NA,3533936,505785,Graduate,Engineering,Technical,Yes,Urban,ELS
Yes,345597,Business,Repair Shop,56302,29109,NA,NA,NA,NA,Rural,MFS
Yes,484875,Education,NA,3708481,1929120,Graduate,BCA,Management,Yes,Urban,ELS
Yes,361710,Education,NA,3627134,2090452,Graduate,Engineering,Technical,Yes,Urban,ELS
Yes,448313,Business,Food Business,259962,217784,NA,NA,NA,NA,Urban,UNY
No,377108,Business,Repair Shop,241595,327419,NA,NA,NA,NA,Urban,NO_ELIGIBLE_SCHEME
Yes,80866,Business,Small Manufacturing,922519,68108,NA,NA,NA,NA,Rural,TERM_LOAN
Yes,230095,Business,Food Business,4587594,2736289,NA,NA,NA,NA,Rural,TERM_LOAN
Yes,222760,Business,Small Manufacturing,112103,22955,NA,NA,NA,NA,Rural,AMY
Yes,427543,Business,Computer Centre,43737,24930,NA,NA,NA,NA,Rural,AMY
Yes,99077,Business,Repair Shop,4583444,1173690,NA,NA,NA,NA,Urban,TERM_LOAN
Yes,272251,Education,NA,2127875,2127875,Graduate,MBA,Professional,Yes,Rural,ELS
Yes,254052,Business,Poultry,4170980,2336483,NA,NA,NA,NA,Urban,TERM_LOAN
Yes,203275,Business,Grocery Shop,113128,52034,NA,NA,NA,NA,Urban,AMY
Yes,215644,Business,Poultry,3768705,1045922,NA,NA,NA,NA,Rural,TERM_LOAN
Yes,428863,Business,Tailoring,2132990,2011603,NA,NA,NA,NA,Rural,TERM_LOAN
Yes,495371,Business,Service Business,127999,95561,NA,NA,NA,NA,Rural,MFS
Yes,320529,Business,Poultry,127057,41970,NA,NA,NA,NA,Rural,MFS
Yes,472075,Business,Computer Centre,137715,14207,NA,NA,NA,NA,Urban,MFS
Yes,490611,Business,Small Manufacturing,349772,167594,NA,NA,NA,NA,Rural,UNY
Yes,447860,Business,Repair Shop,86019,20909,NA,NA,NA,NA,Rural,AMY
Yes,245651,Business,Tailoring,1351158,1316050,NA,NA,NA,NA,Urban,TERM_LOAN
Yes,256330,Business,Small Manufacturing,469141,418243,NA,NA,NA,NA,Rural,UNY
Yes,281293,Education,NA,3326174,3326174,Postgraduate,Pharmacy,Professional,Yes,Rural,ELS
Yes,285388,Business,Transport,109327,40192,NA,NA,NA,NA,Rural,AMY
Yes,258723,Business,Small Manufacturing,171270,143253,NA,NA,NA,NA,Urban,UNY
Yes,83194,Business,Small Manufacturing,992324,231811,NA,NA,NA,NA,Urban,TERM_LOAN
Yes,261158,Business,Service Business,118712,78977,NA,NA,NA,NA,Urban,MFS
Yes,154397,Business,Fisheries,35754,10972,NA,NA,NA,NA,Urban,AMY
Yes,392013,Business,Food Business,278189,222839,NA,NA,NA,NA,Rural,UNY
Yes,254250,Business,Fisheries,38772,24728,NA,NA,NA,NA,Urban,AMY
Yes,267030,Business,Tailoring,132759,116714,NA,NA,NA,NA,Urban,MFS
Yes,396025,Business,Grocery Shop,217856,28552,NA,NA,NA,NA,Rural,UNY
Yes,331525,Business,Computer Centre,50366,40187,NA,NA,NA,NA,Urban,MFS
Yes,469811,Education,NA,4247078,2599277,Postgraduate,Pharmacy,Medical,Yes,Rural,ELS
Yes,451684,Education,NA,3890034,147719,Graduate,BCA,Professional,Yes,Rural,ELS
Yes,444469,Business,Small Manufacturing,94615,76666,NA,NA,NA,NA,Urban,MFS
Yes,148258,Business,Poultry,2054819,484590,NA,NA,NA,NA,Rural,TERM_LOAN
Yes,390802,Business,Tailoring,114012,98224,NA,NA,NA,NA,Urban,MFS
Yes,285312,Education,NA,4260969,842117,12th,Engineering,Medical,Yes,Rural,ELS
Yes,261197,Business,Poultry,346794,301864,NA,NA,NA,NA,Urban,UNY
Yes,199267,Business,Service Business,100288,47544,NA,NA,NA,NA,Urban,AMY
Yes,472926,Business,Service Business,4915788,3631264,NA,NA,NA,NA,Urban,TERM_LOAN
Yes,412810,Business,Food Business,1063378,399366,NA,NA,NA,NA,Urban,TERM_LOAN
Yes,279827,Business,Small Manufacturing,214002,103004,NA,NA,NA,NA,Urban,UNY
Yes,359716,Business,Fisheries,45022,36577,NA,NA,NA,NA,Urban,AMY
Yes,281747,Business,Service Business,126776,28711,NA,NA,NA,NA,Rural,AMY
Yes,52413,Business,Food Business,496771,32710,NA,NA,NA,NA,Urban,UNY
Yes,144076,Education,NA,1052716,533890,Postgraduate,Law,Management,No,Urban,NO_ELIGIBLE_SCHEME
Yes,100845,Business,Transport,79601,26186,NA,NA,NA,NA,Rural,AMY
Yes,242941,Business,Computer Centre,144172,48494,NA,NA,NA,NA,Rural,UNY
Yes,182258,Business,Food Business,86479,34227,NA,NA,NA,NA,Urban,AMY
Yes,269483,Business,Small Manufacturing,80738,78495,NA,NA,NA,NA,Urban,MFS
Yes,493203,Business,Poultry,302072,282854,NA,NA,NA,NA,Urban,UNY
Yes,152721,Education,NA,1510298,1510298,Graduate,Law,Medical,Yes,Urban,ELS
Yes,647058,Business,Transport,103763,210081,NA,NA,NA,NA,Rural,NO_ELIGIBLE_SCHEME
Yes,366895,Business,Transport,133406,101146,NA,NA,NA,NA,Rural,MFS
Yes,215239,Business,Food Business,84464,10974,NA,NA,NA,NA,Rural,AMY
Yes,231460,Business,Fisheries,425970,213310,NA,NA,NA,NA,Urban,UNY
Yes,139535,Business,Small Manufacturing,48571,25773,NA,NA,NA,NA,Rural,AMY
Yes,137652,Business,Small Manufacturing,198175,174285,NA,NA,NA,NA,Rural,UNY
Yes,411884,Business,Food Business,122392,37168,NA,NA,NA,NA,Urban,MFS
Yes,203837,Business,Small Manufacturing,226774,119092,NA,NA,NA,NA,Urban,UNY
Yes,66638,Business,Repair Shop,39046,25468,NA,NA,NA,NA,Urban,MFS
Yes,196907,Business,Fisheries,1873977,1008470,NA,NA,NA,NA,Urban,TERM_LOAN
Yes,415343,Business,Service Business,3227771,1990620,NA,NA,NA,NA,Urban,TERM_LOAN
Yes,365737,Business,Tailoring,746947,701002,NA,NA,NA,NA,Rural,TERM_LOAN
Yes,455489,Business,Fisheries,41895,26818,NA,NA,NA,NA,Urban,AMY
Yes,248409,Business,Service Business,117173,62228,NA,NA,NA,NA,Rural,AMY
No,443586,Business,Repair Shop,311335,211092,NA,NA,NA,NA,Rural,NO_ELIGIBLE_SCHEME
Yes,145711,Business,Small Manufacturing,280679,90852,NA,NA,NA,NA,Urban,UNY
Yes,136459,Business,Tailoring,450570,87005,NA,NA,NA,NA,Rural,UNY
Yes,492678,Education,NA,2658288,2559108,12th,BTech,Management,No,Urban,NO_ELIGIBLE_SCHEME
Yes,169485,Business,Fisheries,5000000,5000000,NA,NA,NA,NA,Urban,NO_ELIGIBLE_SCHEME
Yes,349318,Business,Fisheries,3190809,1172561,NA,NA,NA,NA,Rural,TERM_LOAN
Yes,115914,Education,NA,968461,968461,Graduate,BTech,Technical,Yes,Rural,ELS
Yes,326419,Business,Small Manufacturing,1901922,1354430,NA,NA,NA,NA,Urban,TERM_LOAN
Yes,281855,Business,Repair Shop,98021,95394,NA,NA,NA,NA,Rural,MFS
Yes,309616,Business,Transport,5000000,5000000,NA,NA,NA,NA,Urban,NO_ELIGIBLE_SCHEME
Yes,54817,Business,Small Manufacturing,43970,35907,NA,NA,NA,NA,Urban,AMY
Yes,105655,Education,NA,2331558,2331558,12th,MCA,Management,Yes,Rural,ELS
Yes,303935,Business,Transport,2483720,433215,NA,NA,NA,NA,Rural,TERM_LOAN
Yes,391807,Education,NA,238494,238494,Graduate,Nursing,Professional,Yes,Rural,ELS
Yes,383051,Education,NA,372226,372226,Graduate,Law,Medical,Yes,Rural,ELS
Yes,206297,Education,NA,3408993,2977774,Graduate,Law,Management,Yes,Rural,ELS
Yes,146429,Business,Poultry,7052200,5961375,NA,NA,NA,NA,Urban,NO_ELIGIBLE_SCHEME
Yes,91289,Business,Grocery Shop,119440,70700,NA,NA,NA,NA,Rural,AMY
Yes,434070,Business,Fisheries,125732,31129,NA,NA,NA,NA,Rural,AMY
Yes,190075,Business,Tailoring,133247,76550,NA,NA,NA,NA,Urban,MFS
Yes,90358,Business,Poultry,53267,27290,NA,NA,NA,NA,Rural,AMY
Yes,295876,Education,NA,3145669,2652355,12th,BCA,Management,Yes,Urban,ELS
Yes,269829,Business,Service Business,84086,62409,NA,NA,NA,NA,Urban,AMY
Yes,244009,Business,Computer Centre,214169,144950,NA,NA,NA,NA,Rural,UNY
Yes,526890,Business,Repair Shop,88191,21849,NA,NA,NA,NA,Urban,NO_ELIGIBLE_SCHEME
Yes,285878,Education,NA,2132828,2132828,12th,Pharmacy,Medical,Yes,Rural,ELS
No,59960,Business,Computer Centre,363763,65238,NA,NA,NA,NA,Rural,NO_ELIGIBLE_SCHEME
Yes,449605,Education,NA,3983972,517561,Graduate,Engineering,Medical,No,Rural,NO_ELIGIBLE_SCHEME
Yes,90270,Business,Repair Shop,2108853,1018933,NA,NA,NA,NA,Urban,TERM_LOAN
Yes,369404,Business,Service Business,5000000,5000000,NA,NA,NA,NA,Rural,NO_ELIGIBLE_SCHEME
Yes,361930,Business,Transport,74385,23124,NA,NA,NA,NA,Rural,MFS
Yes,107858,Business,Food Business,47907,28978,NA,NA,NA,NA,Urban,MFS
Yes,225854,Business,Grocery Shop,92208,78852,NA,NA,NA,NA,Urban,MFS
Yes,101714,Business,Grocery Shop,122361,68427,NA,NA,NA,NA,Urban,AMY
Yes,67886,Business,Small Manufacturing,387054,355235,NA,NA,NA,NA,Urban,UNY
Yes,188553,Business,Service Business,56563,16532,NA,NA,NA,NA,Urban,AMY
Yes,190370,Business,Service Business,468788,280357,NA,NA,NA,NA,Rural,UNY
Yes,290140,Business,Service Business,66004,32635,NA,NA,NA,NA,Rural,AMY
Yes,498075,Business,Tailoring,468226,46266,NA,NA,NA,NA,Rural,UNY
Yes,177758,Business,Tailoring,31627,19725,NA,NA,NA,NA,Urban,AMY
Yes,259546,Business,Small Manufacturing,114080,76768,NA,NA,NA,NA,Urban,MFS
Yes,450543,Business,Transport,90735,81854,NA,NA,NA,NA,Urban,AMY
Yes,75204,Business,Repair Shop,6973764,5490364,NA,NA,NA,NA,Urban,NO_ELIGIBLE_SCHEME
Yes,86960,Business,Fisheries,1745520,1568730,NA,NA,NA,NA,Urban,TERM_LOAN
Yes,124932,Business,Transport,287900,133809,NA,NA,NA,NA,Urban,UNY
Yes,479337,Business,Small Manufacturing,127813,120853,NA,NA,NA,NA,Rural,AMY
Yes,355895,Business,Food Business,111688,51353,NA,NA,NA,NA,Urban,AMY
Yes,274143,Business,Small Manufacturing,1615562,1018214,NA,NA,NA,NA,Urban,TERM_LOAN
Yes,350927,Business,Poultry,5000000,5000000,NA,NA,NA,NA,Urban,NO_ELIGIBLE_SCHEME
Yes,484462,Education,NA,2397545,1215274,Postgraduate,Pharmacy,Technical,Yes,Urban,ELS
Yes,220591,Business,Small Manufacturing,44984,40337,NA,NA,NA,NA,Rural,MFS
Yes,105362,Business,Small Manufacturing,6816282,6203961,NA,NA,NA,NA,Urban,NO_ELIGIBLE_SCHEME
Yes,318056,Business,Food Business,2260189,634331,NA,NA,NA,NA,Rural,TERM_LOAN
Yes,349358,Business,Service Business,79183,31753,NA,NA,NA,NA,Urban,MFS
Yes,264089,Business,Service Business,124644,27512,NA,NA,NA,NA,Urban,AMY
Yes,357758,Business,Small Manufacturing,60634,43805,NA,NA,NA,NA,Urban,AMY
Yes,221883,Business,Service Business,87443,42142,NA,NA,NA,NA,Urban,AMY
Yes,77150,Business,Small Manufacturing,375314,323572,NA,NA,NA,NA,Urban,UNY
Yes,271292,Business,Repair Shop,366939,229437,NA,NA,NA,NA,Rural,UNY
Yes,305677,Education,NA,578757,578757,Graduate,MCA,Management,Yes,Rural,ELS
Yes,255640,Education,NA,992377,992377,Graduate,BTech,Technical,Yes,Urban,ELS
Yes,221152,Business,Service Business,258738,245131,NA,NA,NA,NA,Rural,UNY
Yes,307750,Business,Grocery Shop,66745,65236,NA,NA,NA,NA,Rural,MFS
Yes,346941,Business,Tailoring,423397,224583,NA,NA,NA,NA,Urban,UNY
Yes,172339,Business,Repair Shop,7366164,6360222,NA,NA,NA,NA,Urban,NO_ELIGIBLE_SCHEME
No,253428,Business,Transport,424526,315476,NA,NA,NA,NA,Urban,NO_ELIGIBLE_SCHEME
Yes,451986,Business,Grocery Shop,62698,28424,NA,NA,NA,NA,Urban,AMY
Yes,303840,Education,NA,2803635,2803635,12th,Law,Medical,Yes,Urban,ELS
Yes,225973,Education,NA,1069987,1069987,Graduate,BTech,Technical,Yes,Rural,ELS
Yes,148561,Business,Repair Shop,362747,275801,NA,NA,NA,NA,Urban,UNY
Yes,54681,Business,Tailoring,133434,41862,NA,NA,NA,NA,Urban,MFS
Yes,267877,Business,Transport,5000000,5000000,NA,NA,NA,NA,Rural,NO_ELIGIBLE_SCHEME
Yes,380902,Business,Service Business,5000000,5000000,NA,NA,NA,NA,Rural,NO_ELIGIBLE_SCHEME
Yes,333060,Education,NA,1548033,1548033,Graduate,BTech,Medical,Yes,Urban,ELS
Yes,267755,Business,Tailoring,3588345,982241,NA,NA,NA,NA,Rural,TERM_LOAN
Yes,476088,Education,NA,2851278,2613756,Postgraduate,Engineering,Technical,Yes,Urban,ELS
Yes,373077,Business,Food Business,52184,32919,NA,NA,NA,NA,Rural,MFS
Yes,385657,Business,Fisheries,91599,29072,NA,NA,NA,NA,Urban,AMY
Yes,341654,Business,Poultry,76779,69291,NA,NA,NA,NA,Rural,AMY
Yes,86686,Business,Computer Centre,77739,66531,NA,NA,NA,NA,Urban,MFS
Yes,218962,Business,Poultry,2353369,747895,NA,NA,NA,NA,Urban,TERM_LOAN
Yes,212480,Business,Grocery Shop,66368,15478,NA,NA,NA,NA,Rural,MFS
Yes,203175,Business,Fisheries,277220,254286,NA,NA,NA,NA,Urban,UNY
Yes,387894,Business,Tailoring,130066,118857,NA,NA,NA,NA,Rural,AMY
Yes,217519,Business,Poultry,75457,74381,NA,NA,NA,NA,Rural,MFS
Yes,484876,Business,Repair Shop,109822,96223,NA,NA,NA,NA,Rural,MFS
Yes,81118,Education,NA,1529380,489448,Postgraduate,Law,Medical,Yes,Rural,ELS
Yes,133838,Business,Service Business,199314,140492,NA,NA,NA,NA,Urban,UNY
Yes,412142,Business,Grocery Shop,227808,209543,NA,NA,NA,NA,Urban,UNY
Yes,219695,Education,NA,2392275,1966617,Postgraduate,BCA,Management,Yes,Urban,ELS
Yes,475876,Business,Food Business,1011122,475235,NA,NA,NA,NA,Urban,TERM_LOAN
Yes,183547,Business,Tailoring,80488,34914,NA,NA,NA,NA,Urban,MFS
Yes,211152,Business,Poultry,440682,273675,NA,NA,NA,NA,Urban,UNY
Yes,250825,Business,Food Business,83856,44620,NA,NA,NA,NA,Urban,MFS
Yes,205328,Business,Food Business,330505,171022,NA,NA,NA,NA,Rural,UNY
Yes,488665,Business,Food Business,38232,13632,NA,NA,NA,NA,Rural,MFS
Yes,136493,Business,Transport,253047,44449,NA,NA,NA,NA,Urban,UNY
Yes,118184,Business,Small Manufacturing,159128,102056,NA,NA,NA,NA,Urban,UNY
Yes,270367,Education,NA,259425,101656,Postgraduate,MCA,Management,Yes,Urban,ELS
Yes,130582,Business,Service Business,3684728,401186,NA,NA,NA,NA,Rural,TERM_LOAN
Yes,540464,Business,Transport,362923,172656,NA,NA,NA,NA,Rural,NO_ELIGIBLE_SCHEME
Yes,164218,Education,NA,479661,332622,12th,Law,Professional,Yes,Urban,ELS
Yes,491184,Education,NA,3026011,1217715,Postgraduate,MBA,Professional,Yes,Rural,ELS
Yes,277633,Business,Transport,4288364,1860549,NA,NA,NA,NA,Urban,TERM_LOAN
Yes,341268,Education,NA,1654243,970777,Postgraduate,Medical,Management,Yes,Rural,ELS
Yes,432018,Business,Fisheries,208283,144391,NA,NA,NA,NA,Rural,UNY
Yes,254330,Business,Transport,5000000,5000000,NA,NA,NA,NA,Rural,NO_ELIGIBLE_SCHEME
Yes,575715,Business,Fisheries,132688,310336,NA,NA,NA,NA,Urban,NO_ELIGIBLE_SCHEME
Yes,117582,Education,NA,789108,789108,Graduate,Engineering,Management,Yes,Rural,ELS
Yes,176631,Business,Service Business,6713013,5493996,NA,NA,NA,NA,Rural,NO_ELIGIBLE_SCHEME
Yes,514138,Business,Service Business,144649,365133,NA,NA,NA,NA,Urban,NO_ELIGIBLE_SCHEME
Yes,367783,Business,Transport,68327,18501,NA,NA,NA,NA,Urban,AMY
Yes,183506,Education,NA,3606958,3417212,Postgraduate,Nursing,Medical,Yes,Urban,ELS
Yes,320059,Education,NA,3283764,1848271,Graduate,Medical,Medical,Yes,Urban,ELS
Yes,431423,Business,Computer Centre,47555,27332,NA,NA,NA,NA,Urban,MFS
Yes,122674,Business,Poultry,6654354,5974006,NA,NA,NA,NA,Rural,NO_ELIGIBLE_SCHEME
Yes,371206,Business,Small Manufacturing,128992,68008,NA,NA,NA,NA,Urban,MFS
Yes,354149,Business,Fisheries,126649,108602,NA,NA,NA,NA,Rural,MFS
Yes,384083,Business,Food Business,3313890,1198898,NA,NA,NA,NA,Urban,TERM_LOAN
Yes,101761,Education,NA,1947528,518517,Graduate,BCA,Technical,Yes,Urban,ELS
Yes,211934,Business,Poultry,32389,21881,NA,NA,NA,NA,Rural,MFS
Yes,491229,Business,Grocery Shop,271744,150716,NA,NA,NA,NA,Rural,UNY
Yes,459473,Business,Fisheries,47496,11123,NA,NA,NA,NA,Urban,AMY
Yes,216210,Business,Repair Shop,135448,75213,NA,NA,NA,NA,Urban,AMY
Yes,320634,Business,Repair Shop,237485,170490,NA,NA,NA,NA,Rural,UNY
Yes,268009,Business,Transport,94415,63025,NA,NA,NA,NA,Urban,AMY
Yes,297227,Education,NA,2865128,2865128,Postgraduate,Engineering,Management,Yes,Urban,ELS
Yes,322764,Business,Fisheries,241156,39519,NA,NA,NA,NA,Urban,UNY
Yes,270233,Business,Small Manufacturing,36155,19107,NA,NA,NA,NA,Urban,MFS
Yes,146129,Business,Computer Centre,77638,61390,NA,NA,NA,NA,Urban,MFS
Yes,312433,Business,Transport,5000000,5000000,NA,NA,NA,NA,Rural,NO_ELIGIBLE_SCHEME
Yes,391459,Business,Repair Shop,428499,116149,NA,NA,NA,NA,Urban,UNY
Yes,289955,Business,Tailoring,123853,111736,NA,NA,NA,NA,Urban,MFS
Yes,214214,Business,Fisheries,52103,10316,NA,NA,NA,NA,Rural,MFS
Yes,718255,Business,Tailoring,237551,278788,NA,NA,NA,NA,Urban,NO_ELIGIBLE_SCHEME
Yes,168899,Business,Food Business,52509,27039,NA,NA,NA,NA,Urban,MFS
Yes,493223,Business,Transport,42541,18067,NA,NA,NA,NA,Rural,AMY
Yes,237443,Business,Grocery Shop,227962,89141,NA,NA,NA,NA,Rural,UNY
Yes,200407,Business,Food Business,48035,12510,NA,NA,NA,NA,Rural,MFS
Yes,65790,Business,Computer Centre,3789684,1263687,NA,NA,NA,NA,Rural,TERM_LOAN
Yes,296789,Business,Food Business,79508,31989,NA,NA,NA,NA,Urban,AMY
Yes,331146,Business,Poultry,397728,333802,NA,NA,NA,NA,Rural,UNY
Yes,407669,Business,Transport,78979,20943,NA,NA,NA,NA,Urban,AMY
Yes,91272,Education,NA,1863165,1248038,Postgraduate,MCA,Professional,No,Rural,NO_ELIGIBLE_SCHEME
Yes,143923,Business,Service Business,88487,30869,NA,NA,NA,NA,Rural,MFS
Yes,278471,Business,Poultry,97760,51026,NA,NA,NA,NA,Urban,MFS
Yes,391028,Education,NA,2174911,2174911,12th,Nursing,Professional,Yes,Urban,ELS
Yes,244503,Business,Tailoring,424185,313741,NA,NA,NA,NA,Rural,UNY
Yes,50508,Business,Service Business,5000000,5000000,NA,NA,NA,NA,Urban,NO_ELIGIBLE_SCHEME
Yes,518216,Business,Food Business,321806,146757,NA,NA,NA,NA,Urban,NO_ELIGIBLE_SCHEME
Yes,114511,Business,Tailoring,134924,51195,NA,NA,NA,NA,Rural,AMY
Yes,229701,Education,NA,3255946,3255946,12th,Engineering,Medical,Yes,Rural,ELS
Yes,292452,Business,Transport,3611434,3605162,NA,NA,NA,NA,Urban,TERM_LOAN
Yes,233537,Business,Food Business,261459,124858,NA,NA,NA,NA,Rural,TERM_LOAN
Yes,104839,Business,Food Business,74194,10179,NA,NA,NA,NA,Rural,AMY
Yes,378840,Business,Fisheries,59522,22056,NA,NA,NA,NA,Urban,AMY
Yes,297387,Business,Service Business,42594,22449,NA,NA,NA,NA,Rural,AMY
Yes,312136,Education,NA,2571323,1996750,12th,Medical,Professional,Yes,Urban,ELS
Yes,357663,Business,Computer Centre,48325,40621,NA,NA,NA,NA,Urban,AMY
Yes,79720,Education,NA,2290021,1406444,Postgraduate,BTech,Professional,Yes,Rural,ELS
Yes,63485,Business,Small Manufacturing,4025850,899267,NA,NA,NA,NA,Rural,TERM_LOAN
Yes,142598,Business,Small Manufacturing,114907,36623,NA,NA,NA,NA,Rural,MFS
Yes,467105,Business,Service Business,4522651,564194,NA,NA,NA,NA,Rural,TERM_LOAN
Yes,201569,Business,Repair Shop,436497,237269,NA,NA,NA,NA,Rural,UNY
Yes,158596,Business,Fisheries,133293,62953,NA,NA,NA,NA,Urban,AMY
Yes,426038,Business,Grocery Shop,115439,37551,NA,NA,NA,NA,Rural,AMY
Yes,109415,Education,NA,988268,988268,12th,Engineering,Medical,Yes,Rural,ELS
Yes,372456,Business,Computer Centre,2226512,1878207,NA,NA,NA,NA,Rural,TERM_LOAN
Yes,296063,Business,Computer Centre,80606,27991,NA,NA,NA,NA,Rural,AMY
Yes,416226,Business,Service Business,116386,34044,NA,NA,NA,NA,Rural,AMY
Yes,80021,Education,NA,161824,161824,12th,MBA,Medical,Yes,Rural,ELS
Yes,322076,Business,Fisheries,443867,317716,NA,NA,NA,NA,Rural,UNY
Yes,164193,Business,Service Business,50971,47479,NA,NA,NA,NA,Rural,AMY
Yes,354629,Business,Transport,196104,145649,NA,NA,NA,NA,Rural,UNY
Yes,264045,Business,Poultry,121266,64568,NA,NA,NA,NA,Urban,MFS
Yes,491674,Business,Food Business,3766597,1310866,NA,NA,NA,NA,Urban,TERM_LOAN
Yes,492835,Business,Service Business,3565504,105117,NA,NA,NA,NA,Urban,TERM_LOAN
Yes,312864,Education,NA,4382562,740424,Graduate,Nursing,Professional,Yes,Rural,ELS
Yes,479129,Business,Computer Centre,432881,235170,NA,NA,NA,NA,Rural,UNY
Yes,267910,Business,Food Business,83626,74451,NA,NA,NA,NA,Urban,MFS
Yes,305210,Business,Transport,87544,43150,NA,NA,NA,NA,Urban,AMY
Yes,297974,Business,Transport,61850,61420,NA,NA,NA,NA,Rural,MFS
No,175773,Business,Repair Shop,382408,351586,NA,NA,NA,NA,Rural,NO_ELIGIBLE_SCHEME
No,116833,Business,Tailoring,165543,303976,NA,NA,NA,NA,Urban,NO_ELIGIBLE_SCHEME
Yes,397583,Business,Service Business,4479841,2871458,NA,NA,NA,NA,Urban,TERM_LOAN
Yes,672936,Business,Food Business,60872,367592,NA,NA,NA,NA,Urban,NO_ELIGIBLE_SCHEME
Yes,55534,Business,Tailoring,50410,29894,NA,NA,NA,NA,Rural,MFS
Yes,111324,Business,Computer Centre,4676879,191839,NA,NA,NA,NA,Rural,TERM_LOAN
Yes,142842,Business,Service Business,7985925,5770758,NA,NA,NA,NA,Urban,NO_ELIGIBLE_SCHEME
Yes,312907,Business,Tailoring,77484,54544,NA,NA,NA,NA,Urban,AMY
Yes,111258,Business,Computer Centre,48585,27065,NA,NA,NA,NA,Rural,MFS
Yes,467943,Business,Tailoring,444888,413706,NA,NA,NA,NA,Rural,UNY
Yes,226493,Business,Poultry,210742,96496,NA,NA,NA,NA,Urban,UNY
Yes,206815,Business,Poultry,93898,61355,NA,NA,NA,NA,Rural,AMY
Yes,681633,Business,Tailoring,255063,225019,NA,NA,NA,NA,Urban,NO_ELIGIBLE_SCHEME
Yes,182172,Business,Fisheries,61617,28534,NA,NA,NA,NA,Rural,AMY
Yes,400231,Business,Computer Centre,116933,22648,NA,NA,NA,NA,Urban,AMY
Yes,472599,Business,Small Manufacturing,476490,247727,NA,NA,NA,NA,Rural,UNY
Yes,177585,Business,Transport,323272,88576,NA,NA,NA,NA,Rural,UNY
Yes,203782,Business,Transport,233810,37309,NA,NA,NA,NA,Urban,UNY
Yes,272196,Business,Small Manufacturing,396369,109868,NA,NA,NA,NA,Rural,UNY
Yes,459470,Business,Food Business,95806,58866,NA,NA,NA,NA,Urban,AMY
Yes,66720,Business,Tailoring,3592901,1852868,NA,NA,NA,NA,Rural,TERM_LOAN
Yes,61502,Business,Transport,121655,48696,NA,NA,NA,NA,Urban,MFS
Yes,340670,Education,NA,1270582,1270582,12th,Law,Management,Yes,Rural,ELS
Yes,186710,Business,Fisheries,129977,123857,NA,NA,NA,NA,Rural,AMY
Yes,265472,Education,NA,2237304,313269,Postgraduate,MBA,Professional,Yes,Rural,ELS
Yes,369742,Education,NA,3321411,3321411,12th,MBA,Management,Yes,Urban,ELS
Yes,164233,Education,NA,2578281,1463966,12th,Engineering,Medical,Yes,Urban,ELS
Yes,418599,Business,Transport,2753940,948318,NA,NA,NA,NA,Rural,TERM_LOAN
No,268944,Business,Service Business,444731,216539,NA,NA,NA,NA,Rural,NO_ELIGIBLE_SCHEME
Yes,156430,Business,Food Business,57158,24386,NA,NA,NA,NA,Rural,AMY
Yes,197596,Business,Food Business,109503,21338,NA,NA,NA,NA,Urban,MFS
Yes,485099,Business,Transport,106610,90933,NA,NA,NA,NA,Rural,AMY
Yes,318699,Education,NA,2051069,1304003,Postgraduate,BCA,Technical,Yes,Rural,ELS
Yes,203764,Education,NA,1529143,1469966,12th,Law,Medical,No,Urban,NO_ELIGIBLE_SCHEME
Yes,227725,Education,NA,514609,284386,Graduate,Engineering,Medical,Yes,Urban,ELS
Yes,189201,Business,Small Manufacturing,6600113,5603618,NA,NA,NA,NA,Urban,NO_ELIGIBLE_SCHEME
Yes,246011,Business,Repair Shop,352687,39674,NA,NA,NA,NA,Urban,UNY
Yes,135416,Business,Poultry,32758,20163,NA,NA,NA,NA,Urban,AMY
Yes,287311,Business,Tailoring,161966,41652,NA,NA,NA,NA,Rural,UNY
Yes,214719,Business,Tailoring,5000000,5000000,NA,NA,NA,NA,Urban,NO_ELIGIBLE_SCHEME
Yes,244088,Business,Fisheries,285749,193232,NA,NA,NA,NA,Rural,UNY
No,259652,Business,Fisheries,124312,280806,NA,NA,NA,NA,Rural,NO_ELIGIBLE_SCHEME
Yes,234949,Business,Repair Shop,110863,98668,NA,NA,NA,NA,Urban,MFS
Yes,258744,Education,NA,1636028,1369882,12th,BCA,Management,No,Urban,NO_ELIGIBLE_SCHEME
Yes,200630,Education,NA,2847847,2023767,12th,BCA,Management,No,Rural,NO_ELIGIBLE_SCHEME
Yes,492524,Business,Grocery Shop,87154,62941,NA,NA,NA,NA,Rural,MFS
Yes,221517,Business,Service Business,50865,49189,NA,NA,NA,NA,Urban,AMY
Yes,442486,Business,Poultry,88959,39454,NA,NA,NA,NA,Urban,AMY
Yes,485363,Business,Computer Centre,108398,93026,NA,NA,NA,NA,Rural,AMY
No,168215,Business,Grocery Shop,298976,352228,NA,NA,NA,NA,Urban,NO_ELIGIBLE_SCHEME
Yes,71902,Education,NA,3554773,102877,Postgraduate,Nursing,Management,Yes,Rural,ELS
Yes,335801,Education,NA,4058282,243938,12th,BTech,Professional,Yes,Rural,ELS
Yes,387349,Business,Transport,5000000,5000000,NA,NA,NA,NA,Urban,NO_ELIGIBLE_SCHEME
Yes,442929,Business,Poultry,306646,78245,NA,NA,NA,NA,Urban,UNY
Yes,470194,Business,Fisheries,50185,47480,NA,NA,NA,NA,Rural,AMY
Yes,299754,Business,Transport,108023,24166,NA,NA,NA,NA,Urban,AMY
Yes,421580,Business,Service Business,321856,146367,NA,NA,NA,NA,Urban,TERM_LOAN
Yes,409796,Business,Fisheries,2133727,1633159,NA,NA,NA,NA,Rural,TERM_LOAN
Yes,214529,Business,Grocery Shop,4577592,2672287,NA,NA,NA,NA,Urban,TERM_LOAN
Yes,499754,Business,Grocery Shop,146195,29687,NA,NA,NA,NA,Rural,UNY
Yes,84719,Business,Transport,153362,31280,NA,NA,NA,NA,Rural,UNY
Yes,431096,Business,Repair Shop,4822117,4003093,NA,NA,NA,NA,Rural,TERM_LOAN
Yes,372742,Business,Food Business,153746,147408,NA,NA,NA,NA,Urban,UNY
Yes,131832,Business,Food Business,240928,175610,NA,NA,NA,NA,Rural,TERM_LOAN
Yes,439306,Business,Poultry,397776,384828,NA,NA,NA,NA,Rural,UNY
Yes,252029,Business,Poultry,207883,69287,NA,NA,NA,NA,Urban,UNY
Yes,189098,Business,Computer Centre,99062,32931,NA,NA,NA,NA,Urban,AMY
Yes,399839,Business,Transport,2727255,636912,NA,NA,NA,NA,Rural,TERM_LOAN
Yes,246741,Business,Computer Centre,120090,65038,NA,NA,NA,NA,Urban,AMY
Yes,165643,Business,Grocery Shop,107984,90691,NA,NA,NA,NA,Rural,MFS
Yes,212311,Business,Repair Shop,252132,52287,NA,NA,NA,NA,Rural,UNY
Yes,67406,Business,Transport,312466,126901,NA,NA,NA,NA,Rural,UNY
Yes,205416,Business,Fisheries,93806,15747,NA,NA,NA,NA,Urban,MFS
Yes,92429,Business,Grocery Shop,4578298,3164810,NA,NA,NA,NA,Rural,TERM_LOAN
No,273466,Business,Transport,237840,49541,NA,NA,NA,NA,Rural,NO_ELIGIBLE_SCHEME
Yes,340537,Business,Repair Shop,119116,69545,NA,NA,NA,NA,Urban,AMY
Yes,197768,Business,Computer Centre,31118,19813,NA,NA,NA,NA,Urban,AMY
Yes,76891,Business,Poultry,5000000,5000000,NA,NA,NA,NA,Rural,NO_ELIGIBLE_SCHEME
Yes,374663,Business,Grocery Shop,357432,136729,NA,NA,NA,NA,Rural,TERM_LOAN
Yes,193088,Business,Grocery Shop,408015,50675,NA,NA,NA,NA,Rural,TERM_LOAN
Yes,313191,Business,Tailoring,357205,272189,NA,NA,NA,NA,Urban,UNY
Yes,213626,Business,Poultry,120901,55134,NA,NA,NA,NA,Rural,MFS
Yes,436263,Business,Tailoring,7935234,6019089,NA,NA,NA,NA,Rural,NO_ELIGIBLE_SCHEME
Yes,469061,Business,Repair Shop,1804339,658316,NA,NA,NA,NA,Urban,TERM_LOAN
Yes,492887,Education,NA,3755032,71302,Postgraduate,Law,Management,Yes,Urban,ELS
Yes,344553,Education,NA,1580295,1580295,Postgraduate,Nursing,Professional,Yes,Urban,ELS
Yes,480781,Business,Food Business,4195292,3609983,NA,NA,NA,NA,Urban,TERM_LOAN
Yes,316795,Business,Repair Shop,123926,48254,NA,NA,NA,NA,Urban,MFS
Yes,253200,Business,Poultry,130015,22559,NA,NA,NA,NA,Urban,AMY
Yes,144393,Education,NA,2884073,318208,Postgraduate,Law,Professional,Yes,Rural,ELS
Yes,445606,Business,Transport,30064,18249,NA,NA,NA,NA,Urban,AMY
Yes,355760,Business,Poultry,3474747,3184668,NA,NA,NA,NA,Urban,TERM_LOAN
Yes,202504,Education,NA,2832384,2665091,Graduate,BCA,Technical,No,Urban,NO_ELIGIBLE_SCHEME
Yes,82397,Business,Tailoring,850957,683028,NA,NA,NA,NA,Rural,TERM_LOAN
Yes,286319,Business,Grocery Shop,7785282,6837135,NA,NA,NA,NA,Urban,NO_ELIGIBLE_SCHEME
Yes,281060,Business,Fisheries,1188935,928230,NA,NA,NA,NA,Rural,TERM_LOAN
Yes,383281,Business,Computer Centre,66434,39714,NA,NA,NA,NA,Rural,MFS
Yes,112405,Business,Computer Centre,123321,48455,NA,NA,NA,NA,Urban,AMY
No,98512,Business,Computer Centre,191326,135800,NA,NA,NA,NA,Urban,NO_ELIGIBLE_SCHEME
Yes,270815,Business,Repair Shop,104455,77470,NA,NA,NA,NA,Rural,MFS
Yes,87730,Business,Computer Centre,104487,81641,NA,NA,NA,NA,Rural,AMY
Yes,368730,Business,Transport,83066,15482,NA,NA,NA,NA,Urban,MFS
Yes,510942,Business,Transport,483000,156158,NA,NA,NA,NA,Urban,NO_ELIGIBLE_SCHEME
Yes,437762,Business,Tailoring,5000000,5000000,NA,NA,NA,NA,Rural,NO_ELIGIBLE_SCHEME
Yes,359351,Education,NA,4068301,2265032,12th,Pharmacy,Management,Yes,Urban,ELS
Yes,364982,Business,Transport,335227,141830,NA,NA,NA,NA,Urban,UNY
Yes,242698,Business,Service Business,113717,48671,NA,NA,NA,NA,Rural,MFS
No,95841,Business,Tailoring,340810,162013,NA,NA,NA,NA,Rural,NO_ELIGIBLE_SCHEME
Yes,376522,Business,Repair Shop,112271,107550,NA,NA,NA,NA,Urban,AMY
No,478364,Business,Fisheries,123572,134436,NA,NA,NA,NA,Rural,NO_ELIGIBLE_SCHEME
No,411841,Business,Poultry,185173,191907,NA,NA,NA,NA,Rural,NO_ELIGIBLE_SCHEME
Yes,308639,Business,Small Manufacturing,5000000,5000000,NA,NA,NA,NA,Urban,NO_ELIGIBLE_SCHEME
Yes,108010,Business,Grocery Shop,304394,50847,NA,NA,NA,NA,Rural,UNY
Yes,168431,Business,Service Business,149485,66096,NA,NA,NA,NA,Urban,UNY
Yes,497070,Business,Grocery Shop,101089,54353,NA,NA,NA,NA,Rural,AMY
Yes,403917,Business,Small Manufacturing,123639,14514,NA,NA,NA,NA,Rural,AMY
Yes,368421,Business,Computer Centre,2319542,962446,NA,NA,NA,NA,Urban,TERM_LOAN
Yes,250302,Business,Food Business,855784,274216,NA,NA,NA,NA,Rural,TERM_LOAN
Yes,312759,Business,Service Business,2871180,598480,NA,NA,NA,NA,Rural,TERM_LOAN
Yes,74510,Business,Tailoring,7759767,6032410,NA,NA,NA,NA,Urban,NO_ELIGIBLE_SCHEME
Yes,76311,Education,NA,3359577,454056,Graduate,MCA,Professional,No,Urban,NO_ELIGIBLE_SCHEME
Yes,118271,Business,Grocery Shop,46429,23752,NA,NA,NA,NA,Urban,MFS
Yes,316171,Business,Grocery Shop,95612,33416,NA,NA,NA,NA,Urban,MFS
Yes,406224,Business,Poultry,79355,65982,NA,NA,NA,NA,Rural,AMY
Yes,476765,Education,NA,581762,581762,Postgraduate,Medical,Technical,Yes,Rural,ELS
Yes,428482,Education,NA,1335557,2675662,Graduate,BTech,Professional,No,Urban,NO_ELIGIBLE_SCHEME
Yes,367527,Business,Transport,976983,597219,NA,NA,NA,NA,Rural,TERM_LOAN
Yes,236919,Business,Small Manufacturing,35346,24467,NA,NA,NA,NA,Urban,MFS
Yes,293559,Business,Tailoring,177462,143116,NA,NA,NA,NA,Rural,UNY
Yes,131371,Business,Food Business,1358631,756370,NA,NA,NA,NA,Urban,TERM_LOAN
Yes,448461,Business,Food Business,101046,15453,NA,NA,NA,NA,Rural,MFS
Yes,431793,Business,Computer Centre,37944,23193,NA,NA,NA,NA,Rural,MFS
Yes,214496,Business,Poultry,98875,59391,NA,NA,NA,NA,Urban,MFS
Yes,257301,Business,Computer Centre,80755,40516,NA,NA,NA,NA,Rural,MFS
Yes,66060,Business,Poultry,7084555,5345211,NA,NA,NA,NA,Rural,NO_ELIGIBLE_SCHEME
Yes,422273,Education,NA,1876026,1876026,Postgraduate,MBA,Management,Yes,Rural,ELS
Yes,391104,Education,NA,2161304,3207316,Postgraduate,MBA,Professional,No,Urban,NO_ELIGIBLE_SCHEME
Yes,204849,Business,Poultry,76913,63707,NA,NA,NA,NA,Rural,MFS
Yes,267104,Business,Food Business,357914,159431,NA,NA,NA,NA,Rural,UNY
Yes,144311,Business,Tailoring,488170,425527,NA,NA,NA,NA,Urban,UNY
Yes,438183,Education,NA,3124871,1304458,Graduate,BCA,Medical,Yes,Rural,ELS
Yes,50284,Business,Tailoring,115597,31939,NA,NA,NA,NA,Urban,MFS
Yes,111700,Education,NA,182970,182970,Graduate,Medical,Technical,Yes,Rural,ELS
Yes,455664,Business,Transport,42697,12288,NA,NA,NA,NA,Urban,AMY
Yes,187205,Business,Service Business,1196049,817489,NA,NA,NA,NA,Rural,TERM_LOAN
Yes,330196,Business,Fisheries,282927,175443,NA,NA,NA,NA,Rural,UNY
Yes,103718,Education,NA,197142,197142,12th,BTech,Medical,Yes,Urban,ELS
Yes,299352,Business,Small Manufacturing,100969,60992,NA,NA,NA,NA,Rural,AMY
Yes,566792,Business,Grocery Shop,338251,352702,NA,NA,NA,NA,Rural,NO_ELIGIBLE_SCHEME
Yes,262913,Business,Repair Shop,1065412,403955,NA,NA,NA,NA,Rural,TERM_LOAN
Yes,411467,Education,NA,2097042,1220536,Graduate,Pharmacy,Professional,Yes,Urban,ELS
Yes,322035,Business,Grocery Shop,3681608,74686,NA,NA,NA,NA,Urban,TERM_LOAN
Yes,88633,Business,Small Manufacturing,427047,55822,NA,NA,NA,NA,Urban,UNY
Yes,319215,Business,Grocery Shop,94884,79791,NA,NA,NA,NA,Rural,AMY
Yes,134586,Business,Repair Shop,84651,33363,NA,NA,NA,NA,Rural,MFS
Yes,116701,Business,Fisheries,64018,42435,NA,NA,NA,NA,Rural,AMY
Yes,132668,Business,Fisheries,229444,214518,NA,NA,NA,NA,Rural,UNY
Yes,350407,Business,Service Business,33018,29229,NA,NA,NA,NA,Urban,AMY
Yes,95995,Business,Transport,418346,361105,NA,NA,NA,NA,Urban,UNY
No,272501,Business,Fisheries,327350,93139,NA,NA,NA,NA,Urban,NO_ELIGIBLE_SCHEME
Yes,99240,Business,Fisheries,4046506,1677094,NA,NA,NA,NA,Urban,TERM_LOAN
Yes,350253,Business,Service Business,1109754,818304,NA,NA,NA,NA,Rural,TERM_LOAN
Yes,88435,Business,Grocery Shop,6751177,6143699,NA,NA,NA,NA,Urban,NO_ELIGIBLE_SCHEME
Yes,401307,Business,Poultry,50220,28905,NA,NA,NA,NA,Rural,MFS
Yes,232613,Business,Fisheries,85514,57876,NA,NA,NA,NA,Urban,MFS
Yes,426060,Business,Tailoring,1049471,855868,NA,NA,NA,NA,Rural,TERM_LOAN
No,397791,Business,Fisheries,241149,150190,NA,NA,NA,NA,Urban,NO_ELIGIBLE_SCHEME
Yes,164692,Business,Tailoring,3836183,2331293,NA,NA,NA,NA,Urban,TERM_LOAN
Yes,62131,Business,Poultry,109117,107996,NA,NA,NA,NA,Rural,AMY
Yes,107327,Business,Grocery Shop,91467,72759,NA,NA,NA,NA,Rural,AMY
Yes,90327,Education,NA,2898026,2754333,12th,BTech,Medical,No,Urban,NO_ELIGIBLE_SCHEME
Yes,320839,Business,Service Business,148747,51755,NA,NA,NA,NA,Urban,UNY
Yes,189300,Business,Poultry,332908,87213,NA,NA,NA,NA,Urban,UNY
Yes,275571,Business,Grocery Shop,141215,97794,NA,NA,NA,NA,Rural,UNY
Yes,269246,Business,Service Business,128471,38541,NA,NA,NA,NA,Urban,AMY
Yes,468312,Business,Computer Centre,3668299,1498902,NA,NA,NA,NA,Rural,TERM_LOAN
No,138748,Business,Transport,343393,134387,NA,NA,NA,NA,Rural,NO_ELIGIBLE_SCHEME
Yes,363956,Education,NA,1798006,1798006,Graduate,BTech,Medical,Yes,Urban,ELS
Yes,319052,Business,Small Manufacturing,246739,33149,NA,NA,NA,NA,Rural,UNY
Yes,404910,Business,Small Manufacturing,4072153,3882357,NA,NA,NA,NA,Rural,TERM_LOAN
Yes,486861,Business,Fisheries,94814,39421,NA,NA,NA,NA,Rural,AMY
Yes,225982,Business,Service Business,105813,84199,NA,NA,NA,NA,Urban,AMY
Yes,408565,Business,Service Business,2705044,1019713,NA,NA,NA,NA,Urban,TERM_LOAN
Yes,57446,Business,Grocery Shop,66073,26839,NA,NA,NA,NA,Rural,MFS
Yes,324051,Business,Small Manufacturing,32170,16630,NA,NA,NA,NA,Urban,MFS
Yes,426614,Business,Computer Centre,676229,165552,NA,NA,NA,NA,Urban,TERM_LOAN
Yes,375940,Business,Food Business,7052848,6421184,NA,NA,NA,NA,Rural,NO_ELIGIBLE_SCHEME
Yes,321634,Business,Poultry,138972,26274,NA,NA,NA,NA,Urban,MFS
Yes,354171,Business,Service Business,995099,904151,NA,NA,NA,NA,Rural,TERM_LOAN
Yes,266955,Business,Transport,31617,19563,NA,NA,NA,NA,Rural,MFS
Yes,427748,Business,Computer Centre,5000000,5000000,NA,NA,NA,NA,Urban,NO_ELIGIBLE_SCHEME
Yes,160746,Business,Repair Shop,54637,12899,NA,NA,NA,NA,Urban,AMY
Yes,632910,Business,Tailoring,331473,63860,NA,NA,NA,NA,Urban,NO_ELIGIBLE_SCHEME
Yes,199156,Business,Small Manufacturing,41818,28009,NA,NA,NA,NA,Urban,MFS
Yes,177717,Business,Service Business,2904630,2823500,NA,NA,NA,NA,Rural,TERM_LOAN
Yes,239116,Business,Tailoring,3549026,2914576,NA,NA,NA,NA,Rural,TERM_LOAN
Yes,246276,Business,Food Business,5000000,5000000,NA,NA,NA,NA,Rural,NO_ELIGIBLE_SCHEME
Yes,108341,Business,Repair Shop,120937,115418,NA,NA,NA,NA,Urban,MFS
Yes,196862,Business,Service Business,51164,14467,NA,NA,NA,NA,Urban,AMY
Yes,422657,Business,Fisheries,7912660,5500690,NA,NA,NA,NA,Urban,NO_ELIGIBLE_SCHEME
Yes,253769,Business,Transport,4677409,107923,NA,NA,NA,NA,Rural,TERM_LOAN
Yes,430217,Business,Transport,7858154,5484091,NA,NA,NA,NA,Urban,NO_ELIGIBLE_SCHEME
Yes,54228,Business,Service Business,3634094,1199090,NA,NA,NA,NA,Urban,TERM_LOAN
Yes,203272,Education,NA,1157660,1157660,Graduate,BCA,Medical,Yes,Urban,ELS
Yes,431245,Business,Poultry,59939,24701,NA,NA,NA,NA,Rural,MFS
Yes,451822,Business,Grocery Shop,477022,71106,NA,NA,NA,NA,Rural,UNY
Yes,330185,Business,Transport,417498,238141,NA,NA,NA,NA,Rural,UNY
Yes,323860,Education,NA,858953,858953,Postgraduate,Medical,Professional,Yes,Rural,ELS
Yes,145212,Business,Fisheries,101197,71623,NA,NA,NA,NA,Urban,MFS
Yes,391567,Business,Computer Centre,470325,79403,NA,NA,NA,NA,Rural,TERM_LOAN
Yes,485338,Education,NA,527306,527306,Graduate,MBA,Medical,Yes,Rural,ELS
Yes,395209,Business,Food Business,3153189,1750301,NA,NA,NA,NA,Rural,TERM_LOAN
Yes,310589,Business,Transport,80123,12256,NA,NA,NA,NA,Urban,AMY
Yes,134531,Education,NA,1106676,346143,Graduate,Pharmacy,Professional,Yes,Urban,ELS
Yes,291299,Business,Small Manufacturing,397337,196915,NA,NA,NA,NA,Urban,UNY
Yes,462847,Business,Small Manufacturing,1147860,429553,NA,NA,NA,NA,Rural,TERM_LOAN
Yes,275385,Business,Service Business,67606,23774,NA,NA,NA,NA,Urban,MFS
Yes,59143,Business,Poultry,101003,90779,NA,NA,NA,NA,Rural,AMY
Yes,187766,Business,Tailoring,370285,275347,NA,NA,NA,NA,Rural,UNY
Yes,173452,Education,NA,3226617,865188,Postgraduate,Nursing,Technical,Yes,Rural,ELS
Yes,450633,Education,NA,2890628,1640668,Graduate,BTech,Medical,No,Urban,NO_ELIGIBLE_SCHEME
Yes,425752,Education,NA,2372434,2372434,Graduate,MCA,Professional,Yes,Urban,ELS
Yes,492503,Education,NA,2991769,2991769,Postgraduate,Medical,Technical,Yes,Urban,ELS
Yes,496795,Business,Transport,54581,17913,NA,NA,NA,NA,Rural,MFS
Yes,451571,Business,Food Business,4235635,1728564,NA,NA,NA,NA,Rural,TERM_LOAN
Yes,455104,Business,Transport,39150,19052,NA,NA,NA,NA,Urban,MFS
Yes,493373,Business,Computer Centre,119746,82790,NA,NA,NA,NA,Rural,AMY
Yes,145588,Business,Grocery Shop,1100540,851935,NA,NA,NA,NA,Rural,TERM_LOAN
Yes,72298,Business,Food Business,470727,181418,NA,NA,NA,NA,Rural,UNY
Yes,494386,Business,Service Business,2495604,1467517,NA,NA,NA,NA,Urban,TERM_LOAN
Yes,175626,Education,NA,2432003,2432003,12th,Nursing,Technical,Yes,Urban,ELS
Yes,52017,Business,Computer Centre,238856,50260,NA,NA,NA,NA,Rural,UNY
Yes,498867,Business,Transport,53002,50039,NA,NA,NA,NA,Urban,MFS
Yes,262033,Business,Transport,288575,168307,NA,NA,NA,NA,Urban,UNY
Yes,372465,Business,Transport,3436312,221559,NA,NA,NA,NA,Urban,TERM_LOAN
Yes,168690,Business,Service Business,431896,365104,NA,NA,NA,NA,Urban,UNY
Yes,400103,Business,Grocery Shop,4381508,720449,NA,NA,NA,NA,Rural,TERM_LOAN
Yes,311777,Business,Small Manufacturing,79786,42208,NA,NA,NA,NA,Urban,MFS
Yes,332265,Business,Food Business,3179717,2479738,NA,NA,NA,NA,Rural,TERM_LOAN
Yes,271846,Business,Fisheries,99163,89507,NA,NA,NA,NA,Rural,MFS
Yes,166436,Business,Transport,401927,386947,NA,NA,NA,NA,Urban,UNY
Yes,339274,Business,Small Manufacturing,80407,38688,NA,NA,NA,NA,Rural,AMY
Yes,308500,Business,Grocery Shop,45644,28167,NA,NA,NA,NA,Urban,MFS
Yes,369547,Business,Service Business,2798050,2674274,NA,NA,NA,NA,Rural,TERM_LOAN
Yes,142365,Business,Repair Shop,137744,68355,NA,NA,NA,NA,Urban,MFS
Yes,61150,Business,Repair Shop,60988,47775,NA,NA,NA,NA,Rural,AMY
Yes,160367,Business,Computer Centre,1084166,412570,NA,NA,NA,NA,Urban,TERM_LOAN
Yes,173308,Business,Computer Centre,122155,21436,NA,NA,NA,NA,Rural,AMY
Yes,442161,Education,NA,2618525,2618525,12th,MCA,Management,Yes,Urban,ELS
Yes,115167,Education,NA,623791,623791,12th,MCA,Technical,Yes,Urban,ELS
Yes,180569,Business,Transport,498769,139880,NA,NA,NA,NA,Rural,UNY
Yes,329355,Business,Computer Centre,49105,32292,NA,NA,NA,NA,Urban,AMY
Yes,97521,Business,Poultry,478753,31664,NA,NA,NA,NA,Rural,UNY
Yes,280383,Business,Small Manufacturing,122749,67377,NA,NA,NA,NA,Rural,MFS
Yes,82208,Business,Repair Shop,2561124,139415,NA,NA,NA,NA,Urban,TERM_LOAN
Yes,320990,Business,Grocery Shop,4219499,3282528,NA,NA,NA,NA,Rural,TERM_LOAN
Yes,193615,Business,Small Manufacturing,79516,24146,NA,NA,NA,NA,Urban,AMY
Yes,247758,Education,NA,1287935,1287935,Graduate,Engineering,Medical,Yes,Urban,ELS
Yes,432031,Business,Grocery Shop,115119,74877,NA,NA,NA,NA,Urban,AMY
Yes,187356,Business,Small Manufacturing,2678432,1028209,NA,NA,NA,NA,Urban,TERM_LOAN
Yes,267785,Business,Tailoring,104041,66561,NA,NA,NA,NA,Urban,AMY
No,417077,Business,Small Manufacturing,307142,117006,NA,NA,NA,NA,Urban,NO_ELIGIBLE_SCHEME
Yes,473848,Business,Small Manufacturing,444887,306246,NA,NA,NA,NA,Rural,UNY
Yes,404943,Business,Tailoring,1377110,1051618,NA,NA,NA,NA,Urban,TERM_LOAN
Yes,459105,Business,Tailoring,207522,136808,NA,NA,NA,NA,Rural,UNY
Yes,170951,Education,NA,4042737,1477976,Graduate,Engineering,Professional,Yes,Rural,ELS
Yes,623372,Business,Repair Shop,222754,43280,NA,NA,NA,NA,Rural,NO_ELIGIBLE_SCHEME
Yes,97922,Business,Grocery Shop,485198,121906,NA,NA,NA,NA,Urban,UNY
Yes,246591,Business,Fisheries,444640,391419,NA,NA,NA,NA,Rural,UNY
Yes,561403,Business,Tailoring,118428,176490,NA,NA,NA,NA,Rural,NO_ELIGIBLE_SCHEME
Yes,437233,Business,Transport,298035,81170,NA,NA,NA,NA,Rural,UNY
Yes,445390,Education,NA,3188349,183075,Postgraduate,Nursing,Technical,Yes,Urban,ELS
Yes,467427,Education,NA,2994577,2308498,Postgraduate,BCA,Technical,No,Urban,NO_ELIGIBLE_SCHEME
Yes,342530,Business,Repair Shop,293504,75903,NA,NA,NA,NA,Rural,UNY
Yes,133200,Education,NA,3426410,3310340,12th,Medical,Professional,Yes,Urban,ELS
Yes,434338,Business,Grocery Shop,111501,45167,NA,NA,NA,NA,Urban,MFS
Yes,119148,Business,Grocery Shop,279671,265188,NA,NA,NA,NA,Urban,UNY
Yes,121162,Business,Tailoring,491666,413424,NA,NA,NA,NA,Rural,UNY
Yes,393325,Business,Repair Shop,99540,10915,NA,NA,NA,NA,Urban,AMY
Yes,56138,Education,NA,4336450,3315271,Graduate,BTech,Management,Yes,Rural,ELS
Yes,146659,Business,Tailoring,87733,54657,NA,NA,NA,NA,Urban,MFS
Yes,223483,Business,Fisheries,1796678,1008181,NA,NA,NA,NA,Rural,TERM_LOAN
Yes,55540,Business,Service Business,76860,62822,NA,NA,NA,NA,Urban,AMY
Yes,149994,Education,NA,4389005,2468260,Graduate,Medical,Professional,Yes,Rural,ELS
Yes,110404,Business,Transport,3321971,2287968,NA,NA,NA,NA,Rural,TERM_LOAN
Yes,410302,Business,Tailoring,5000000,5000000,NA,NA,NA,NA,Urban,NO_ELIGIBLE_SCHEME
Yes,340728,Business,Poultry,138966,88470,NA,NA,NA,NA,Rural,MFS
Yes,453018,Education,NA,3577945,575318,12th,Medical,Medical,Yes,Rural,ELS
Yes,294844,Business,Small Manufacturing,7151561,6073724,NA,NA,NA,NA,Urban,NO_ELIGIBLE_SCHEME
Yes,91199,Business,Tailoring,302623,134982,NA,NA,NA,NA,Rural,TERM_LOAN
Yes,467022,Education,NA,197844,166033,Postgraduate,Medical,Technical,Yes,Urban,ELS
Yes,289720,Business,Fisheries,81543,76249,NA,NA,NA,NA,Rural,MFS
Yes,360635,Business,Transport,338653,110241,NA,NA,NA,NA,Rural,UNY
Yes,293139,Business,Poultry,110434,47555,NA,NA,NA,NA,Rural,MFS
Yes,428466,Education,NA,2963799,2325348,12th,MBA,Professional,Yes,Urban,ELS
Yes,361419,Business,Grocery Shop,57361,50181,NA,NA,NA,NA,Rural,AMY
Yes,124881,Education,NA,4004262,2127569,Graduate,Nursing,Technical,Yes,Rural,ELS
Yes,171988,Business,Computer Centre,46492,41971,NA,NA,NA,NA,Urban,MFS
Yes,285874,Business,Small Manufacturing,6110307,5787357,NA,NA,NA,NA,Urban,NO_ELIGIBLE_SCHEME
Yes,200417,Business,Tailoring,6756271,5303055,NA,NA,NA,NA,Rural,NO_ELIGIBLE_SCHEME
Yes,621951,Business,Tailoring,312957,366472,NA,NA,NA,NA,Rural,NO_ELIGIBLE_SCHEME
Yes,446075,Business,Food Business,2736625,1325935,NA,NA,NA,NA,Rural,TERM_LOAN
No,238120,Business,Fisheries,143882,200296,NA,NA,NA,NA,Urban,NO_ELIGIBLE_SCHEME
Yes,432526,Education,NA,3403081,1637315,12th,BCA,Professional,Yes,Urban,ELS
Yes,171194,Business,Food Business,63540,52227,NA,NA,NA,NA,Urban,MFS
Yes,467664,Business,Computer Centre,417368,240441,NA,NA,NA,NA,Rural,UNY
Yes,387280,Business,Grocery Shop,218479,207747,NA,NA,NA,NA,Urban,UNY
Yes,306180,Business,Repair Shop,61569,35994,NA,NA,NA,NA,Rural,AMY
Yes,294607,Business,Transport,76424,66055,NA,NA,NA,NA,Urban,AMY
Yes,89028,Business,Fisheries,120380,65550,NA,NA,NA,NA,Rural,MFS
Yes,497907,Education,NA,2482689,2482689,Postgraduate,Pharmacy,Professional,Yes,Urban,ELS
Yes,463956,Business,Transport,135976,57381,NA,NA,NA,NA,Urban,AMY
Yes,386720,Business,Transport,41097,14496,NA,NA,NA,NA,Urban,MFS
Yes,416624,Business,Computer Centre,7295185,6214144,NA,NA,NA,NA,Rural,NO_ELIGIBLE_SCHEME
Yes,392204,Business,Transport,145393,83368,NA,NA,NA,NA,Rural,UNY
Yes,310755,Business,Repair Shop,473885,393489,NA,NA,NA,NA,Urban,UNY
Yes,193367,Business,Service Business,95847,26182,NA,NA,NA,NA,Urban,AMY
No,441148,Business,Poultry,393070,201618,NA,NA,NA,NA,Urban,NO_ELIGIBLE_SCHEME
Yes,493104,Business,Small Manufacturing,135804,66244,NA,NA,NA,NA,Rural,MFS
Yes,53502,Education,NA,968530,670672,Postgraduate,Law,Management,Yes,Rural,ELS
Yes,763540,Business,Small Manufacturing,80069,81910,NA,NA,NA,NA,Rural,NO_ELIGIBLE_SCHEME
Yes,289802,Business,Service Business,131206,69048,NA,NA,NA,NA,Rural,MFS
Yes,101583,Business,Repair Shop,7620244,5123567,NA,NA,NA,NA,Rural,NO_ELIGIBLE_SCHEME
Yes,339912,Business,Repair Shop,377827,112138,NA,NA,NA,NA,Urban,UNY
Yes,113662,Business,Tailoring,87424,73532,NA,NA,NA,NA,Rural,MFS
Yes,199606,Business,Poultry,101012,32040,NA,NA,NA,NA,Rural,MFS
Yes,495042,Business,Transport,6745089,5918816,NA,NA,NA,NA,Urban,NO_ELIGIBLE_SCHEME
Yes,153454,Business,Food Business,126650,90492,NA,NA,NA,NA,Urban,MFS
Yes,485396,Education,NA,1445222,2725756,Postgraduate,MBA,Management,No,Urban,NO_ELIGIBLE_SCHEME
Yes,469312,Education,NA,830046,830046,Graduate,Pharmacy,Management,Yes,Rural,ELS
No,234102,Business,Grocery Shop,375574,339774,NA,NA,NA,NA,Urban,NO_ELIGIBLE_SCHEME
Yes,163639,Education,NA,4113027,2385436,12th,Engineering,Professional,Yes,Urban,ELS
Yes,212431,Business,Small Manufacturing,34501,20579,NA,NA,NA,NA,Urban,AMY
Yes,259843,Business,Food Business,4560659,3398161,NA,NA,NA,NA,Rural,TERM_LOAN
Yes,188259,Business,Service Business,181747,95419,NA,NA,NA,NA,Urban,TERM_LOAN
Yes,328537,Business,Transport,76824,14798,NA,NA,NA,NA,Rural,AMY
Yes,259312,Business,Tailoring,5000000,5000000,NA,NA,NA,NA,Urban,NO_ELIGIBLE_SCHEME
Yes,352770,Business,Transport,131459,45305,NA,NA,NA,NA,Rural,AMY
Yes,163678,Education,NA,1085426,579283,Postgraduate,Pharmacy,Management,Yes,Urban,ELS
Yes,129951,Business,Small Manufacturing,62472,50475,NA,NA,NA,NA,Rural,AMY
Yes,96812,Business,Service Business,124082,55123,NA,NA,NA,NA,Rural,MFS
Yes,439448,Business,Fisheries,135465,23989,NA,NA,NA,NA,Rural,AMY
Yes,174329,Business,Repair Shop,101901,44452,NA,NA,NA,NA,Urban,MFS
Yes,376962,Education,NA,555897,138536,Postgraduate,BCA,Medical,Yes,Urban,ELS
Yes,260391,Business,Repair Shop,4338344,2875001,NA,NA,NA,NA,Rural,TERM_LOAN
Yes,160384,Business,Small Manufacturing,4648090,4367100,NA,NA,NA,NA,Urban,TERM_LOAN
Yes,493441,Business,Small Manufacturing,4838942,2977590,NA,NA,NA,NA,Urban,TERM_LOAN
Yes,299983,Business,Service Business,88600,58473,NA,NA,NA,NA,Rural,AMY
Yes,448711,Business,Fisheries,126005,81638,NA,NA,NA,NA,Rural,MFS
Yes,189869,Business,Food Business,7066977,6658178,NA,NA,NA,NA,Urban,NO_ELIGIBLE_SCHEME
Yes,169317,Education,NA,2287598,2287598,Postgraduate,MCA,Technical,Yes,Rural,ELS
Yes,212569,Business,Small Manufacturing,71365,71169,NA,NA,NA,NA,Urban,MFS
Yes,362550,Business,Computer Centre,3967011,1891437,NA,NA,NA,NA,Urban,TERM_LOAN
Yes,60381,Education,NA,2306732,2757807,12th,BTech,Management,No,Rural,NO_ELIGIBLE_SCHEME
Yes,486917,Business,Computer Centre,95570,83233,NA,NA,NA,NA,Rural,MFS
Yes,253517,Business,Small Manufacturing,121374,84062,NA,NA,NA,NA,Rural,AMY
Yes,426877,Business,Fisheries,968086,816307,NA,NA,NA,NA,Rural,TERM_LOAN
No,407553,Business,Small Manufacturing,269401,327457,NA,NA,NA,NA,Urban,NO_ELIGIBLE_SCHEME
Yes,228503,Business,Poultry,499675,322314,NA,NA,NA,NA,Rural,UNY
Yes,375641,Business,Fisheries,276253,269093,NA,NA,NA,NA,Urban,TERM_LOAN
Yes,254098,Business,Grocery Shop,454779,229825,NA,NA,NA,NA,Rural,UNY
Yes,335403,Business,Service Business,1507636,644382,NA,NA,NA,NA,Urban,TERM_LOAN
No,255985,Business,Grocery Shop,389296,241176,NA,NA,NA,NA,Urban,NO_ELIGIBLE_SCHEME
Yes,355663,Business,Service Business,7589034,6217163,NA,NA,NA,NA,Urban,NO_ELIGIBLE_SCHEME
Yes,353212,Business,Repair Shop,83021,63941,NA,NA,NA,NA,Urban,AMY
Yes,346900,Business,Fisheries,5000000,5000000,NA,NA,NA,NA,Urban,NO_ELIGIBLE_SCHEME
Yes,282980,Education,NA,4421922,1958836,Graduate,MCA,Management,Yes,Urban,ELS
Yes,453878,Business,Fisheries,100244,56961,NA,NA,NA,NA,Urban,MFS
Yes,463540,Business,Tailoring,638242,111015,NA,NA,NA,NA,Rural,TERM_LOAN
Yes,440042,Business,Poultry,1685062,554130,NA,NA,NA,NA,Urban,TERM_LOAN
Yes,376517,Business,Grocery Shop,5000000,5000000,NA,NA,NA,NA,Urban,NO_ELIGIBLE_SCHEME
No,377970,Business,Small Manufacturing,133677,68246,NA,NA,NA,NA,Urban,NO_ELIGIBLE_SCHEME
Yes,423832,Education,NA,399932,399932,Graduate,MCA,Technical,Yes,Rural,ELS
Yes,268880,Education,NA,2142242,2142242,Graduate,Medical,Technical,Yes,Urban,ELS
Yes,382803,Business,Service Business,107059,65150,NA,NA,NA,NA,Urban,AMY
Yes,453073,Business,Computer Centre,383626,31233,NA,NA,NA,NA,Rural,UNY
Yes,208911,Business,Food Business,3065864,2449471,NA,NA,NA,NA,Urban,TERM_LOAN
Yes,531043,Business,Computer Centre,434024,20560,NA,NA,NA,NA,Urban,NO_ELIGIBLE_SCHEME
Yes,406060,Business,Computer Centre,135176,72347,NA,NA,NA,NA,Rural,MFS
Yes,345324,Business,Transport,70372,37872,NA,NA,NA,NA,Urban,AMY
Yes,244933,Education,NA,380279,380279,Postgraduate,BTech,Technical,Yes,Rural,ELS
Yes,403268,Business,Grocery Shop,78281,53416,NA,NA,NA,NA,Urban,MFS
Yes,182547,Business,Small Manufacturing,46044,35668,NA,NA,NA,NA,Rural,AMY
Yes,110733,Business,Computer Centre,6983815,6745193,NA,NA,NA,NA,Urban,NO_ELIGIBLE_SCHEME
Yes,194067,Business,Poultry,58207,38635,NA,NA,NA,NA,Urban,AMY
Yes,113242,Business,Service Business,5000000,5000000,NA,NA,NA,NA,Urban,NO_ELIGIBLE_SCHEME
Yes,137700,Business,Food Business,298493,222619,NA,NA,NA,NA,Rural,UNY
Yes,131520,Business,Tailoring,210921,198666,NA,NA,NA,NA,Urban,UNY
No,275474,Business,Food Business,387586,144202,NA,NA,NA,NA,Urban,NO_ELIGIBLE_SCHEME
Yes,84506,Business,Transport,219556,207655,NA,NA,NA,NA,Urban,TERM_LOAN
Yes,137450,Business,Computer Centre,1391998,1293613,NA,NA,NA,NA,Rural,TERM_LOAN
Yes,498388,Business,Fisheries,132193,25187,NA,NA,NA,NA,Urban,AMY
Yes,213101,Business,Transport,49758,28675,NA,NA,NA,NA,Urban,AMY
Yes,470662,Business,Food Business,42178,36635,NA,NA,NA,NA,Rural,MFS
Yes,493905,Business,Fisheries,382806,372376,NA,NA,NA,NA,Rural,UNY
Yes,120540,Business,Grocery Shop,68382,40855,NA,NA,NA,NA,Urban,MFS
Yes,797019,Business,Computer Centre,470062,146478,NA,NA,NA,NA,Rural,NO_ELIGIBLE_SCHEME
Yes,237749,Business,Grocery Shop,214107,34615,NA,NA,NA,NA,Urban,UNY
Yes,93100,Business,Transport,232846,161639,NA,NA,NA,NA,Urban,UNY
Yes,178046,Business,Fisheries,37398,31667,NA,NA,NA,NA,Rural,MFS
Yes,241292,Business,Poultry,34373,28991,NA,NA,NA,NA,Rural,MFS
Yes,459065,Business,Service Business,262923,109223,NA,NA,NA,NA,Rural,UNY
Yes,406972,Business,Small Manufacturing,84959,62691,NA,NA,NA,NA,Urban,MFS
Yes,288201,Business,Fisheries,7340451,5921969,NA,NA,NA,NA,Rural,NO_ELIGIBLE_SCHEME
Yes,261567,Business,Food Business,365442,350218,NA,NA,NA,NA,Urban,UNY
Yes,84560,Business,Poultry,145101,47042,NA,NA,NA,NA,Rural,UNY
Yes,175101,Education,NA,3493208,1307704,Postgraduate,BCA,Management,Yes,Urban,ELS
Yes,499640,Business,Food Business,360532,240121,NA,NA,NA,NA,Urban,UNY
Yes,396177,Business,Service Business,7198106,6101327,NA,NA,NA,NA,Urban,NO_ELIGIBLE_SCHEME
Yes,338752,Business,Computer Centre,1201695,406967,NA,NA,NA,NA,Urban,TERM_LOAN
Yes,391273,Education,NA,2159121,1817937,12th,Engineering,Technical,Yes,Rural,ELS
Yes,229666,Education,NA,2687255,1086152,Graduate,Nursing,Management,No,Rural,NO_ELIGIBLE_SCHEME
Yes,146780,Business,Fisheries,70308,15267,NA,NA,NA,NA,Rural,AMY
Yes,466414,Business,Fisheries,450367,191193,NA,NA,NA,NA,Rural,UNY
No,164078,Business,Computer Centre,390885,243603,NA,NA,NA,NA,Rural,NO_ELIGIBLE_SCHEME
Yes,454808,Education,NA,2138374,2138374,Postgraduate,BCA,Professional,Yes,Rural,ELS
Yes,208090,Business,Service Business,7044016,5779023,NA,NA,NA,NA,Urban,NO_ELIGIBLE_SCHEME
Yes,187616,Business,Service Business,3918987,703787,NA,NA,NA,NA,Rural,TERM_LOAN
Yes,467369,Business,Transport,33104,29240,NA,NA,NA,NA,Urban,AMY
Yes,340512,Education,NA,237961,237961,Graduate,MCA,Professional,Yes,Urban,ELS
Yes,412365,Education,NA,1078874,1078874,12th,MBA,Technical,Yes,Rural,ELS
Yes,448780,Business,Grocery Shop,3862553,1405727,NA,NA,NA,NA,Rural,TERM_LOAN
No,396341,Business,Poultry,274092,47826,NA,NA,NA,NA,Urban,NO_ELIGIBLE_SCHEME
Yes,405854,Education,NA,4091767,3648374,Postgraduate,MBA,Technical,Yes,Rural,ELS
Yes,520845,Business,Computer Centre,289473,205171,NA,NA,NA,NA,Urban,NO_ELIGIBLE_SCHEME
Yes,384924,Education,NA,1834227,1834227,Graduate,Law,Management,Yes,Rural,ELS
Yes,109443,Business,Poultry,98572,54017,NA,NA,NA,NA,Urban,AMY
Yes,157040,Education,NA,475836,475836,Graduate,Law,Professional,Yes,Rural,ELS
Yes,216538,Education,NA,4112407,192469,Graduate,Nursing,Medical,Yes,Urban,ELS
Yes,634908,Business,Tailoring,292849,372667,NA,NA,NA,NA,Urban,NO_ELIGIBLE_SCHEME
Yes,362724,Business,Repair Shop,2297308,1462712,NA,NA,NA,NA,Rural,TERM_LOAN
Yes,273643,Business,Repair Shop,493591,133197,NA,NA,NA,NA,Rural,UNY
Yes,160489,Business,Computer Centre,5000000,5000000,NA,NA,NA,NA,Rural,NO_ELIGIBLE_SCHEME
Yes,371974,Business,Service Business,192729,129549,NA,NA,NA,NA,Urban,UNY
Yes,360147,Education,NA,4228493,2068486,Postgraduate,Medical,Management,Yes,Rural,ELS
Yes,207648,Business,Food Business,440241,25416,NA,NA,NA,NA,Rural,UNY
Yes,76715,Business,Transport,41919,38323,NA,NA,NA,NA,Urban,AMY
Yes,251716,Business,Grocery Shop,59607,54853,NA,NA,NA,NA,Urban,AMY
Yes,208715,Education,NA,4345380,2762045,Postgraduate,BCA,Technical,Yes,Urban,ELS
Yes,430892,Business,Computer Centre,55245,54017,NA,NA,NA,NA,Urban,AMY
Yes,214478,Business,Poultry,42335,24903,NA,NA,NA,NA,Urban,AMY
Yes,132129,Education,NA,2619273,2081822,Graduate,Pharmacy,Medical,Yes,Urban,ELS
Yes,307474,Business,Grocery Shop,3435841,1018415,NA,NA,NA,NA,Rural,TERM_LOAN
Yes,456171,Business,Tailoring,244708,142641,NA,NA,NA,NA,Rural,UNY
Yes,409611,Education,NA,552287,552287,Graduate,Law,Professional,Yes,Rural,ELS
Yes,311638,Business,Computer Centre,3982077,818235,NA,NA,NA,NA,Rural,TERM_LOAN
Yes,419528,Business,Poultry,121353,62178,NA,NA,NA,NA,Urban,AMY
Yes,68452,Business,Service Business,59428,51175,NA,NA,NA,NA,Rural,AMY
Yes,226974,Education,NA,1198451,1923473,Graduate,MCA,Medical,No,Urban,NO_ELIGIBLE_SCHEME
Yes,320474,Business,Computer Centre,2621800,1608483,NA,NA,NA,NA,Rural,TERM_LOAN
Yes,249429,Business,Service Business,375742,39042,NA,NA,NA,NA,Rural,UNY
Yes,243095,Business,Grocery Shop,217260,51459,NA,NA,NA,NA,Urban,UNY
Yes,149683,Business,Service Business,58705,51721,NA,NA,NA,NA,Urban,MFS
Yes,57347,Business,Poultry,237858,44707,NA,NA,NA,NA,Rural,UNY
Yes,357063,Business,Fisheries,103825,96918,NA,NA,NA,NA,Rural,MFS
Yes,273862,Business,Computer Centre,66226,60420,NA,NA,NA,NA,Urban,MFS
Yes,297809,Education,NA,3817714,1036623,Graduate,MBA,Medical,No,Urban,NO_ELIGIBLE_SCHEME
Yes,740902,Business,Tailoring,111618,138923,NA,NA,NA,NA,Urban,NO_ELIGIBLE_SCHEME
Yes,211338,Business,Transport,386328,222798,NA,NA,NA,NA,Urban,UNY
Yes,53680,Education,NA,1174183,3394789,12th,Law,Management,No,Urban,NO_ELIGIBLE_SCHEME
Yes,429744,Business,Small Manufacturing,54662,48507,NA,NA,NA,NA,Rural,MFS
Yes,64720,Business,Poultry,4303788,3087688,NA,NA,NA,NA,Rural,TERM_LOAN
Yes,284172,Education,NA,2970745,2087964,12th,MBA,Professional,No,Rural,NO_ELIGIBLE_SCHEME
Yes,357195,Business,Poultry,125155,106948,NA,NA,NA,NA,Rural,AMY
Yes,376999,Education,NA,3941205,2931646,12th,Law,Medical,Yes,Rural,ELS
Yes,363058,Education,NA,3538214,1737315,Graduate,Engineering,Technical,Yes,Urban,ELS
Yes,358124,Education,NA,2936057,70493,Graduate,Pharmacy,Management,Yes,Rural,ELS
Yes,487217,Education,NA,3281168,585664,Postgraduate,BTech,Management,No,Urban,NO_ELIGIBLE_SCHEME
Yes,480255,Education,NA,3285446,3285446,12th,MCA,Technical,Yes,Urban,ELS
Yes,284224,Business,Service Business,4352299,913715,NA,NA,NA,NA,Urban,TERM_LOAN
Yes,412496,Business,Repair Shop,453642,400783,NA,NA,NA,NA,Urban,UNY
Yes,331561,Business,Transport,84516,81182,NA,NA,NA,NA,Rural,MFS
Yes,423695,Business,Fisheries,3339327,2559337,NA,NA,NA,NA,Rural,TERM_LOAN
Yes,305096,Business,Grocery Shop,3187449,1236970,NA,NA,NA,NA,Urban,TERM_LOAN
No,248294,Business,Food Business,436617,240473,NA,NA,NA,NA,Urban,NO_ELIGIBLE_SCHEME
Yes,485198,Education,NA,3261899,863113,Graduate,Medical,Medical,Yes,Urban,ELS
Yes,420181,Business,Small Manufacturing,275103,181956,NA,NA,NA,NA,Urban,UNY
Yes,348148,Business,Tailoring,47779,44359,NA,NA,NA,NA,Rural,MFS
Yes,456565,Business,Service Business,383057,341837,NA,NA,NA,NA,Urban,UNY
Yes,447400,Business,Small Manufacturing,2718985,1738253,NA,NA,NA,NA,Rural,TERM_LOAN
Yes,444528,Business,Fisheries,122940,74431,NA,NA,NA,NA,Urban,AMY
Yes,149690,Business,Service Business,57834,20978,NA,NA,NA,NA,Urban,AMY
Yes,440261,Business,Grocery Shop,77109,37041,NA,NA,NA,NA,Rural,AMY
Yes,170463,Business,Fisheries,99226,15577,NA,NA,NA,NA,Urban,MFS
Yes,347952,Education,NA,173057,173057,Postgraduate,BTech,Medical,Yes,Rural,ELS
Yes,154133,Business,Grocery Shop,82162,19952,NA,NA,NA,NA,Rural,AMY
Yes,453373,Business,Tailoring,132876,56562,NA,NA,NA,NA,Urban,MFS
Yes,190616,Business,Small Manufacturing,199780,100746,NA,NA,NA,NA,Urban,UNY
Yes,367459,Business,Grocery Shop,121498,99270,NA,NA,NA,NA,Urban,AMY
Yes,246068,Business,Food Business,148622,42005,NA,NA,NA,NA,Urban,UNY
Yes,209297,Business,Grocery Shop,49555,46886,NA,NA,NA,NA,Rural,MFS
Yes,148995,Business,Food Business,4854171,2331786,NA,NA,NA,NA,Urban,TERM_LOAN
Yes,138054,Education,NA,3435640,618300,Graduate,Nursing,Medical,Yes,Rural,ELS
Yes,177122,Business,Small Manufacturing,2255181,1662306,NA,NA,NA,NA,Urban,TERM_LOAN
Yes,424200,Business,Fisheries,4398059,4247606,NA,NA,NA,NA,Urban,TERM_LOAN
Yes,295016,Business,Fisheries,51305,34988,NA,NA,NA,NA,Rural,AMY
Yes,332789,Business,Small Manufacturing,79009,31174,NA,NA,NA,NA,Rural,MFS
Yes,97799,Business,Poultry,4673154,3911037,NA,NA,NA,NA,Rural,TERM_LOAN
Yes,396974,Business,Food Business,81936,38207,NA,NA,NA,NA,Urban,AMY
Yes,252099,Education,NA,2147698,2094659,Graduate,MCA,Management,Yes,Rural,ELS
Yes,424112,Business,Fisheries,45533,24711,NA,NA,NA,NA,Rural,MFS
Yes,454485,Business,Repair Shop,301299,164779,NA,NA,NA,NA,Rural,UNY
Yes,498168,Business,Tailoring,160558,131600,NA,NA,NA,NA,Rural,UNY
Yes,178922,Business,Tailoring,1964590,1218287,NA,NA,NA,NA,Urban,TERM_LOAN
Yes,79178,Business,Small Manufacturing,3645625,226679,NA,NA,NA,NA,Rural,TERM_LOAN
Yes,250278,Business,Poultry,813364,322808,NA,NA,NA,NA,Rural,TERM_LOAN
Yes,283918,Business,Grocery Shop,92423,38152,NA,NA,NA,NA,Urban,MFS
Yes,59148,Business,Transport,3575803,1081930,NA,NA,NA,NA,Rural,TERM_LOAN
Yes,215438,Education,NA,1307741,895362,Postgraduate,Law,Professional,Yes,Urban,ELS
Yes,332240,Business,Fisheries,1254338,1169834,NA,NA,NA,NA,Urban,TERM_LOAN
Yes,491865,Business,Service Business,2862921,2801694,NA,NA,NA,NA,Urban,TERM_LOAN
Yes,262429,Education,NA,2239670,2239670,12th,Nursing,Management,Yes,Rural,ELS
Yes,194153,Business,Food Business,34394,31208,NA,NA,NA,NA,Urban,AMY
Yes,362704,Education,NA,282730,185021,Postgraduate,Law,Technical,Yes,Urban,ELS
Yes,91843,Business,Repair Shop,113418,31774,NA,NA,NA,NA,Rural,AMY
Yes,78088,Business,Poultry,1962010,115664,NA,NA,NA,NA,Rural,TERM_LOAN
Yes,320356,Business,Fisheries,95332,42638,NA,NA,NA,NA,Urban,AMY
Yes,279659,Business,Poultry,445576,219359,NA,NA,NA,NA,Urban,UNY
Yes,52471,Business,Food Business,113165,17603,NA,NA,NA,NA,Urban,MFS
Yes,480240,Education,NA,2073543,346858,12th,Engineering,Management,Yes,Urban,ELS
Yes,68489,Business,Transport,3816974,3194489,NA,NA,NA,NA,Urban,TERM_LOAN
Yes,386833,Business,Repair Shop,7089180,5744017,NA,NA,NA,NA,Rural,NO_ELIGIBLE_SCHEME
Yes,438840,Education,NA,3158203,871230,Graduate,MCA,Technical,Yes,Urban,ELS
Yes,392151,Education,NA,3243781,3243781,Graduate,Engineering,Technical,Yes,Rural,ELS
Yes,217281,Business,Food Business,125308,120064,NA,NA,NA,NA,Urban,AMY
Yes,130785,Business,Food Business,421450,256056,NA,NA,NA,NA,Rural,UNY
Yes,386731,Business,Service Business,88414,41502,NA,NA,NA,NA,Rural,MFS
Yes,465092,Business,Food Business,2659764,2462164,NA,NA,NA,NA,Urban,TERM_LOAN
Yes,426753,Business,Small Manufacturing,192872,66143,NA,NA,NA,NA,Rural,UNY
Yes,212178,Business,Transport,242230,107539,NA,NA,NA,NA,Urban,UNY
Yes,174734,Business,Tailoring,94572,81770,NA,NA,NA,NA,Urban,AMY
Yes,466990,Business,Fisheries,70001,63774,NA,NA,NA,NA,Rural,MFS
Yes,97904,Business,Transport,280466,70712,NA,NA,NA,NA,Urban,UNY
Yes,289868,Business,Fisheries,7606725,5132687,NA,NA,NA,NA,Rural,NO_ELIGIBLE_SCHEME
Yes,288797,Business,Poultry,64253,49677,NA,NA,NA,NA,Urban,AMY
Yes,53047,Business,Transport,1298382,710396,NA,NA,NA,NA,Rural,TERM_LOAN
Yes,247954,Education,NA,3513632,2297479,Graduate,MCA,Technical,Yes,Rural,ELS
Yes,148928,Education,NA,3348733,3348733,12th,Law,Medical,Yes,Rural,ELS
Yes,69764,Business,Grocery Shop,4280817,1866218,NA,NA,NA,NA,Urban,TERM_LOAN
Yes,287489,Business,Small Manufacturing,116623,29558,NA,NA,NA,NA,Urban,MFS
Yes,129718,Business,Small Manufacturing,128448,103858,NA,NA,NA,NA,Urban,AMY
Yes,316828,Business,Grocery Shop,6782501,5712133,NA,NA,NA,NA,Urban,NO_ELIGIBLE_SCHEME
Yes,420967,Business,Service Business,30911,21046,NA,NA,NA,NA,Urban,AMY
Yes,421205,Business,Fisheries,2211418,496872,NA,NA,NA,NA,Urban,TERM_LOAN
Yes,52269,Business,Grocery Shop,52514,45201,NA,NA,NA,NA,Rural,MFS
Yes,158151,Business,Grocery Shop,4311155,1158444,NA,NA,NA,NA,Rural,TERM_LOAN
Yes,163741,Education,NA,3815027,85182,12th,Engineering,Medical,Yes,Rural,ELS
Yes,389472,Business,Poultry,6876925,6716413,NA,NA,NA,NA,Urban,NO_ELIGIBLE_SCHEME
Yes,484486,Business,Food Business,3664884,3189087,NA,NA,NA,NA,Urban,TERM_LOAN
Yes,56812,Business,Service Business,63260,42951,NA,NA,NA,NA,Urban,AMY
Yes,83026,Business,Small Manufacturing,94124,60956,NA,NA,NA,NA,Urban,MFS
Yes,394925,Business,Service Business,2819950,1495778,NA,NA,NA,NA,Urban,TERM_LOAN
Yes,384758,Business,Small Manufacturing,2594807,1584054,NA,NA,NA,NA,Rural,TERM_LOAN
Yes,267530,Business,Grocery Shop,240503,79424,NA,NA,NA,NA,Urban,TERM_LOAN
Yes,427623,Education,NA,2708704,2708704,12th,MBA,Management,Yes,Rural,ELS
Yes,278164,Business,Small Manufacturing,83219,60012,NA,NA,NA,NA,Rural,MFS
Yes,408810,Business,Service Business,2864519,441490,NA,NA,NA,NA,Rural,TERM_LOAN
Yes,183472,Business,Transport,3506590,1131271,NA,NA,NA,NA,Rural,TERM_LOAN
Yes,336369,Education,NA,3900599,2448597,12th,Pharmacy,Technical,Yes,Urban,ELS
Yes,270896,Business,Repair Shop,3157258,2498556,NA,NA,NA,NA,Urban,TERM_LOAN
Yes,296774,Business,Repair Shop,83495,59114,NA,NA,NA,NA,Rural,AMY
Yes,98572,Business,Service Business,6059256,6922585,NA,NA,NA,NA,Rural,NO_ELIGIBLE_SCHEME
Yes,470777,Education,NA,3104052,709754,Graduate,Law,Professional,Yes,Rural,ELS
Yes,498461,Business,Tailoring,7423657,6775201,NA,NA,NA,NA,Urban,NO_ELIGIBLE_SCHEME
Yes,177657,Business,Computer Centre,3276378,3258024,NA,NA,NA,NA,Rural,TERM_LOAN
Yes,234311,Business,Food Business,120408,68183,NA,NA,NA,NA,Rural,MFS
Yes,144328,Business,Computer Centre,118829,100476,NA,NA,NA,NA,Rural,MFS
Yes,369731,Business,Transport,292324,221493,NA,NA,NA,NA,Urban,TERM_LOAN
Yes,618595,Business,Fisheries,484616,192346,NA,NA,NA,NA,Urban,NO_ELIGIBLE_SCHEME
Yes,662202,Business,Tailoring,406015,267112,NA,NA,NA,NA,Rural,NO_ELIGIBLE_SCHEME
Yes,240315,Business,Food Business,132796,28993,NA,NA,NA,NA,Urban,MFS
Yes,478343,Business,Transport,274441,43006,NA,NA,NA,NA,Rural,UNY
Yes,262982,Business,Service Business,427967,102197,NA,NA,NA,NA,Urban,UNY
Yes,402174,Business,Grocery Shop,4609652,787785,NA,NA,NA,NA,Rural,TERM_LOAN
Yes,317731,Business,Computer Centre,3048472,2661301,NA,NA,NA,NA,Urban,TERM_LOAN
Yes,370765,Education,NA,3603966,832041,Graduate,Law,Management,Yes,Rural,ELS
Yes,222038,Business,Tailoring,4085365,1748095,NA,NA,NA,NA,Urban,TERM_LOAN
Yes,217584,Business,Computer Centre,74951,32321,NA,NA,NA,NA,Urban,AMY
Yes,126856,Business,Repair Shop,5000000,5000000,NA,NA,NA,NA,Urban,NO_ELIGIBLE_SCHEME
Yes,280151,Business,Small Manufacturing,93016,22879,NA,NA,NA,NA,Urban,AMY
Yes,283818,Business,Computer Centre,82642,38883,NA,NA,NA,NA,Rural,MFS
No,51124,Business,Tailoring,130695,225861,NA,NA,NA,NA,Urban,NO_ELIGIBLE_SCHEME
Yes,369609,Business,Poultry,61722,40114,NA,NA,NA,NA,Rural,AMY
Yes,79442,Business,Repair Shop,2303549,745262,NA,NA,NA,NA,Rural,TERM_LOAN
Yes,400827,Business,Grocery Shop,80885,70591,NA,NA,NA,NA,Urban,AMY
Yes,72493,Education,NA,2904450,1830340,12th,MBA,Professional,No,Urban,NO_ELIGIBLE_SCHEME
Yes,296292,Business,Poultry,49623,21955,NA,NA,NA,NA,Urban,AMY
Yes,373437,Business,Transport,412530,300142,NA,NA,NA,NA,Urban,UNY
Yes,215787,Business,Service Business,129958,73790,NA,NA,NA,NA,Rural,AMY
Yes,301514,Education,NA,4455192,910259,Postgraduate,Medical,Medical,Yes,Rural,ELS
Yes,171075,Business,Service Business,5000000,5000000,NA,NA,NA,NA,Urban,NO_ELIGIBLE_SCHEME
Yes,96579,Education,NA,2827996,2558361,12th,BTech,Medical,Yes,Rural,ELS
Yes,84412,Education,NA,3414324,58154,12th,BTech,Management,Yes,Urban,ELS
Yes,99186,Business,Computer Centre,2810422,1030436,NA,NA,NA,NA,Urban,TERM_LOAN
Yes,280095,Business,Tailoring,116246,104526,NA,NA,NA,NA,Urban,AMY
Yes,149037,Business,Fisheries,361921,348405,NA,NA,NA,NA,Rural,UNY
Yes,219671,Education,NA,2453595,2453595,Graduate,MBA,Technical,Yes,Urban,ELS
Yes,186434,Business,Service Business,66592,30691,NA,NA,NA,NA,Rural,AMY
Yes,484760,Business,Service Business,74688,57565,NA,NA,NA,NA,Urban,AMY
Yes,394943,Business,Transport,124547,73792,NA,NA,NA,NA,Rural,MFS
Yes,189336,Business,Small Manufacturing,35273,29960,NA,NA,NA,NA,Urban,AMY
Yes,260267,Business,Grocery Shop,4440416,1280001,NA,NA,NA,NA,Urban,TERM_LOAN
Yes,444648,Education,NA,1748020,3120435,12th,BCA,Professional,No,Urban,NO_ELIGIBLE_SCHEME
Yes,61768,Business,Fisheries,114837,63857,NA,NA,NA,NA,Rural,MFS
Yes,316528,Business,Tailoring,184269,76245,NA,NA,NA,NA,Urban,UNY
Yes,454650,Business,Tailoring,126130,114635,NA,NA,NA,NA,Rural,AMY
Yes,362391,Business,Small Manufacturing,94972,85846,NA,NA,NA,NA,Urban,MFS
Yes,781056,Business,Fisheries,274478,277138,NA,NA,NA,NA,Urban,NO_ELIGIBLE_SCHEME
Yes,162960,Business,Repair Shop,313952,148685,NA,NA,NA,NA,Urban,UNY
Yes,270729,Education,NA,4380497,1345958,Graduate,Engineering,Management,Yes,Urban,ELS
Yes,478410,Business,Repair Shop,284715,260910,NA,NA,NA,NA,Rural,UNY
Yes,343189,Business,Grocery Shop,3204286,1576045,NA,NA,NA,NA,Urban,TERM_LOAN
Yes,109782,Business,Small Manufacturing,96910,92998,NA,NA,NA,NA,Rural,MFS
Yes,449152,Business,Poultry,107912,14685,NA,NA,NA,NA,Rural,AMY
Yes,274692,Business,Grocery Shop,285461,255686,NA,NA,NA,NA,Urban,UNY
Yes,242591,Business,Repair Shop,107170,74613,NA,NA,NA,NA,Urban,AMY
Yes,357923,Business,Transport,46607,44230,NA,NA,NA,NA,Urban,AMY
Yes,278479,Education,NA,1271706,1271706,Graduate,BTech,Management,Yes,Urban,ELS
Yes,142553,Business,Computer Centre,94566,92723,NA,NA,NA,NA,Urban,AMY
Yes,85034,Business,Transport,3215046,1189135,NA,NA,NA,NA,Urban,TERM_LOAN
Yes,283733,Business,Small Manufacturing,3457057,60601,NA,NA,NA,NA,Rural,TERM_LOAN
Yes,291570,Business,Poultry,7611964,5771324,NA,NA,NA,NA,Rural,NO_ELIGIBLE_SCHEME
Yes,243253,Business,Poultry,5000000,5000000,NA,NA,NA,NA,Rural,NO_ELIGIBLE_SCHEME
Yes,161975,Business,Computer Centre,776258,770480,NA,NA,NA,NA,Rural,TERM_LOAN
Yes,141701,Education,NA,386708,386708,12th,Pharmacy,Professional,Yes,Rural,ELS
Yes,83926,Business,Computer Centre,127180,32114,NA,NA,NA,NA,Rural,MFS
Yes,275101,Business,Food Business,7783259,5755118,NA,NA,NA,NA,Urban,NO_ELIGIBLE_SCHEME
Yes,175628,Education,NA,3741443,1754838,Graduate,BCA,Medical,Yes,Urban,ELS
No,120012,Business,Food Business,106108,388243,NA,NA,NA,NA,Urban,NO_ELIGIBLE_SCHEME
Yes,113441,Business,Fisheries,97839,69177,NA,NA,NA,NA,Rural,MFS
Yes,219280,Business,Small Manufacturing,63667,18401,NA,NA,NA,NA,Urban,AMY
Yes,619040,Business,Computer Centre,312260,366427,NA,NA,NA,NA,Urban,NO_ELIGIBLE_SCHEME
Yes,352744,Business,Tailoring,391497,144472,NA,NA,NA,NA,Rural,UNY
Yes,450640,Business,Repair Shop,57686,18993,NA,NA,NA,NA,Urban,MFS
Yes,317696,Business,Fisheries,109452,80544,NA,NA,NA,NA,Rural,AMY
Yes,395290,Business,Poultry,4934637,1963575,NA,NA,NA,NA,Urban,TERM_LOAN
Yes,101233,Business,Transport,3177728,2153800,NA,NA,NA,NA,Urban,TERM_LOAN
Yes,270188,Business,Repair Shop,7112813,6581621,NA,NA,NA,NA,Rural,NO_ELIGIBLE_SCHEME
Yes,365888,Business,Small Manufacturing,6906315,6706291,NA,NA,NA,NA,Urban,NO_ELIGIBLE_SCHEME
Yes,160883,Business,Tailoring,57973,13544,NA,NA,NA,NA,Urban,AMY
Yes,396372,Business,Service Business,2001589,1777859,NA,NA,NA,NA,Urban,TERM_LOAN
Yes,366936,Business,Repair Shop,3712867,1687568,NA,NA,NA,NA,Rural,TERM_LOAN
Yes,164513,Business,Small Manufacturing,3965622,99700,NA,NA,NA,NA,Urban,TERM_LOAN
Yes,448102,Education,NA,2339591,1234536,12th,MCA,Management,Yes,Urban,ELS
Yes,286801,Business,Poultry,827497,619603,NA,NA,NA,NA,Rural,TERM_LOAN
Yes,399665,Business,Grocery Shop,119399,42706,NA,NA,NA,NA,Urban,MFS
Yes,366475,Business,Grocery Shop,483747,468479,NA,NA,NA,NA,Rural,TERM_LOAN
Yes,312101,Business,Grocery Shop,62600,20334,NA,NA,NA,NA,Urban,MFS
Yes,102452,Business,Repair Shop,46805,25370,NA,NA,NA,NA,Rural,MFS
Yes,130827,Business,Fisheries,465529,258189,NA,NA,NA,NA,Urban,UNY
Yes,115475,Business,Service Business,236594,72395,NA,NA,NA,NA,Rural,UNY
Yes,359098,Business,Small Manufacturing,124857,110395,NA,NA,NA,NA,Rural,AMY
Yes,168680,Business,Poultry,5000000,5000000,NA,NA,NA,NA,Rural,NO_ELIGIBLE_SCHEME
Yes,295670,Business,Fisheries,83908,51483,NA,NA,NA,NA,Rural,AMY
Yes,477948,Business,Small Manufacturing,2157864,1203830,NA,NA,NA,NA,Urban,TERM_LOAN
Yes,706647,Business,Repair Shop,191046,150256,NA,NA,NA,NA,Urban,NO_ELIGIBLE_SCHEME
Yes,436402,Business,Small Manufacturing,37050,17528,NA,NA,NA,NA,Rural,AMY
Yes,343373,Education,NA,1601039,1601039,12th,Law,Professional,Yes,Rural,ELS
Yes,291909,Business,Small Manufacturing,61704,21591,NA,NA,NA,NA,Rural,AMY
Yes,485389,Business,Service Business,5000000,5000000,NA,NA,NA,NA,Rural,NO_ELIGIBLE_SCHEME
Yes,462739,Business,Transport,405062,331817,NA,NA,NA,NA,Rural,UNY
Yes,96322,Business,Poultry,5000000,5000000,NA,NA,NA,NA,Urban,NO_ELIGIBLE_SCHEME
No,383612,Business,Food Business,178830,370416,NA,NA,NA,NA,Rural,NO_ELIGIBLE_SCHEME
Yes,243458,Education,NA,4445954,969591,Graduate,MBA,Technical,Yes,Urban,ELS
Yes,177389,Business,Tailoring,407616,157790,NA,NA,NA,NA,Rural,UNY
Yes,124761,Business,Service Business,434321,362720,NA,NA,NA,NA,Rural,UNY
Yes,337537,Business,Tailoring,38361,25505,NA,NA,NA,NA,Rural,MFS
Yes,96229,Business,Tailoring,6942718,5847583,NA,NA,NA,NA,Urban,NO_ELIGIBLE_SCHEME
Yes,465122,Business,Service Business,138253,21913,NA,NA,NA,NA,Urban,MFS
Yes,404078,Business,Tailoring,5000000,5000000,NA,NA,NA,NA,Rural,NO_ELIGIBLE_SCHEME
Yes,464891,Business,Food Business,95732,62158,NA,NA,NA,NA,Rural,AMY
Yes,256518,Business,Computer Centre,46864,16336,NA,NA,NA,NA,Urban,MFS
Yes,67851,Education,NA,1030993,1030993,Graduate,Law,Medical,Yes,Urban,ELS
Yes,495927,Business,Grocery Shop,223250,139382,NA,NA,NA,NA,Rural,UNY
Yes,218261,Business,Transport,1959978,453058,NA,NA,NA,NA,Rural,TERM_LOAN
Yes,52255,Education,NA,3087152,811329,Postgraduate,Engineering,Technical,Yes,Rural,ELS
Yes,339057,Business,Computer Centre,92204,86923,NA,NA,NA,NA,Urban,MFS
Yes,186951,Business,Repair Shop,3041792,1418584,NA,NA,NA,NA,Urban,TERM_LOAN
Yes,398132,Business,Computer Centre,7700793,5540102,NA,NA,NA,NA,Rural,NO_ELIGIBLE_SCHEME
Yes,248130,Education,NA,2660017,2145135,Postgraduate,Pharmacy,Technical,No,Rural,NO_ELIGIBLE_SCHEME
Yes,81910,Business,Fisheries,98492,49683,NA,NA,NA,NA,Rural,AMY
Yes,186703,Business,Fisheries,257920,89362,NA,NA,NA,NA,Rural,UNY
Yes,579909,Business,Repair Shop,460698,221417,NA,NA,NA,NA,Urban,NO_ELIGIBLE_SCHEME
Yes,409298,Business,Service Business,3724962,642464,NA,NA,NA,NA,Rural,TERM_LOAN
Yes,186560,Education,NA,3729545,935740,12th,Medical,Professional,No,Urban,NO_ELIGIBLE_SCHEME
Yes,230456,Business,Service Business,201253,109831,NA,NA,NA,NA,Urban,UNY
Yes,376240,Education,NA,3750782,3201499,Graduate,Law,Technical,Yes,Urban,ELS
Yes,423806,Business,Tailoring,5000000,5000000,NA,NA,NA,NA,Rural,NO_ELIGIBLE_SCHEME
Yes,479607,Business,Transport,504033,367839,NA,NA,NA,NA,Urban,TERM_LOAN
Yes,348988,Business,Repair Shop,487190,126630,NA,NA,NA,NA,Urban,UNY
Yes,61102,Business,Poultry,3526483,1972602,NA,NA,NA,NA,Urban,TERM_LOAN
Yes,98882,Business,Fisheries,798439,344548,NA,NA,NA,NA,Rural,TERM_LOAN
Yes,444863,Business,Tailoring,346180,266437,NA,NA,NA,NA,Urban,UNY
Yes,435771,Business,Grocery Shop,308745,53793,NA,NA,NA,NA,Urban,UNY
No,406101,Business,Poultry,249940,357857,NA,NA,NA,NA,Urban,NO_ELIGIBLE_SCHEME
Yes,93316,Business,Small Manufacturing,6598320,6066893,NA,NA,NA,NA,Urban,NO_ELIGIBLE_SCHEME
Yes,742811,Business,Grocery Shop,93275,132361,NA,NA,NA,NA,Rural,NO_ELIGIBLE_SCHEME
Yes,347847,Business,Poultry,446595,280508,NA,NA,NA,NA,Urban,UNY
Yes,318434,Business,Repair Shop,4147176,2740007,NA,NA,NA,NA,Urban,TERM_LOAN
Yes,236202,Business,Service Business,42112,26052,NA,NA,NA,NA,Urban,AMY
Yes,397752,Business,Food Business,297946,146629,NA,NA,NA,NA,Urban,UNY
Yes,95157,Business,Computer Centre,2544293,1281970,NA,NA,NA,NA,Urban,TERM_LOAN
Yes,108306,Education,NA,1747466,1747466,Graduate,MBA,Professional,Yes,Rural,ELS
Yes,108668,Business,Tailoring,7641857,5801173,NA,NA,NA,NA,Urban,NO_ELIGIBLE_SCHEME
Yes,198694,Business,Food Business,45167,35217,NA,NA,NA,NA,Urban,MFS
Yes,57105,Education,NA,3463609,1111438,12th,Law,Management,Yes,Urban,ELS
Yes,286311,Business,Poultry,82506,46651,NA,NA,NA,NA,Rural,MFS
Yes,243710,Business,Fisheries,4105568,3333117,NA,NA,NA,NA,Rural,TERM_LOAN
Yes,172582,Business,Computer Centre,465574,219484,NA,NA,NA,NA,Urban,UNY
Yes,321574,Business,Computer Centre,5000000,5000000,NA,NA,NA,NA,Urban,NO_ELIGIBLE_SCHEME
Yes,559631,Business,Grocery Shop,415557,176272,NA,NA,NA,NA,Rural,NO_ELIGIBLE_SCHEME
Yes,240626,Business,Food Business,140747,62660,NA,NA,NA,NA,Rural,UNY
Yes,306428,Business,Grocery Shop,303861,28201,NA,NA,NA,NA,Rural,UNY
Yes,230964,Business,Service Business,3300742,1982381,NA,NA,NA,NA,Rural,TERM_LOAN
Yes,287902,Business,Grocery Shop,115184,110164,NA,NA,NA,NA,Rural,AMY
Yes,348852,Education,NA,825565,179046,Graduate,MCA,Technical,No,Urban,NO_ELIGIBLE_SCHEME
Yes,94225,Business,Poultry,423441,100303,NA,NA,NA,NA,Rural,UNY
Yes,487401,Education,NA,791942,791942,Graduate,BCA,Medical,Yes,Urban,ELS
Yes,289119,Business,Food Business,4375177,592525,NA,NA,NA,NA,Urban,TERM_LOAN
Yes,282164,Business,Transport,6128853,6553234,NA,NA,NA,NA,Rural,NO_ELIGIBLE_SCHEME
Yes,187784,Business,Small Manufacturing,44890,36632,NA,NA,NA,NA,Rural,AMY
Yes,90806,Business,Food Business,985345,70232,NA,NA,NA,NA,Urban,TERM_LOAN
Yes,167714,Business,Grocery Shop,52224,17217,NA,NA,NA,NA,Urban,AMY
Yes,275551,Education,NA,3364753,3364753,12th,Nursing,Medical,Yes,Urban,ELS
Yes,58202,Business,Fisheries,110599,110408,NA,NA,NA,NA,Rural,MFS
Yes,360723,Education,NA,1040644,1040644,Postgraduate,MBA,Technical,Yes,Rural,ELS
Yes,315986,Business,Poultry,87763,33264,NA,NA,NA,NA,Urban,AMY
No,128142,Business,Repair Shop,379840,153903,NA,NA,NA,NA,Urban,NO_ELIGIBLE_SCHEME
Yes,170624,Business,Poultry,40127,31154,NA,NA,NA,NA,Urban,AMY
Yes,383220,Business,Small Manufacturing,308505,104852,NA,NA,NA,NA,Urban,UNY
Yes,170839,Business,Computer Centre,856176,274008,NA,NA,NA,NA,Rural,TERM_LOAN
Yes,380230,Business,Grocery Shop,77973,68783,NA,NA,NA,NA,Urban,AMY
Yes,127681,Business,Food Business,130888,70742,NA,NA,NA,NA,Urban,MFS
Yes,452712,Business,Small Manufacturing,4666174,3745013,NA,NA,NA,NA,Rural,TERM_LOAN
Yes,298423,Business,Service Business,107857,56156,NA,NA,NA,NA,Rural,AMY
Yes,299396,Education,NA,216102,216102,12th,MBA,Medical,Yes,Urban,ELS
Yes,230163,Business,Fisheries,1285382,1110840,NA,NA,NA,NA,Urban,TERM_LOAN
Yes,238356,Business,Food Business,112656,100287,NA,NA,NA,NA,Rural,MFS
Yes,301859,Education,NA,1926515,1926515,Graduate,Pharmacy,Technical,Yes,Rural,ELS
Yes,225642,Business,Transport,131112,13847,NA,NA,NA,NA,Urban,MFS
Yes,476934,Business,Service Business,182580,75681,NA,NA,NA,NA,Urban,UNY
Yes,436682,Business,Tailoring,187416,144941,NA,NA,NA,NA,Urban,UNY
Yes,159083,Business,Fisheries,5000000,5000000,NA,NA,NA,NA,Urban,NO_ELIGIBLE_SCHEME
Yes,327398,Business,Small Manufacturing,55892,15553,NA,NA,NA,NA,Rural,AMY
Yes,349127,Business,Service Business,5000000,5000000,NA,NA,NA,NA,Rural,NO_ELIGIBLE_SCHEME
Yes,288664,Business,Poultry,73536,68973,NA,NA,NA,NA,Rural,AMY
Yes,405472,Education,NA,2783636,3101475,12th,Pharmacy,Technical,No,Urban,NO_ELIGIBLE_SCHEME
Yes,160048,Business,Transport,302735,142694,NA,NA,NA,NA,Rural,UNY
Yes,326238,Business,Computer Centre,4084378,2624968,NA,NA,NA,NA,Urban,TERM_LOAN
Yes,68069,Education,NA,3616681,835653,Graduate,Engineering,Professional,No,Urban,NO_ELIGIBLE_SCHEME
Yes,248493,Business,Food Business,3252891,1902051,NA,NA,NA,NA,Rural,TERM_LOAN
Yes,176400,Business,Grocery Shop,340495,315350,NA,NA,NA,NA,Urban,UNY
Yes,308643,Business,Service Business,218333,57334,NA,NA,NA,NA,Urban,UNY
Yes,796499,Business,Poultry,416392,265538,NA,NA,NA,NA,Rural,NO_ELIGIBLE_SCHEME
Yes,244357,Business,Grocery Shop,5000000,5000000,NA,NA,NA,NA,Urban,NO_ELIGIBLE_SCHEME
No,93590,Business,Grocery Shop,123582,40437,NA,NA,NA,NA,Urban,NO_ELIGIBLE_SCHEME
Yes,329952,Business,Computer Centre,938853,462622,NA,NA,NA,NA,Urban,TERM_LOAN
Yes,380881,Business,Small Manufacturing,472923,84792,NA,NA,NA,NA,Urban,UNY
Yes,193461,Business,Small Manufacturing,1860659,1487914,NA,NA,NA,NA,Rural,TERM_LOAN
Yes,218826,Education,NA,2049025,2049025,12th,Medical,Professional,Yes,Rural,ELS
Yes,364049,Business,Food Business,199348,151148,NA,NA,NA,NA,Rural,UNY
Yes,274499,Business,Computer Centre,5000000,5000000,NA,NA,NA,NA,Urban,NO_ELIGIBLE_SCHEME
Yes,458814,Business,Grocery Shop,132919,110082,NA,NA,NA,NA,Rural,MFS
Yes,277068,Business,Food Business,823537,576035,NA,NA,NA,NA,Rural,TERM_LOAN
Yes,130691,Business,Poultry,310444,80842,NA,NA,NA,NA,Urban,UNY
Yes,396852,Business,Tailoring,6142736,6981528,NA,NA,NA,NA,Urban,NO_ELIGIBLE_SCHEME
Yes,413290,Business,Food Business,7044586,5393856,NA,NA,NA,NA,Urban,NO_ELIGIBLE_SCHEME
Yes,449538,Business,Small Manufacturing,4180906,2531941,NA,NA,NA,NA,Rural,TERM_LOAN
Yes,170250,Business,Grocery Shop,86904,49412,NA,NA,NA,NA,Urban,AMY
Yes,276958,Business,Tailoring,5000000,5000000,NA,NA,NA,NA,Urban,NO_ELIGIBLE_SCHEME
Yes,385106,Business,Fisheries,300874,220299,NA,NA,NA,NA,Rural,UNY
Yes,253875,Education,NA,300534,300534,Postgraduate,MBA,Technical,Yes,Urban,ELS
Yes,278208,Business,Repair Shop,288434,73839,NA,NA,NA,NA,Rural,UNY
Yes,324397,Education,NA,4116842,931561,Postgraduate,Pharmacy,Management,Yes,Urban,ELS
Yes,407178,Education,NA,3060373,791900,Postgraduate,Engineering,Medical,Yes,Urban,ELS
Yes,460326,Business,Tailoring,134363,84177,NA,NA,NA,NA,Urban,MFS
Yes,176185,Business,Fisheries,67249,38167,NA,NA,NA,NA,Rural,AMY
Yes,443165,Business,Food Business,1736002,985592,NA,NA,NA,NA,Urban,TERM_LOAN
Yes,316120,Business,Tailoring,88001,34238,NA,NA,NA,NA,Rural,AMY
Yes,249162,Business,Tailoring,52988,41719,NA,NA,NA,NA,Rural,AMY
Yes,325523,Business,Repair Shop,145071,90562,NA,NA,NA,NA,Urban,UNY
Yes,478776,Business,Small Manufacturing,6365108,5054610,NA,NA,NA,NA,Urban,NO_ELIGIBLE_SCHEME
No,250773,Business,Food Business,168740,135437,NA,NA,NA,NA,Rural,NO_ELIGIBLE_SCHEME
Yes,191056,Business,Poultry,131297,23305,NA,NA,NA,NA,Rural,AMY
Yes,484517,Business,Service Business,89382,30630,NA,NA,NA,NA,Rural,AMY
Yes,392352,Business,Fisheries,5000000,5000000,NA,NA,NA,NA,Rural,NO_ELIGIBLE_SCHEME
Yes,460965,Education,NA,3129225,1504038,Graduate,Law,Medical,Yes,Rural,ELS
Yes,428762,Business,Fisheries,87684,56030,NA,NA,NA,NA,Rural,MFS
Yes,350987,Business,Poultry,291703,174822,NA,NA,NA,NA,Rural,UNY
Yes,271111,Business,Poultry,34564,18553,NA,NA,NA,NA,Rural,AMY
Yes,68468,Education,NA,1479677,2844909,Postgraduate,Nursing,Professional,No,Rural,NO_ELIGIBLE_SCHEME
Yes,457022,Business,Computer Centre,185685,34225,NA,NA,NA,NA,Rural,UNY
Yes,234355,Business,Poultry,100047,86027,NA,NA,NA,NA,Rural,MFS
Yes,298438,Business,Computer Centre,142262,36164,NA,NA,NA,NA,Rural,UNY
Yes,138237,Business,Grocery Shop,2114516,1031387,NA,NA,NA,NA,Urban,TERM_LOAN
Yes,319493,Business,Fisheries,649926,58139,NA,NA,NA,NA,Urban,TERM_LOAN
Yes,175541,Business,Tailoring,77576,50306,NA,NA,NA,NA,Rural,MFS
Yes,297466,Business,Small Manufacturing,83183,11558,NA,NA,NA,NA,Rural,AMY
Yes,57638,Business,Poultry,358101,149026,NA,NA,NA,NA,Urban,UNY
Yes,277474,Business,Food Business,136814,12913,NA,NA,NA,NA,Urban,AMY
Yes,113991,Business,Small Manufacturing,136463,99816,NA,NA,NA,NA,Rural,MFS
Yes,66001,Business,Food Business,379695,243997,NA,NA,NA,NA,Rural,UNY
Yes,407631,Business,Food Business,387715,302421,NA,NA,NA,NA,Rural,UNY
Yes,409284,Business,Transport,4396973,2212760,NA,NA,NA,NA,Urban,TERM_LOAN
Yes,118037,Business,Service Business,91263,82305,NA,NA,NA,NA,Rural,MFS
Yes,344803,Education,NA,2470755,751388,12th,Pharmacy,Technical,No,Urban,NO_ELIGIBLE_SCHEME
Yes,381832,Business,Food Business,125261,28958,NA,NA,NA,NA,Urban,AMY
Yes,454277,Business,Small Manufacturing,182616,29232,NA,NA,NA,NA,Urban,UNY
Yes,452654,Business,Grocery Shop,1217284,293216,NA,NA,NA,NA,Rural,TERM_LOAN
Yes,664704,Business,Transport,324304,333697,NA,NA,NA,NA,Rural,NO_ELIGIBLE_SCHEME
Yes,186890,Business,Small Manufacturing,469393,126389,NA,NA,NA,NA,Urban,UNY
Yes,149817,Business,Fisheries,337123,88577,NA,NA,NA,NA,Urban,UNY
Yes,496989,Business,Fisheries,126874,50019,NA,NA,NA,NA,Rural,AMY
Yes,105965,Business,Computer Centre,155414,101820,NA,NA,NA,NA,Urban,UNY
Yes,59198,Business,Repair Shop,97177,85400,NA,NA,NA,NA,Rural,MFS
Yes,82350,Education,NA,2412145,195546,Graduate,MCA,Medical,Yes,Urban,ELS
Yes,76595,Business,Poultry,100854,68149,NA,NA,NA,NA,Rural,MFS
Yes,179466,Business,Tailoring,175270,126456,NA,NA,NA,NA,Urban,UNY
No,191878,Business,Fisheries,191810,113395,NA,NA,NA,NA,Rural,NO_ELIGIBLE_SCHEME
Yes,83904,Business,Computer Centre,105493,88732,NA,NA,NA,NA,Urban,AMY
Yes,133014,Business,Poultry,426642,33475,NA,NA,NA,NA,Rural,UNY
Yes,250838,Business,Grocery Shop,39283,17502,NA,NA,NA,NA,Rural,MFS
Yes,85537,Education,NA,3167655,2373730,12th,Medical,Technical,Yes,Rural,ELS
Yes,67061,Business,Repair Shop,2157634,121277,NA,NA,NA,NA,Rural,TERM_LOAN
Yes,367077,Business,Repair Shop,124905,100263,NA,NA,NA,NA,Urban,MFS
Yes,388236,Business,Food Business,38940,37503,NA,NA,NA,NA,Urban,AMY
Yes,459034,Education,NA,1360917,1360917,Postgraduate,Nursing,Professional,Yes,Urban,ELS
Yes,449164,Business,Repair Shop,88292,57175,NA,NA,NA,NA,Rural,MFS
Yes,619870,Business,Repair Shop,197625,89612,NA,NA,NA,NA,Rural,NO_ELIGIBLE_SCHEME
No,469673,Business,Computer Centre,232613,144839,NA,NA,NA,NA,Rural,NO_ELIGIBLE_SCHEME
No,480325,Business,Fisheries,361863,206408,NA,NA,NA,NA,Rural,NO_ELIGIBLE_SCHEME
No,367205,Business,Service Business,450474,223980,NA,NA,NA,NA,Urban,NO_ELIGIBLE_SCHEME
Yes,382722,Business,Grocery Shop,3219747,1721948,NA,NA,NA,NA,Rural,TERM_LOAN
Yes,257414,Business,Tailoring,97987,80499,NA,NA,NA,NA,Urban,MFS
Yes,133038,Education,NA,725957,725957,Graduate,Law,Professional,Yes,Rural,ELS
Yes,113695,Business,Tailoring,99945,49526,NA,NA,NA,NA,Urban,MFS
Yes,193599,Business,Poultry,38286,13956,NA,NA,NA,NA,Urban,MFS
Yes,82654,Business,Transport,107580,84425,NA,NA,NA,NA,Rural,MFS
Yes,102941,Business,Fisheries,7489852,6771042,NA,NA,NA,NA,Urban,NO_ELIGIBLE_SCHEME
Yes,81243,Business,Food Business,132418,119273,NA,NA,NA,NA,Urban,AMY
Yes,159627,Education,NA,351826,351826,Postgraduate,Law,Medical,Yes,Urban,ELS
Yes,412810,Education,NA,3736723,741889,12th,Nursing,Management,No,Rural,NO_ELIGIBLE_SCHEME
Yes,434270,Business,Service Business,1468117,560146,NA,NA,NA,NA,Urban,TERM_LOAN
Yes,380913,Business,Food Business,441788,405766,NA,NA,NA,NA,Rural,UNY
Yes,162997,Business,Fisheries,440741,81521,NA,NA,NA,NA,Rural,UNY
Yes,298197,Business,Repair Shop,136876,81176,NA,NA,NA,NA,Rural,MFS
Yes,400760,Business,Food Business,139475,85255,NA,NA,NA,NA,Rural,MFS
Yes,428666,Business,Small Manufacturing,208426,121536,NA,NA,NA,NA,Urban,UNY
Yes,109163,Business,Tailoring,125030,110334,NA,NA,NA,NA,Urban,MFS
Yes,786006,Business,Food Business,463769,159717,NA,NA,NA,NA,Urban,NO_ELIGIBLE_SCHEME
Yes,143727,Education,NA,3152419,173607,Graduate,Engineering,Technical,Yes,Rural,ELS
Yes,372462,Business,Small Manufacturing,5000000,5000000,NA,NA,NA,NA,Rural,NO_ELIGIBLE_SCHEME
Yes,458823,Business,Food Business,1769403,718329,NA,NA,NA,NA,Rural,TERM_LOAN
Yes,366508,Business,Grocery Shop,179978,106586,NA,NA,NA,NA,Rural,UNY
Yes,253990,Business,Food Business,70954,56905,NA,NA,NA,NA,Rural,MFS
Yes,363563,Business,Food Business,61203,57533,NA,NA,NA,NA,Urban,AMY
Yes,418360,Business,Small Manufacturing,123606,65702,NA,NA,NA,NA,Urban,AMY
Yes,343446,Business,Computer Centre,255660,77694,NA,NA,NA,NA,Rural,UNY
Yes,280081,Business,Computer Centre,57575,20500,NA,NA,NA,NA,Urban,MFS
Yes,212250,Business,Food Business,99993,41348,NA,NA,NA,NA,Rural,MFS
Yes,276931,Education,NA,696901,696901,Postgraduate,Law,Management,Yes,Urban,ELS
Yes,566674,Business,Grocery Shop,209230,301061,NA,NA,NA,NA,Urban,NO_ELIGIBLE_SCHEME
Yes,202289,Education,NA,4491629,675960,Postgraduate,Nursing,Technical,Yes,Urban,ELS
Yes,426590,Business,Tailoring,136860,61608,NA,NA,NA,NA,Urban,AMY
Yes,435846,Business,Poultry,290891,38542,NA,NA,NA,NA,Rural,UNY
Yes,85626,Business,Poultry,81173,56911,NA,NA,NA,NA,Urban,AMY
Yes,102824,Education,NA,715088,715088,12th,BCA,Professional,Yes,Rural,ELS
Yes,92001,Business,Poultry,37455,26640,NA,NA,NA,NA,Rural,MFS
Yes,73988,Business,Computer Centre,113070,57212,NA,NA,NA,NA,Urban,AMY
Yes,77965,Business,Small Manufacturing,6457416,5090284,NA,NA,NA,NA,Urban,NO_ELIGIBLE_SCHEME
Yes,348150,Business,Grocery Shop,306945,156820,NA,NA,NA,NA,Rural,UNY
Yes,83601,Business,Poultry,317985,290179,NA,NA,NA,NA,Rural,UNY
Yes,513076,Business,Small Manufacturing,180005,75782,NA,NA,NA,NA,Rural,NO_ELIGIBLE_SCHEME
Yes,187557,Education,NA,2608442,2221593,Postgraduate,Engineering,Medical,Yes,Urban,ELS
Yes,610659,Business,Transport,499413,99872,NA,NA,NA,NA,Urban,NO_ELIGIBLE_SCHEME
Yes,138595,Business,Small Manufacturing,1929017,1063749,NA,NA,NA,NA,Urban,TERM_LOAN
Yes,65350,Business,Food Business,4008932,298576,NA,NA,NA,NA,Rural,TERM_LOAN
Yes,216019,Business,Grocery Shop,4899579,2312627,NA,NA,NA,NA,Urban,TERM_LOAN
Yes,186015,Business,Service Business,52193,28905,NA,NA,NA,NA,Rural,AMY
Yes,235250,Business,Computer Centre,124270,29631,NA,NA,NA,NA,Urban,AMY
Yes,63780,Business,Computer Centre,61029,42376,NA,NA,NA,NA,Urban,MFS
Yes,96286,Education,NA,1378724,1378724,12th,BCA,Medical,Yes,Urban,ELS
Yes,273047,Education,NA,623843,623843,Graduate,BCA,Professional,Yes,Rural,ELS
Yes,83800,Business,Computer Centre,2957921,1218864,NA,NA,NA,NA,Rural,TERM_LOAN
Yes,108485,Education,NA,571165,571165,12th,Engineering,Management,Yes,Urban,ELS
Yes,194799,Business,Poultry,147103,84401,NA,NA,NA,NA,Rural,UNY
Yes,181786,Business,Tailoring,441588,74241,NA,NA,NA,NA,Rural,UNY
Yes,400072,Business,Grocery Shop,305176,155700,NA,NA,NA,NA,Urban,UNY
No,336021,Business,Tailoring,398369,60283,NA,NA,NA,NA,Rural,NO_ELIGIBLE_SCHEME
Yes,491024,Business,Fisheries,3465071,2409683,NA,NA,NA,NA,Rural,TERM_LOAN
Yes,456654,Business,Fisheries,87549,25386,NA,NA,NA,NA,Rural,MFS
Yes,328027,Business,Transport,5000000,5000000,NA,NA,NA,NA,Rural,NO_ELIGIBLE_SCHEME
Yes,473028,Business,Service Business,2250764,1729597,NA,NA,NA,NA,Urban,TERM_LOAN
No,106371,Business,Service Business,166626,376162,NA,NA,NA,NA,Rural,NO_ELIGIBLE_SCHEME
Yes,84485,Business,Small Manufacturing,236683,216234,NA,NA,NA,NA,Urban,TERM_LOAN
Yes,94232,Business,Service Business,5000000,5000000,NA,NA,NA,NA,Rural,NO_ELIGIBLE_SCHEME
Yes,412981,Business,Repair Shop,5000000,5000000,NA,NA,NA,NA,Urban,NO_ELIGIBLE_SCHEME
Yes,411841,Business,Service Business,3430935,821001,NA,NA,NA,NA,Rural,TERM_LOAN
Yes,302391,Business,Service Business,76581,65182,NA,NA,NA,NA,Urban,AMY
Yes,70061,Business,Repair Shop,4652627,1787482,NA,NA,NA,NA,Urban,TERM_LOAN
Yes,466004,Business,Repair Shop,2647652,452558,NA,NA,NA,NA,Rural,TERM_LOAN
Yes,242866,Business,Repair Shop,239537,25522,NA,NA,NA,NA,Rural,UNY
Yes,233275,Education,NA,3405761,1826451,Postgraduate,Law,Management,Yes,Rural,ELS
Yes,368382,Education,NA,3829012,3274291,Graduate,MBA,Technical,Yes,Rural,ELS
Yes,466381,Education,NA,857293,857293,Postgraduate,BCA,Management,Yes,Rural,ELS
Yes,138359,Business,Small Manufacturing,109609,68805,NA,NA,NA,NA,Rural,AMY
Yes,85147,Education,NA,2474054,2474054,Graduate,Nursing,Technical,Yes,Urban,ELS
Yes,206071,Business,Tailoring,88559,52550,NA,NA,NA,NA,Rural,AMY
Yes,143827,Business,Tailoring,80197,29671,NA,NA,NA,NA,Urban,MFS
Yes,63112,Business,Repair Shop,113810,24592,NA,NA,NA,NA,Rural,MFS
Yes,248958,Business,Computer Centre,398595,136419,NA,NA,NA,NA,Urban,UNY
Yes,98892,Business,Grocery Shop,72258,23353,NA,NA,NA,NA,Rural,AMY
Yes,485522,Business,Poultry,415050,151116,NA,NA,NA,NA,Urban,UNY
Yes,744444,Business,Food Business,119328,246244,NA,NA,NA,NA,Rural,NO_ELIGIBLE_SCHEME
Yes,149433,Business,Poultry,266823,81888,NA,NA,NA,NA,Urban,UNY
Yes,436266,Business,Food Business,376052,55289,NA,NA,NA,NA,Urban,UNY
Yes,308469,Business,Service Business,419866,410326,NA,NA,NA,NA,Rural,UNY
Yes,441548,Business,Poultry,4977318,1569386,NA,NA,NA,NA,Rural,TERM_LOAN
Yes,270011,Education,NA,2628006,1097741,Postgraduate,MBA,Technical,Yes,Urban,ELS
Yes,114082,Business,Food Business,304344,120178,NA,NA,NA,NA,Urban,UNY
Yes,400894,Business,Small Manufacturing,159647,74521,NA,NA,NA,NA,Rural,UNY
Yes,362901,Business,Transport,571168,265463,NA,NA,NA,NA,Rural,TERM_LOAN
Yes,202300,Education,NA,2372433,2372433,12th,MBA,Professional,Yes,Rural,ELS
Yes,335148,Business,Small Manufacturing,447005,148706,NA,NA,NA,NA,Rural,UNY
Yes,323202,Business,Service Business,141761,92653,NA,NA,NA,NA,Rural,UNY
Yes,386958,Business,Tailoring,1569366,1169437,NA,NA,NA,NA,Rural,TERM_LOAN
Yes,151721,Business,Food Business,182145,129873,NA,NA,NA,NA,Rural,UNY
Yes,139418,Business,Tailoring,59899,48484,NA,NA,NA,NA,Urban,AMY
Yes,184942,Education,NA,2694841,2227461,12th,Nursing,Management,Yes,Rural,ELS
Yes,496049,Education,NA,3200702,797288,12th,BTech,Professional,Yes,Rural,ELS
Yes,227744,Business,Repair Shop,88652,27196,NA,NA,NA,NA,Urban,AMY
Yes,258553,Business,Service Business,477708,35077,NA,NA,NA,NA,Urban,UNY
No,117559,Business,Food Business,148402,83953,NA,NA,NA,NA,Urban,NO_ELIGIBLE_SCHEME
Yes,706347,Business,Food Business,268723,138660,NA,NA,NA,NA,Rural,NO_ELIGIBLE_SCHEME
Yes,152910,Business,Poultry,94592,84873,NA,NA,NA,NA,Rural,AMY
Yes,109076,Business,Poultry,36955,16347,NA,NA,NA,NA,Urban,MFS
Yes,354496,Business,Service Business,4030633,1272362,NA,NA,NA,NA,Rural,TERM_LOAN
Yes,312502,Business,Transport,189969,146035,NA,NA,NA,NA,Rural,UNY
Yes,251109,Business,Fisheries,102255,28958,NA,NA,NA,NA,Rural,MFS
Yes,223757,Business,Transport,68048,49395,NA,NA,NA,NA,Rural,AMY
Yes,169158,Business,Food Business,4061176,1924168,NA,NA,NA,NA,Rural,TERM_LOAN
Yes,157738,Business,Tailoring,121995,30070,NA,NA,NA,NA,Urban,MFS
Yes,407131,Business,Tailoring,113284,26236,NA,NA,NA,NA,Rural,MFS
Yes,403206,Business,Fisheries,4831291,259190,NA,NA,NA,NA,Urban,TERM_LOAN
Yes,200573,Education,NA,2556797,2211216,12th,Nursing,Management,Yes,Rural,ELS
Yes,248943,Business,Repair Shop,51417,40294,NA,NA,NA,NA,Rural,MFS
Yes,426200,Business,Small Manufacturing,223966,78466,NA,NA,NA,NA,Urban,UNY
No,177349,Business,Food Business,265442,103223,NA,NA,NA,NA,Rural,NO_ELIGIBLE_SCHEME
Yes,155902,Business,Service Business,5000000,5000000,NA,NA,NA,NA,Urban,NO_ELIGIBLE_SCHEME
Yes,379625,Business,Repair Shop,343700,199546,NA,NA,NA,NA,Rural,TERM_LOAN
Yes,211164,Business,Transport,116334,44668,NA,NA,NA,NA,Rural,AMY
Yes,764930,Business,Service Business,172980,23903,NA,NA,NA,NA,Rural,NO_ELIGIBLE_SCHEME
Yes,414875,Business,Transport,212013,174241,NA,NA,NA,NA,Rural,UNY
Yes,250840,Education,NA,3735376,2616547,Graduate,BCA,Technical,Yes,Urban,ELS
No,188865,Business,Poultry,407677,78437,NA,NA,NA,NA,Rural,NO_ELIGIBLE_SCHEME
Yes,90787,Business,Grocery Shop,3173934,1817543,NA,NA,NA,NA,Urban,TERM_LOAN
Yes,434325,Business,Transport,115789,47793,NA,NA,NA,NA,Rural,AMY
Yes,234382,Business,Service Business,122202,101823,NA,NA,NA,NA,Rural,MFS
No,389871,Business,Repair Shop,270257,201576,NA,NA,NA,NA,Rural,NO_ELIGIBLE_SCHEME
Yes,88660,Education,NA,3462183,3264403,Postgraduate,Law,Management,No,Urban,NO_ELIGIBLE_SCHEME
Yes,54209,Business,Transport,108261,106656,NA,NA,NA,NA,Urban,AMY
Yes,251787,Business,Computer Centre,112222,19266,NA,NA,NA,NA,Rural,MFS
Yes,460609,Business,Computer Centre,247322,159709,NA,NA,NA,NA,Urban,TERM_LOAN
Yes,432846,Education,NA,3222412,3381469,Postgraduate,MBA,Management,No,Rural,NO_ELIGIBLE_SCHEME
Yes,150509,Business,Transport,35742,14188,NA,NA,NA,NA,Urban,AMY
Yes,417680,Business,Grocery Shop,915853,323441,NA,NA,NA,NA,Rural,TERM_LOAN
Yes,374211,Business,Repair Shop,5000000,5000000,NA,NA,NA,NA,Rural,NO_ELIGIBLE_SCHEME
Yes,471188,Business,Service Business,41971,40459,NA,NA,NA,NA,Rural,AMY
Yes,211130,Business,Computer Centre,478549,151623,NA,NA,NA,NA,Rural,TERM_LOAN
Yes,66040,Business,Computer Centre,84293,72019,NA,NA,NA,NA,Urban,AMY
Yes,364798,Education,NA,3184493,1193165,12th,Engineering,Technical,No,Urban,NO_ELIGIBLE_SCHEME
Yes,258541,Education,NA,769490,318149,Postgraduate,BCA,Management,No,Rural,NO_ELIGIBLE_SCHEME
Yes,497644,Business,Small Manufacturing,69783,64380,NA,NA,NA,NA,Urban,AMY
Yes,180902,Business,Poultry,121937,27392,NA,NA,NA,NA,Urban,MFS
Yes,64372,Business,Poultry,4706393,3379332,NA,NA,NA,NA,Rural,TERM_LOAN
Yes,257933,Business,Tailoring,3936593,3242840,NA,NA,NA,NA,Rural,TERM_LOAN
No,141267,Business,Grocery Shop,287727,297163,NA,NA,NA,NA,Urban,NO_ELIGIBLE_SCHEME
Yes,489913,Business,Grocery Shop,98674,14433,NA,NA,NA,NA,Rural,MFS
Yes,326458,Education,NA,3112656,3188811,Graduate,Pharmacy,Professional,No,Urban,NO_ELIGIBLE_SCHEME
Yes,336669,Business,Poultry,51331,40594,NA,NA,NA,NA,Rural,AMY
Yes,243636,Business,Grocery Shop,6027302,6760514,NA,NA,NA,NA,Urban,NO_ELIGIBLE_SCHEME
Yes,451535,Business,Fisheries,2199944,624304,NA,NA,NA,NA,Rural,TERM_LOAN
Yes,388369,Business,Food Business,395900,74445,NA,NA,NA,NA,Urban,TERM_LOAN
Yes,142226,Business,Food Business,3419798,1649133,NA,NA,NA,NA,Urban,TERM_LOAN
Yes,172479,Business,Grocery Shop,89343,45645,NA,NA,NA,NA,Rural,MFS
Yes,494231,Business,Transport,407066,230512,NA,NA,NA,NA,Urban,UNY
Yes,167649,Education,NA,2528298,2528298,Postgraduate,Engineering,Medical,Yes,Rural,ELS
Yes,343405,Business,Fisheries,6492620,6390186,NA,NA,NA,NA,Urban,NO_ELIGIBLE_SCHEME
Yes,489151,Business,Food Business,49014,20102,NA,NA,NA,NA,Urban,MFS
Yes,486356,Business,Transport,56117,22190,NA,NA,NA,NA,Urban,MFS
Yes,291803,Business,Small Manufacturing,419074,50214,NA,NA,NA,NA,Urban,UNY
Yes,363646,Business,Repair Shop,2096819,1248413,NA,NA,NA,NA,Urban,TERM_LOAN
Yes,395588,Business,Small Manufacturing,98084,48456,NA,NA,NA,NA,Urban,AMY
Yes,548230,Business,Food Business,457742,272910,NA,NA,NA,NA,Rural,NO_ELIGIBLE_SCHEME
Yes,186151,Business,Tailoring,120209,16880,NA,NA,NA,NA,Rural,AMY
Yes,164510,Business,Tailoring,1857933,1575722,NA,NA,NA,NA,Urban,TERM_LOAN
Yes,274354,Business,Computer Centre,117298,72206,NA,NA,NA,NA,Rural,AMY
Yes,469330,Business,Food Business,197766,69955,NA,NA,NA,NA,Urban,UNY
Yes,64813,Business,Service Business,291600,168445,NA,NA,NA,NA,Urban,UNY
Yes,234044,Business,Grocery Shop,3824430,1775338,NA,NA,NA,NA,Rural,TERM_LOAN
Yes,348149,Education,NA,218707,218707,Graduate,MBA,Medical,Yes,Urban,ELS
Yes,239590,Education,NA,1817839,1817839,12th,MCA,Professional,Yes,Rural,ELS
Yes,379051,Education,NA,1049386,1049386,12th,MBA,Management,Yes,Urban,ELS
Yes,259147,Business,Grocery Shop,131040,123444,NA,NA,NA,NA,Rural,MFS
Yes,403217,Business,Fisheries,654481,481798,NA,NA,NA,NA,Rural,TERM_LOAN
No,375823,Business,Repair Shop,62118,275677,NA,NA,NA,NA,Rural,NO_ELIGIBLE_SCHEME
No,463880,Business,Service Business,267191,352649,NA,NA,NA,NA,Urban,NO_ELIGIBLE_SCHEME
Yes,257736,Business,Transport,263997,35886,NA,NA,NA,NA,Rural,UNY
Yes,164819,Business,Fisheries,35556,11382,NA,NA,NA,NA,Rural,AMY
Yes,406295,Business,Computer Centre,77118,27603,NA,NA,NA,NA,Urban,MFS
Yes,459345,Business,Food Business,139381,96117,NA,NA,NA,NA,Urban,AMY
Yes,206714,Business,Computer Centre,423650,388215,NA,NA,NA,NA,Urban,UNY
Yes,74769,Business,Tailoring,334280,31671,NA,NA,NA,NA,Rural,UNY
Yes,57417,Business,Small Manufacturing,53519,29809,NA,NA,NA,NA,Rural,MFS
Yes,213692,Business,Computer Centre,4561393,4140857,NA,NA,NA,NA,Rural,TERM_LOAN
Yes,428160,Business,Fisheries,60217,17907,NA,NA,NA,NA,Urban,MFS
Yes,229098,Education,NA,3270936,1407399,Graduate,Law,Professional,Yes,Rural,ELS
Yes,364590,Business,Transport,2526467,1479601,NA,NA,NA,NA,Rural,TERM_LOAN
Yes,481862,Education,NA,2205373,931916,12th,MBA,Management,Yes,Urban,ELS
Yes,73700,Business,Poultry,60699,58331,NA,NA,NA,NA,Rural,AMY
Yes,152812,Business,Small Manufacturing,115491,84885,NA,NA,NA,NA,Rural,MFS
Yes,309590,Business,Small Manufacturing,974010,446915,NA,NA,NA,NA,Urban,TERM_LOAN
Yes,478127,Business,Fisheries,77624,17113,NA,NA,NA,NA,Urban,MFS
Yes,140680,Business,Fisheries,55304,26390,NA,NA,NA,NA,Urban,AMY
Yes,477633,Business,Repair Shop,249637,120092,NA,NA,NA,NA,Rural,UNY
Yes,197344,Business,Tailoring,2465018,365012,NA,NA,NA,NA,Urban,TERM_LOAN
Yes,470669,Business,Service Business,135569,122370,NA,NA,NA,NA,Urban,MFS
Yes,550902,Business,Computer Centre,288239,322164,NA,NA,NA,NA,Rural,NO_ELIGIBLE_SCHEME
Yes,166263,Business,Repair Shop,61420,52763,NA,NA,NA,NA,Rural,AMY
Yes,371983,Business,Fisheries,30089,20870,NA,NA,NA,NA,Rural,MFS
Yes,58729,Education,NA,1328758,1687504,12th,MBA,Medical,No,Urban,NO_ELIGIBLE_SCHEME
Yes,335198,Education,NA,2220867,149554,12th,MBA,Technical,Yes,Urban,ELS
Yes,247809,Business,Computer Centre,268129,205459,NA,NA,NA,NA,Urban,UNY
Yes,68187,Business,Computer Centre,103726,102685,NA,NA,NA,NA,Urban,MFS
Yes,65495,Business,Small Manufacturing,55276,49722,NA,NA,NA,NA,Rural,AMY
Yes,93981,Business,Poultry,107779,42763,NA,NA,NA,NA,Urban,AMY
Yes,141127,Business,Tailoring,3173842,1040048,NA,NA,NA,NA,Rural,TERM_LOAN
Yes,410610,Business,Repair Shop,3794511,1694765,NA,NA,NA,NA,Rural,TERM_LOAN
Yes,287292,Business,Grocery Shop,38784,18304,NA,NA,NA,NA,Urban,AMY
Yes,75769,Business,Tailoring,394547,29025,NA,NA,NA,NA,Urban,UNY
Yes,155793,Business,Service Business,301209,63425,NA,NA,NA,NA,Rural,UNY
Yes,159655,Business,Grocery Shop,333376,175949,NA,NA,NA,NA,Rural,UNY
Yes,343891,Business,Small Manufacturing,1968034,1073417,NA,NA,NA,NA,Rural,TERM_LOAN
Yes,76735,Business,Transport,56108,27412,NA,NA,NA,NA,Urban,AMY
Yes,392366,Business,Repair Shop,71088,30766,NA,NA,NA,NA,Urban,MFS
Yes,399638,Business,Transport,57657,50190,NA,NA,NA,NA,Rural,AMY
Yes,490785,Education,NA,1501639,550974,Graduate,Engineering,Management,Yes,Urban,ELS
Yes,285622,Business,Poultry,283782,245134,NA,NA,NA,NA,Urban,UNY
Yes,407182,Business,Food Business,5000000,5000000,NA,NA,NA,NA,Urban,NO_ELIGIBLE_SCHEME
Yes,397146,Education,NA,2368197,2368197,Graduate,MBA,Professional,Yes,Rural,ELS
Yes,449675,Business,Computer Centre,3369580,1774404,NA,NA,NA,NA,Urban,TERM_LOAN
Yes,258088,Business,Grocery Shop,65038,62096,NA,NA,NA,NA,Urban,MFS
Yes,61896,Business,Repair Shop,98247,92218,NA,NA,NA,NA,Urban,MFS
Yes,146670,Business,Transport,190151,94767,NA,NA,NA,NA,Urban,UNY
Yes,363936,Business,Repair Shop,2850517,639613,NA,NA,NA,NA,Rural,TERM_LOAN
Yes,432793,Education,NA,2674180,1590207,12th,MBA,Professional,No,Rural,NO_ELIGIBLE_SCHEME
Yes,261835,Education,NA,836876,391136,12th,Nursing,Medical,No,Rural,NO_ELIGIBLE_SCHEME
Yes,252207,Business,Poultry,139408,86706,NA,NA,NA,NA,Rural,AMY
Yes,399180,Business,Fisheries,1128048,1098743,NA,NA,NA,NA,Rural,TERM_LOAN
Yes,157787,Education,NA,1509211,1344104,Postgraduate,Medical,Medical,Yes,Rural,ELS
Yes,395757,Business,Fisheries,76269,41768,NA,NA,NA,NA,Rural,AMY
Yes,329960,Business,Computer Centre,47625,43882,NA,NA,NA,NA,Urban,MFS
Yes,395857,Education,NA,530993,395153,Graduate,Nursing,Medical,Yes,Urban,ELS
Yes,311462,Education,NA,303814,303814,Postgraduate,MBA,Professional,Yes,Rural,ELS
Yes,159845,Education,NA,762260,762260,Graduate,Pharmacy,Technical,Yes,Rural,ELS
Yes,73804,Business,Poultry,275171,112107,NA,NA,NA,NA,Urban,UNY
Yes,182900,Education,NA,2240554,1968301,Graduate,Medical,Medical,No,Rural,NO_ELIGIBLE_SCHEME
Yes,193790,Business,Computer Centre,346253,278728,NA,NA,NA,NA,Urban,UNY
No,111412,Business,Poultry,166534,71015,NA,NA,NA,NA,Urban,NO_ELIGIBLE_SCHEME
Yes,231814,Business,Food Business,45362,32466,NA,NA,NA,NA,Rural,AMY
Yes,194875,Education,NA,3352584,3167379,12th,MCA,Technical,Yes,Urban,ELS
Yes,341252,Education,NA,1051848,1051848,Postgraduate,MCA,Management,Yes,Rural,ELS
Yes,280815,Business,Food Business,114815,113302,NA,NA,NA,NA,Rural,AMY
Yes,482018,Education,NA,3521423,2696897,Graduate,MCA,Medical,Yes,Urban,ELS
Yes,447161,Business,Transport,247816,124382,NA,NA,NA,NA,Rural,UNY
Yes,225329,Education,NA,3247467,3247467,12th,Nursing,Technical,Yes,Urban,ELS
Yes,151199,Business,Small Manufacturing,2981524,2071320,NA,NA,NA,NA,Rural,TERM_LOAN
Yes,293250,Business,Transport,80570,24068,NA,NA,NA,NA,Urban,AMY
No,70796,Business,Grocery Shop,197646,341847,NA,NA,NA,NA,Urban,NO_ELIGIBLE_SCHEME
No,153716,Business,Small Manufacturing,388133,251145,NA,NA,NA,NA,Urban,NO_ELIGIBLE_SCHEME
Yes,462998,Business,Grocery Shop,7033170,5796255,NA,NA,NA,NA,Urban,NO_ELIGIBLE_SCHEME
Yes,529739,Business,Food Business,336098,43469,NA,NA,NA,NA,Rural,NO_ELIGIBLE_SCHEME
Yes,221013,Business,Transport,117410,63528,NA,NA,NA,NA,Urban,MFS
Yes,381127,Business,Repair Shop,6268624,6047777,NA,NA,NA,NA,Urban,NO_ELIGIBLE_SCHEME
Yes,164921,Education,NA,1060525,1060525,Postgraduate,MBA,Technical,Yes,Urban,ELS
Yes,196272,Education,NA,2608181,2608181,Postgraduate,MBA,Technical,Yes,Rural,ELS
Yes,138943,Business,Tailoring,356418,36377,NA,NA,NA,NA,Rural,UNY
Yes,413695,Business,Small Manufacturing,100707,40202,NA,NA,NA,NA,Rural,AMY
Yes,171681,Business,Tailoring,141456,72618,NA,NA,NA,NA,Rural,UNY
Yes,130028,Business,Poultry,324069,234814,NA,NA,NA,NA,Urban,UNY
No,118026,Business,Tailoring,349547,383333,NA,NA,NA,NA,Rural,NO_ELIGIBLE_SCHEME
Yes,205207,Business,Service Business,4656426,1284089,NA,NA,NA,NA,Urban,TERM_LOAN
Yes,156749,Business,Food Business,39563,33397,NA,NA,NA,NA,Rural,AMY
Yes,171606,Education,NA,4447120,1827866,Postgraduate,BTech,Medical,Yes,Rural,ELS
Yes,314217,Business,Transport,4172668,2786671,NA,NA,NA,NA,Rural,TERM_LOAN
Yes,75536,Education,NA,3050322,238256,Graduate,MBA,Professional,Yes,Urban,ELS
Yes,258360,Education,NA,2852960,1514221,Graduate,Engineering,Professional,Yes,Urban,ELS
Yes,497108,Business,Small Manufacturing,42999,17498,NA,NA,NA,NA,Rural,MFS
Yes,497851,Education,NA,1818087,830840,Graduate,Nursing,Medical,Yes,Rural,ELS
Yes,337090,Education,NA,1688388,1688388,12th,BCA,Technical,Yes,Urban,ELS
Yes,199119,Business,Computer Centre,6346897,5667578,NA,NA,NA,NA,Urban,NO_ELIGIBLE_SCHEME
Yes,233032,Business,Fisheries,466469,84096,NA,NA,NA,NA,Urban,UNY
Yes,420070,Business,Service Business,113479,47747,NA,NA,NA,NA,Urban,AMY
Yes,140069,Business,Repair Shop,72661,66059,NA,NA,NA,NA,Rural,AMY
Yes,355605,Education,NA,1442448,1442448,Postgraduate,Engineering,Management,Yes,Urban,ELS
Yes,136556,Business,Fisheries,2747298,2228438,NA,NA,NA,NA,Urban,TERM_LOAN
Yes,202708,Education,NA,3558635,2658960,Postgraduate,MCA,Medical,Yes,Urban,ELS
Yes,242291,Business,Computer Centre,68197,65284,NA,NA,NA,NA,Rural,AMY
Yes,300446,Business,Small Manufacturing,129682,18912,NA,NA,NA,NA,Rural,AMY
Yes,174937,Business,Poultry,164503,60824,NA,NA,NA,NA,Rural,UNY
Yes,204884,Business,Computer Centre,113889,23275,NA,NA,NA,NA,Rural,AMY
Yes,102135,Business,Computer Centre,104897,26414,NA,NA,NA,NA,Rural,AMY
Yes,186435,Business,Small Manufacturing,129899,92223,NA,NA,NA,NA,Rural,AMY
Yes,124181,Business,Small Manufacturing,2358087,336510,NA,NA,NA,NA,Urban,TERM_LOAN
Yes,322021,Business,Tailoring,6066846,6509564,NA,NA,NA,NA,Urban,NO_ELIGIBLE_SCHEME
Yes,209252,Education,NA,2701438,2611767,Postgraduate,BCA,Professional,Yes,Urban,ELS
Yes,79875,Business,Service Business,4336964,3840822,NA,NA,NA,NA,Urban,TERM_LOAN
Yes,260921,Business,Repair Shop,56224,37152,NA,NA,NA,NA,Urban,MFS
Yes,145275,Business,Grocery Shop,298381,259191,NA,NA,NA,NA,Rural,UNY
Yes,266212,Business,Poultry,130183,10836,NA,NA,NA,NA,Rural,MFS
No,203564,Business,Food Business,166595,317886,NA,NA,NA,NA,Rural,NO_ELIGIBLE_SCHEME
Yes,105748,Business,Grocery Shop,137190,117147,NA,NA,NA,NA,Urban,MFS
Yes,207958,Business,Grocery Shop,2903446,1067474,NA,NA,NA,NA,Urban,TERM_LOAN
Yes,162388,Education,NA,117853,2482651,12th,MBA,Medical,No,Urban,NO_ELIGIBLE_SCHEME
Yes,429000,Business,Transport,1771176,1054348,NA,NA,NA,NA,Rural,TERM_LOAN
Yes,246802,Business,Grocery Shop,115563,107674,NA,NA,NA,NA,Urban,AMY
Yes,422675,Business,Poultry,275072,56592,NA,NA,NA,NA,Urban,UNY
Yes,318329,Education,NA,3776348,2856331,Postgraduate,Engineering,Professional,Yes,Urban,ELS
Yes,317128,Business,Fisheries,37849,10808,NA,NA,NA,NA,Urban,AMY
Yes,216443,Education,NA,765679,765679,Postgraduate,Pharmacy,Technical,Yes,Rural,ELS
Yes,508212,Business,Tailoring,110590,79308,NA,NA,NA,NA,Rural,NO_ELIGIBLE_SCHEME
Yes,199530,Business,Food Business,300172,217637,NA,NA,NA,NA,Urban,UNY
Yes,236662,Business,Tailoring,4632704,315698,NA,NA,NA,NA,Urban,TERM_LOAN
Yes,276129,Business,Fisheries,80079,27065,NA,NA,NA,NA,Rural,MFS
Yes,281196,Business,Grocery Shop,354063,270600,NA,NA,NA,NA,Rural,UNY
Yes,491247,Business,Service Business,81864,53544,NA,NA,NA,NA,Urban,MFS
Yes,426635,Education,NA,156379,156379,Graduate,MCA,Professional,Yes,Urban,ELS
Yes,308522,Business,Grocery Shop,3745905,166668,NA,NA,NA,NA,Urban,TERM_LOAN
Yes,161890,Business,Small Manufacturing,95095,86044,NA,NA,NA,NA,Urban,AMY
Yes,745598,Business,Transport,273477,187988,NA,NA,NA,NA,Urban,NO_ELIGIBLE_SCHEME
Yes,70153,Business,Transport,261017,137168,NA,NA,NA,NA,Urban,UNY
Yes,485423,Business,Tailoring,332503,285542,NA,NA,NA,NA,Rural,UNY
Yes,483490,Business,Poultry,705451,374532,NA,NA,NA,NA,Rural,TERM_LOAN
Yes,362855,Business,Service Business,166562,31044,NA,NA,NA,NA,Urban,UNY
Yes,173102,Business,Small Manufacturing,45220,16369,NA,NA,NA,NA,Rural,MFS
Yes,97781,Business,Small Manufacturing,116643,44734,NA,NA,NA,NA,Urban,MFS
Yes,385158,Education,NA,2391018,2391018,Postgraduate,Nursing,Management,Yes,Rural,ELS
Yes,367393,Business,Fisheries,99558,20249,NA,NA,NA,NA,Rural,AMY
Yes,178962,Business,Grocery Shop,6501826,5683998,NA,NA,NA,NA,Rural,NO_ELIGIBLE_SCHEME
Yes,124106,Business,Tailoring,111663,105672,NA,NA,NA,NA,Urban,MFS
No,105738,Business,Fisheries,351842,362909,NA,NA,NA,NA,Rural,NO_ELIGIBLE_SCHEME
Yes,416763,Business,Fisheries,7223976,5201787,NA,NA,NA,NA,Urban,NO_ELIGIBLE_SCHEME
Yes,478625,Business,Transport,464734,137442,NA,NA,NA,NA,Urban,UNY
Yes,464140,Business,Tailoring,2691766,1631211,NA,NA,NA,NA,Urban,TERM_LOAN
Yes,447829,Business,Fisheries,5000000,5000000,NA,NA,NA,NA,Urban,NO_ELIGIBLE_SCHEME
Yes,326992,Business,Repair Shop,5000000,5000000,NA,NA,NA,NA,Urban,NO_ELIGIBLE_SCHEME
Yes,151211,Education,NA,1036976,1036976,Postgraduate,MBA,Technical,Yes,Urban,ELS
Yes,406887,Education,NA,162359,162359,Graduate,Engineering,Medical,Yes,Rural,ELS
Yes,486025,Business,Repair Shop,204199,58115,NA,NA,NA,NA,Urban,UNY
Yes,184868,Business,Fisheries,7876521,6091485,NA,NA,NA,NA,Rural,NO_ELIGIBLE_SCHEME
Yes,227582,Business,Grocery Shop,5000000,5000000,NA,NA,NA,NA,Rural,NO_ELIGIBLE_SCHEME
Yes,213808,Business,Computer Centre,110781,56612,NA,NA,NA,NA,Rural,MFS
Yes,288438,Business,Computer Centre,100329,26199,NA,NA,NA,NA,Urban,MFS
Yes,219384,Business,Small Manufacturing,5000000,5000000,NA,NA,NA,NA,Urban,NO_ELIGIBLE_SCHEME
Yes,430213,Business,Food Business,60522,37833,NA,NA,NA,NA,Urban,MFS
Yes,203874,Business,Transport,1175681,1034430,NA,NA,NA,NA,Urban,TERM_LOAN
Yes,285706,Business,Computer Centre,3430052,1336281,NA,NA,NA,NA,Urban,TERM_LOAN
Yes,251809,Education,NA,2021611,1208445,Graduate,MCA,Management,Yes,Rural,ELS
Yes,290364,Business,Grocery Shop,121861,58823,NA,NA,NA,NA,Rural,MFS
Yes,282058,Business,Repair Shop,245018,110016,NA,NA,NA,NA,Rural,UNY
Yes,54233,Education,NA,2915611,2915611,12th,Medical,Medical,Yes,Urban,ELS
Yes,139554,Business,Poultry,5000000,5000000,NA,NA,NA,NA,Rural,NO_ELIGIBLE_SCHEME
Yes,88293,Education,NA,1823899,567879,Graduate,Engineering,Professional,Yes,Urban,ELS
Yes,146933,Education,NA,2056368,78570,12th,BTech,Medical,Yes,Urban,ELS
Yes,118019,Business,Computer Centre,218489,26668,NA,NA,NA,NA,Rural,UNY
Yes,468349,Business,Fisheries,292751,43902,NA,NA,NA,NA,Rural,UNY
No,104495,Business,Computer Centre,414150,362523,NA,NA,NA,NA,Rural,NO_ELIGIBLE_SCHEME
Yes,244390,Education,NA,3837711,1858081,Graduate,MBA,Technical,No,Urban,NO_ELIGIBLE_SCHEME
Yes,377921,Education,NA,1606860,1606860,Graduate,Medical,Management,Yes,Urban,ELS
Yes,378298,Business,Food Business,36021,13262,NA,NA,NA,NA,Rural,MFS
Yes,343629,Education,NA,3854581,3028085,12th,Engineering,Professional,No,Urban,NO_ELIGIBLE_SCHEME
Yes,326672,Education,NA,400418,400418,12th,BTech,Medical,Yes,Urban,ELS
Yes,95607,Education,NA,2188014,2188014,12th,Law,Management,Yes,Urban,ELS
Yes,354151,Education,NA,230976,230976,Postgraduate,Pharmacy,Medical,Yes,Rural,ELS
Yes,363549,Business,Computer Centre,77714,21588,NA,NA,NA,NA,Urban,AMY
Yes,138772,Business,Fisheries,1164369,650347,NA,NA,NA,NA,Rural,TERM_LOAN
Yes,182253,Education,NA,3925104,1963390,Graduate,Law,Professional,Yes,Urban,ELS
Yes,114410,Education,NA,1687209,1687209,Postgraduate,Medical,Technical,Yes,Rural,ELS
Yes,122177,Business,Poultry,3610052,2749155,NA,NA,NA,NA,Urban,TERM_LOAN
Yes,198579,Business,Repair Shop,417555,135814,NA,NA,NA,NA,Urban,UNY
Yes,152449,Business,Fisheries,85320,55064,NA,NA,NA,NA,Rural,AMY
Yes,290592,Business,Service Business,1786488,1686473,NA,NA,NA,NA,Rural,TERM_LOAN
Yes,57920,Education,NA,2313432,1926647,Graduate,Law,Management,No,Rural,NO_ELIGIBLE_SCHEME
Yes,269215,Business,Grocery Shop,244866,176443,NA,NA,NA,NA,Urban,UNY
Yes,138983,Business,Service Business,7846194,5398437,NA,NA,NA,NA,Rural,NO_ELIGIBLE_SCHEME
Yes,405484,Business,Grocery Shop,247436,68063,NA,NA,NA,NA,Rural,UNY
Yes,101534,Business,Small Manufacturing,4157609,2944401,NA,NA,NA,NA,Urban,TERM_LOAN
Yes,80874,Business,Fisheries,6890242,6039562,NA,NA,NA,NA,Urban,NO_ELIGIBLE_SCHEME
Yes,107945,Education,NA,2004818,440922,12th,BTech,Medical,No,Urban,NO_ELIGIBLE_SCHEME
Yes,213483,Business,Food Business,158677,90595,NA,NA,NA,NA,Rural,TERM_LOAN
Yes,392681,Business,Fisheries,99778,69998,NA,NA,NA,NA,Urban,AMY
Yes,117679,Business,Tailoring,439373,258592,NA,NA,NA,NA,Rural,UNY
Yes,61825,Business,Tailoring,207067,174888,NA,NA,NA,NA,Rural,TERM_LOAN
Yes,498863,Business,Grocery Shop,62640,50395,NA,NA,NA,NA,Urban,AMY
Yes,487056,Business,Poultry,120166,18292,NA,NA,NA,NA,Urban,AMY
Yes,322359,Business,Grocery Shop,40215,17074,NA,NA,NA,NA,Rural,MFS
Yes,231554,Business,Grocery Shop,135674,20831,NA,NA,NA,NA,Urban,AMY
Yes,337207,Business,Food Business,4297470,1779661,NA,NA,NA,NA,Rural,TERM_LOAN
Yes,427078,Business,Service Business,85552,85052,NA,NA,NA,NA,Urban,AMY
Yes,131438,Business,Transport,5000000,5000000,NA,NA,NA,NA,Rural,NO_ELIGIBLE_SCHEME
Yes,181561,Education,NA,1402754,1402754,Postgraduate,Engineering,Professional,Yes,Urban,ELS
Yes,259894,Business,Service Business,557056,452992,NA,NA,NA,NA,Urban,TERM_LOAN
Yes,478260,Education,NA,2646453,1972033,Postgraduate,Medical,Professional,No,Rural,NO_ELIGIBLE_SCHEME
Yes,95557,Education,NA,3887116,2063868,Graduate,BTech,Medical,No,Urban,NO_ELIGIBLE_SCHEME
Yes,483830,Business,Service Business,76267,59332,NA,NA,NA,NA,Urban,MFS
Yes,201807,Education,NA,1219289,1219289,Graduate,Pharmacy,Management,Yes,Rural,ELS
Yes,570574,Business,Tailoring,287751,101287,NA,NA,NA,NA,Rural,NO_ELIGIBLE_SCHEME
Yes,481818,Education,NA,1968145,1994691,Graduate,Nursing,Medical,No,Urban,NO_ELIGIBLE_SCHEME
Yes,88644,Business,Tailoring,51319,39575,NA,NA,NA,NA,Urban,MFS
Yes,613248,Business,Computer Centre,143208,315096,NA,NA,NA,NA,Urban,NO_ELIGIBLE_SCHEME
Yes,456207,Business,Tailoring,6056657,6214130,NA,NA,NA,NA,Urban,NO_ELIGIBLE_SCHEME
Yes,443721,Business,Small Manufacturing,1455537,231500,NA,NA,NA,NA,Rural,TERM_LOAN
Yes,154457,Business,Grocery Shop,65870,41560,NA,NA,NA,NA,Urban,AMY
Yes,187516,Business,Computer Centre,152219,104732,NA,NA,NA,NA,Rural,UNY
Yes,82182,Business,Food Business,766522,496134,NA,NA,NA,NA,Rural,TERM_LOAN
Yes,469325,Business,Grocery Shop,1717504,181338,NA,NA,NA,NA,Rural,TERM_LOAN
Yes,247304,Business,Fisheries,97720,42975,NA,NA,NA,NA,Urban,MFS
Yes,124513,Business,Fisheries,421924,53016,NA,NA,NA,NA,Urban,UNY
Yes,469058,Education,NA,3986870,832731,Postgraduate,Medical,Professional,Yes,Rural,ELS
Yes,475236,Business,Repair Shop,60539,26793,NA,NA,NA,NA,Rural,MFS
Yes,195834,Business,Tailoring,61574,31685,NA,NA,NA,NA,Rural,MFS
Yes,94550,Education,NA,3570166,3207842,Graduate,Engineering,Management,Yes,Urban,ELS
Yes,611286,Business,Poultry,496327,177652,NA,NA,NA,NA,Urban,NO_ELIGIBLE_SCHEME
Yes,148763,Business,Tailoring,312395,186882,NA,NA,NA,NA,Urban,UNY
Yes,480046,Business,Grocery Shop,1080347,245732,NA,NA,NA,NA,Urban,TERM_LOAN
Yes,407351,Business,Food Business,131659,70142,NA,NA,NA,NA,Rural,MFS
Yes,126175,Business,Tailoring,1536829,1198195,NA,NA,NA,NA,Urban,TERM_LOAN
Yes,182588,Education,NA,2863846,708510,Graduate,Engineering,Professional,Yes,Rural,ELS
Yes,257253,Business,Grocery Shop,69405,15879,NA,NA,NA,NA,Rural,MFS
Yes,206468,Business,Fisheries,241749,114812,NA,NA,NA,NA,Urban,UNY
Yes,177322,Business,Small Manufacturing,5000000,5000000,NA,NA,NA,NA,Urban,NO_ELIGIBLE_SCHEME
Yes,443437,Business,Grocery Shop,439635,201607,NA,NA,NA,NA,Urban,UNY
Yes,144525,Business,Fisheries,2203613,1484269,NA,NA,NA,NA,Rural,TERM_LOAN
Yes,81395,Business,Small Manufacturing,104202,92150,NA,NA,NA,NA,Rural,MFS
Yes,432460,Business,Tailoring,426631,308661,NA,NA,NA,NA,Urban,UNY
Yes,372337,Business,Fisheries,442330,322205,NA,NA,NA,NA,Urban,UNY
Yes,227381,Education,NA,697492,697492,12th,Law,Medical,Yes,Urban,ELS
No,416319,Business,Fisheries,89514,318406,NA,NA,NA,NA,Rural,NO_ELIGIBLE_SCHEME
Yes,194675,Business,Fisheries,61228,52614,NA,NA,NA,NA,Urban,AMY
Yes,366996,Business,Transport,95740,15995,NA,NA,NA,NA,Rural,AMY
Yes,69076,Education,NA,3681847,384700,Graduate,Medical,Management,Yes,Urban,ELS
Yes,470072,Business,Fisheries,61939,41482,NA,NA,NA,NA,Rural,AMY
Yes,125013,Business,Transport,121197,102269,NA,NA,NA,NA,Rural,AMY
Yes,70002,Education,NA,4264935,3772797,Graduate,Nursing,Technical,Yes,Urban,ELS
Yes,362226,Business,Computer Centre,230644,176477,NA,NA,NA,NA,Urban,UNY
No,124899,Business,Food Business,99849,228164,NA,NA,NA,NA,Rural,NO_ELIGIBLE_SCHEME
Yes,336831,Business,Computer Centre,48256,23384,NA,NA,NA,NA,Rural,AMY
Yes,72443,Business,Fisheries,78422,40673,NA,NA,NA,NA,Urban,MFS
Yes,142593,Business,Transport,135600,11276,NA,NA,NA,NA,Urban,MFS
Yes,404324,Business,Transport,164720,33240,NA,NA,NA,NA,Urban,UNY
Yes,142855,Business,Computer Centre,61845,14876,NA,NA,NA,NA,Rural,AMY
Yes,330646,Business,Service Business,69779,64809,NA,NA,NA,NA,Urban,AMY
Yes,62702,Business,Fisheries,575701,531249,NA,NA,NA,NA,Rural,TERM_LOAN
Yes,499711,Business,Poultry,88118,36417,NA,NA,NA,NA,Rural,AMY
Yes,100707,Business,Computer Centre,42156,22449,NA,NA,NA,NA,Urban,MFS
Yes,66436,Business,Small Manufacturing,2621245,2524026,NA,NA,NA,NA,Rural,TERM_LOAN
Yes,429116,Business,Tailoring,39884,10316,NA,NA,NA,NA,Urban,AMY
Yes,123257,Business,Poultry,71044,17827,NA,NA,NA,NA,Rural,AMY
Yes,439048,Business,Small Manufacturing,4812822,3148395,NA,NA,NA,NA,Rural,TERM_LOAN
Yes,186951,Business,Poultry,33617,13779,NA,NA,NA,NA,Urban,MFS
Yes,435016,Business,Computer Centre,57637,47863,NA,NA,NA,NA,Rural,MFS
Yes,480505,Business,Transport,30935,16425,NA,NA,NA,NA,Rural,MFS
Yes,113628,Business,Fisheries,96683,39391,NA,NA,NA,NA,Rural,MFS
Yes,415721,Business,Food Business,68657,26997,NA,NA,NA,NA,Urban,AMY
Yes,429749,Business,Grocery Shop,48924,19632,NA,NA,NA,NA,Urban,AMY
Yes,114127,Education,NA,311438,3542505,Graduate,Engineering,Management,No,Urban,NO_ELIGIBLE_SCHEME
Yes,76888,Business,Service Business,124932,63046,NA,NA,NA,NA,Urban,AMY
Yes,297544,Business,Transport,5000000,5000000,NA,NA,NA,NA,Rural,NO_ELIGIBLE_SCHEME
Yes,67589,Education,NA,330458,2455759,12th,BCA,Technical,No,Urban,NO_ELIGIBLE_SCHEME
Yes,300010,Business,Fisheries,217156,72429,NA,NA,NA,NA,Urban,UNY
Yes,610224,Business,Transport,143190,399533,NA,NA,NA,NA,Urban,NO_ELIGIBLE_SCHEME
Yes,486639,Business,Transport,477866,196560,NA,NA,NA,NA,Urban,UNY
Yes,377243,Business,Repair Shop,56330,23743,NA,NA,NA,NA,Urban,MFS
Yes,226570,Business,Service Business,494855,34876,NA,NA,NA,NA,Rural,UNY
Yes,238083,Business,Repair Shop,90666,68373,NA,NA,NA,NA,Urban,MFS
Yes,84271,Business,Small Manufacturing,2100777,2021958,NA,NA,NA,NA,Rural,TERM_LOAN
Yes,634399,Business,Tailoring,428958,330654,NA,NA,NA,NA,Urban,NO_ELIGIBLE_SCHEME
Yes,302898,Business,Repair Shop,7502520,6229795,NA,NA,NA,NA,Rural,NO_ELIGIBLE_SCHEME
Yes,389889,Business,Computer Centre,103200,81732,NA,NA,NA,NA,Urban,AMY
Yes,489954,Business,Tailoring,80692,33224,NA,NA,NA,NA,Rural,MFS
Yes,55777,Business,Service Business,103952,61043,NA,NA,NA,NA,Urban,AMY
Yes,132888,Business,Poultry,64060,41360,NA,NA,NA,NA,Rural,AMY
Yes,269229,Business,Transport,48332,45853,NA,NA,NA,NA,Rural,AMY
Yes,148554,Business,Computer Centre,1215439,55584,NA,NA,NA,NA,Urban,TERM_LOAN
Yes,215692,Business,Transport,400598,74225,NA,NA,NA,NA,Rural,UNY
Yes,351666,Business,Transport,5000000,5000000,NA,NA,NA,NA,Urban,NO_ELIGIBLE_SCHEME
Yes,327567,Business,Repair Shop,31553,10548,NA,NA,NA,NA,Urban,MFS
Yes,356296,Education,NA,2939664,3914697,Graduate,Engineering,Medical,No,Rural,NO_ELIGIBLE_SCHEME
Yes,394345,Business,Poultry,5000000,5000000,NA,NA,NA,NA,Rural,NO_ELIGIBLE_SCHEME
Yes,249906,Business,Food Business,135501,63421,NA,NA,NA,NA,Rural,AMY
Yes,125794,Business,Small Manufacturing,2134705,1855025,NA,NA,NA,NA,Urban,TERM_LOAN
No,346275,Business,Tailoring,197098,23857,NA,NA,NA,NA,Rural,NO_ELIGIBLE_SCHEME
Yes,296887,Business,Service Business,1191605,664489,NA,NA,NA,NA,Urban,TERM_LOAN
Yes,314951,Business,Service Business,58657,25247,NA,NA,NA,NA,Rural,MFS
Yes,191688,Business,Tailoring,209351,155038,NA,NA,NA,NA,Urban,UNY
Yes,464962,Business,Tailoring,65986,51908,NA,NA,NA,NA,Rural,MFS
Yes,113251,Business,Small Manufacturing,104838,75568,NA,NA,NA,NA,Urban,MFS
Yes,85960,Education,NA,360484,360484,12th,Medical,Medical,Yes,Rural,ELS
Yes,51702,Education,NA,3591555,732272,12th,Pharmacy,Management,Yes,Rural,ELS
Yes,194072,Business,Transport,7541936,6023813,NA,NA,NA,NA,Urban,NO_ELIGIBLE_SCHEME
No,315350,Business,Fisheries,173286,108233,NA,NA,NA,NA,Urban,NO_ELIGIBLE_SCHEME
Yes,397011,Business,Service Business,2174263,1210680,NA,NA,NA,NA,Urban,TERM_LOAN
Yes,390388,Business,Transport,121891,49608,NA,NA,NA,NA,Rural,MFS
Yes,499655,Business,Small Manufacturing,145472,57587,NA,NA,NA,NA,Rural,UNY
Yes,138413,Business,Service Business,95873,94015,NA,NA,NA,NA,Rural,MFS
Yes,716747,Business,Repair Shop,137625,263510,NA,NA,NA,NA,Rural,NO_ELIGIBLE_SCHEME
Yes,486416,Business,Computer Centre,7472685,6829055,NA,NA,NA,NA,Rural,NO_ELIGIBLE_SCHEME
Yes,80624,Business,Grocery Shop,286800,26325,NA,NA,NA,NA,Urban,UNY
Yes,138848,Business,Service Business,462103,189202,NA,NA,NA,NA,Urban,UNY
Yes,403382,Business,Tailoring,110634,32214,NA,NA,NA,NA,Urban,MFS
Yes,296839,Business,Tailoring,7359315,6436653,NA,NA,NA,NA,Rural,NO_ELIGIBLE_SCHEME
Yes,319582,Business,Grocery Shop,250170,146312,NA,NA,NA,NA,Urban,UNY
Yes,184137,Business,Small Manufacturing,205654,195907,NA,NA,NA,NA,Urban,TERM_LOAN
Yes,436171,Business,Computer Centre,33248,15877,NA,NA,NA,NA,Urban,MFS
Yes,106547,Business,Transport,130030,76448,NA,NA,NA,NA,Urban,AMY
Yes,287653,Business,Grocery Shop,494646,166866,NA,NA,NA,NA,Rural,UNY
Yes,223601,Business,Tailoring,4783419,261747,NA,NA,NA,NA,Rural,TERM_LOAN
Yes,373144,Business,Grocery Shop,60488,11390,NA,NA,NA,NA,Urban,AMY
Yes,343047,Business,Food Business,103821,67061,NA,NA,NA,NA,Rural,AMY
Yes,226183,Business,Grocery Shop,443517,236773,NA,NA,NA,NA,Rural,TERM_LOAN
Yes,224854,Business,Fisheries,36629,35781,NA,NA,NA,NA,Rural,MFS
Yes,200829,Business,Tailoring,139110,117496,NA,NA,NA,NA,Urban,MFS
Yes,261504,Business,Computer Centre,33164,24691,NA,NA,NA,NA,Urban,AMY
Yes,253944,Business,Fisheries,127405,19012,NA,NA,NA,NA,Rural,AMY
Yes,191952,Business,Fisheries,5000000,5000000,NA,NA,NA,NA,Rural,NO_ELIGIBLE_SCHEME
Yes,239946,Business,Transport,2539114,1789621,NA,NA,NA,NA,Urban,TERM_LOAN
No,277453,Business,Fisheries,348307,106487,NA,NA,NA,NA,Rural,NO_ELIGIBLE_SCHEME
Yes,188512,Business,Poultry,4004792,3477228,NA,NA,NA,NA,Urban,TERM_LOAN
Yes,261579,Business,Service Business,41679,13085,NA,NA,NA,NA,Urban,AMY
Yes,232383,Business,Transport,3769633,1943383,NA,NA,NA,NA,Rural,TERM_LOAN
Yes,294903,Education,NA,1449256,1239629,12th,MBA,Medical,Yes,Urban,ELS
Yes,431206,Business,Food Business,2732956,60306,NA,NA,NA,NA,Rural,TERM_LOAN
Yes,369346,Business,Service Business,7431325,6287929,NA,NA,NA,NA,Rural,NO_ELIGIBLE_SCHEME
Yes,385239,Business,Transport,419660,296093,NA,NA,NA,NA,Rural,UNY
Yes,244492,Business,Computer Centre,119006,68972,NA,NA,NA,NA,Urban,MFS
Yes,474076,Business,Grocery Shop,2770349,1438375,NA,NA,NA,NA,Urban,TERM_LOAN
Yes,224663,Business,Poultry,37708,36548,NA,NA,NA,NA,Rural,AMY
No,333735,Business,Transport,293111,100723,NA,NA,NA,NA,Rural,NO_ELIGIBLE_SCHEME
Yes,168055,Education,NA,374468,2972478,Graduate,Engineering,Technical,No,Urban,NO_ELIGIBLE_SCHEME
Yes,247000,Business,Fisheries,56478,19939,NA,NA,NA,NA,Rural,AMY
Yes,79813,Business,Tailoring,890019,111040,NA,NA,NA,NA,Rural,TERM_LOAN
Yes,127663,Business,Service Business,374756,81309,NA,NA,NA,NA,Rural,UNY
No,403784,Business,Tailoring,498737,245232,NA,NA,NA,NA,Rural,NO_ELIGIBLE_SCHEME
Yes,181628,Business,Small Manufacturing,2317026,675686,NA,NA,NA,NA,Urban,TERM_LOAN
Yes,359106,Business,Transport,48351,18071,NA,NA,NA,NA,Urban,MFS
Yes,401233,Business,Grocery Shop,3854952,2785335,NA,NA,NA,NA,Urban,TERM_LOAN
Yes,351501,Business,Fisheries,114048,62674,NA,NA,NA,NA,Rural,AMY
Yes,461885,Business,Computer Centre,473731,288956,NA,NA,NA,NA,Rural,UNY
Yes,365947,Business,Transport,70173,39223,NA,NA,NA,NA,Rural,MFS
Yes,297418,Business,Grocery Shop,104620,91984,NA,NA,NA,NA,Urban,AMY
Yes,371943,Education,NA,2174705,1933792,12th,Engineering,Medical,Yes,Urban,ELS
Yes,342077,Education,NA,2742017,544585,12th,Pharmacy,Technical,Yes,Rural,ELS
Yes,140965,Business,Poultry,4774019,290584,NA,NA,NA,NA,Urban,TERM_LOAN
Yes,232562,Business,Poultry,141576,61363,NA,NA,NA,NA,Rural,UNY
Yes,415423,Business,Transport,329434,154182,NA,NA,NA,NA,Rural,UNY
Yes,442028,Business,Grocery Shop,131379,86854,NA,NA,NA,NA,Rural,AMY
Yes,496807,Education,NA,1977354,1377911,Postgraduate,Engineering,Professional,Yes,Urban,ELS
No,119019,Business,Fisheries,451554,214352,NA,NA,NA,NA,Rural,NO_ELIGIBLE_SCHEME
Yes,313500,Business,Service Business,376093,352508,NA,NA,NA,NA,Rural,UNY
Yes,472286,Business,Poultry,97467,27014,NA,NA,NA,NA,Rural,AMY
Yes,346523,Business,Repair Shop,46682,45603,NA,NA,NA,NA,Rural,AMY
Yes,201511,Business,Tailoring,452719,427159,NA,NA,NA,NA,Rural,UNY
Yes,349798,Business,Tailoring,40722,38839,NA,NA,NA,NA,Rural,MFS
Yes,309862,Business,Grocery Shop,334691,153718,NA,NA,NA,NA,Urban,TERM_LOAN
Yes,352205,Business,Fisheries,46217,21968,NA,NA,NA,NA,Rural,AMY
Yes,111117,Education,NA,2780113,2364942,Graduate,Pharmacy,Medical,Yes,Rural,ELS
Yes,306274,Business,Fisheries,2711805,213339,NA,NA,NA,NA,Rural,TERM_LOAN
Yes,324248,Business,Food Business,48754,27756,NA,NA,NA,NA,Urban,MFS
Yes,278264,Education,NA,2923540,507917,Graduate,MBA,Technical,No,Urban,NO_ELIGIBLE_SCHEME
Yes,118578,Education,NA,2954920,1062282,Postgraduate,MCA,Professional,Yes,Rural,ELS
Yes,199451,Business,Tailoring,141412,31629,NA,NA,NA,NA,Rural,UNY
Yes,321446,Business,Tailoring,83143,36255,NA,NA,NA,NA,Rural,MFS
Yes,283674,Business,Small Manufacturing,6416445,5025411,NA,NA,NA,NA,Rural,NO_ELIGIBLE_SCHEME
Yes,262696,Business,Grocery Shop,96577,23491,NA,NA,NA,NA,Urban,MFS
Yes,492028,Education,NA,2074860,1431704,Graduate,Pharmacy,Professional,Yes,Rural,ELS
Yes,396396,Business,Service Business,82813,14229,NA,NA,NA,NA,Rural,AMY
Yes,100593,Education,NA,1306956,1306956,Graduate,BTech,Medical,Yes,Rural,ELS
Yes,331480,Business,Food Business,7787957,6627508,NA,NA,NA,NA,Rural,NO_ELIGIBLE_SCHEME
Yes,192507,Business,Small Manufacturing,120427,22954,NA,NA,NA,NA,Urban,AMY
Yes,202601,Education,NA,1529896,743980,Postgraduate,BCA,Technical,Yes,Rural,ELS
Yes,124056,Business,Food Business,186185,159917,NA,NA,NA,NA,Rural,UNY
Yes,360209,Business,Grocery Shop,4214041,3562030,NA,NA,NA,NA,Rural,TERM_LOAN
No,224759,Business,Poultry,358707,154085,NA,NA,NA,NA,Rural,NO_ELIGIBLE_SCHEME
No,310807,Business,Food Business,296087,162384,NA,NA,NA,NA,Urban,NO_ELIGIBLE_SCHEME
Yes,359175,Education,NA,964156,269873,Graduate,MCA,Medical,No,Rural,NO_ELIGIBLE_SCHEME
No,268660,Business,Poultry,72836,289566,NA,NA,NA,NA,Rural,NO_ELIGIBLE_SCHEME
Yes,409189,Business,Repair Shop,496059,193035,NA,NA,NA,NA,Urban,UNY
Yes,614532,Business,Service Business,112725,171821,NA,NA,NA,NA,Rural,NO_ELIGIBLE_SCHEME
Yes,301257,Business,Service Business,88860,88372,NA,NA,NA,NA,Urban,MFS
Yes,249269,Education,NA,3647840,1489580,12th,Pharmacy,Professional,No,Rural,NO_ELIGIBLE_SCHEME
Yes,265726,Education,NA,2511575,2384654,Postgraduate,MBA,Technical,Yes,Rural,ELS
Yes,257402,Business,Repair Shop,165054,61923,NA,NA,NA,NA,Rural,UNY
Yes,107624,Business,Service Business,371410,66459,NA,NA,NA,NA,Urban,UNY
Yes,122382,Business,Transport,1442855,200181,NA,NA,NA,NA,Urban,TERM_LOAN
Yes,191593,Business,Transport,4519637,1119335,NA,NA,NA,NA,Urban,TERM_LOAN
Yes,469361,Business,Service Business,100545,81582,NA,NA,NA,NA,Rural,MFS
No,282203,Business,Grocery Shop,105553,342938,NA,NA,NA,NA,Urban,NO_ELIGIBLE_SCHEME
Yes,311234,Business,Small Manufacturing,130023,30885,NA,NA,NA,NA,Urban,MFS
Yes,179974,Business,Food Business,1603854,1274473,NA,NA,NA,NA,Rural,TERM_LOAN
Yes,425935,Education,NA,3938278,3188036,Graduate,Law,Professional,Yes,Rural,ELS
Yes,363822,Education,NA,2364562,2364562,Postgraduate,Law,Management,Yes,Rural,ELS
Yes,204283,Business,Grocery Shop,6541062,5271641,NA,NA,NA,NA,Urban,NO_ELIGIBLE_SCHEME
Yes,61429,Business,Grocery Shop,136528,19828,NA,NA,NA,NA,Rural,MFS
Yes,385592,Business,Poultry,264167,229157,NA,NA,NA,NA,Urban,UNY
Yes,132528,Business,Service Business,36895,15098,NA,NA,NA,NA,Rural,MFS
Yes,336342,Business,Transport,146292,44570,NA,NA,NA,NA,Urban,UNY
Yes,444956,Business,Fisheries,139359,100956,NA,NA,NA,NA,Rural,AMY
Yes,402222,Business,Repair Shop,52154,29157,NA,NA,NA,NA,Urban,AMY
Yes,106301,Business,Tailoring,58880,28315,NA,NA,NA,NA,Rural,AMY
Yes,143132,Business,Tailoring,118458,82470,NA,NA,NA,NA,Urban,AMY
Yes,128087,Business,Service Business,98069,69898,NA,NA,NA,NA,Rural,MFS
Yes,472891,Business,Fisheries,53120,35420,NA,NA,NA,NA,Urban,AMY
Yes,447642,Business,Transport,137513,18869,NA,NA,NA,NA,Rural,MFS
Yes,477597,Education,NA,351766,351766,Postgraduate,BCA,Management,Yes,Rural,ELS
Yes,443465,Business,Repair Shop,328910,170970,NA,NA,NA,NA,Urban,UNY
Yes,255604,Business,Repair Shop,2907902,441004,NA,NA,NA,NA,Rural,TERM_LOAN
Yes,124031,Business,Tailoring,6936553,5568381,NA,NA,NA,NA,Rural,NO_ELIGIBLE_SCHEME
Yes,456711,Business,Fisheries,139161,47512,NA,NA,NA,NA,Urban,MFS
Yes,151448,Business,Repair Shop,131731,105015,NA,NA,NA,NA,Urban,MFS
Yes,137493,Business,Computer Centre,95484,84302,NA,NA,NA,NA,Rural,MFS
No,282581,Business,Small Manufacturing,134915,384583,NA,NA,NA,NA,Urban,NO_ELIGIBLE_SCHEME
Yes,346243,Business,Computer Centre,66564,19202,NA,NA,NA,NA,Urban,AMY
Yes,408699,Business,Transport,137970,118186,NA,NA,NA,NA,Rural,AMY
Yes,89462,Business,Small Manufacturing,352666,169598,NA,NA,NA,NA,Rural,UNY
Yes,177964,Business,Grocery Shop,119979,83834,NA,NA,NA,NA,Urban,AMY
Yes,349759,Education,NA,3310103,2406172,Postgraduate,Nursing,Professional,Yes,Urban,ELS
Yes,224569,Business,Repair Shop,92835,37379,NA,NA,NA,NA,Rural,MFS
Yes,481861,Business,Repair Shop,84059,44987,NA,NA,NA,NA,Rural,MFS
Yes,182970,Business,Poultry,211874,29760,NA,NA,NA,NA,Urban,UNY
Yes,251321,Business,Food Business,46874,43224,NA,NA,NA,NA,Rural,AMY
Yes,155121,Business,Poultry,187045,71079,NA,NA,NA,NA,Urban,UNY
Yes,92032,Business,Transport,90014,21443,NA,NA,NA,NA,Rural,MFS
Yes,418857,Business,Repair Shop,139280,81200,NA,NA,NA,NA,Rural,MFS
Yes,96158,Education,NA,3275352,2985987,12th,BTech,Technical,No,Rural,NO_ELIGIBLE_SCHEME
Yes,387954,Business,Transport,80326,73463,NA,NA,NA,NA,Urban,AMY
Yes,424264,Business,Fisheries,98521,31414,NA,NA,NA,NA,Rural,AMY
Yes,117460,Business,Fisheries,420256,243094,NA,NA,NA,NA,Urban,UNY
Yes,308693,Business,Repair Shop,37724,35146,NA,NA,NA,NA,Urban,AMY
Yes,169913,Business,Repair Shop,3955594,3652102,NA,NA,NA,NA,Urban,TERM_LOAN
Yes,302781,Business,Poultry,4217635,1846884,NA,NA,NA,NA,Rural,TERM_LOAN
Yes,208597,Business,Computer Centre,432462,329627,NA,NA,NA,NA,Urban,UNY
Yes,233264,Education,NA,4240825,2774728,Postgraduate,Law,Medical,Yes,Urban,ELS
Yes,224879,Business,Poultry,35778,10116,NA,NA,NA,NA,Urban,MFS
Yes,119549,Business,Tailoring,462555,404724,NA,NA,NA,NA,Urban,TERM_LOAN
Yes,316127,Business,Grocery Shop,5000000,5000000,NA,NA,NA,NA,Rural,NO_ELIGIBLE_SCHEME
Yes,243032,Business,Tailoring,113228,100241,NA,NA,NA,NA,Urban,AMY
Yes,488670,Business,Food Business,103807,34672,NA,NA,NA,NA,Urban,MFS
Yes,281439,Education,NA,1360355,742689,Graduate,BTech,Medical,Yes,Rural,ELS
Yes,362018,Business,Tailoring,3100438,1095205,NA,NA,NA,NA,Rural,TERM_LOAN
Yes,186011,Business,Computer Centre,106576,11581,NA,NA,NA,NA,Urban,AMY
Yes,342977,Business,Tailoring,5000000,5000000,NA,NA,NA,NA,Urban,NO_ELIGIBLE_SCHEME
Yes,420973,Business,Small Manufacturing,33646,30253,NA,NA,NA,NA,Rural,AMY
Yes,129005,Education,NA,1658805,3688952,Graduate,MCA,Technical,No,Rural,NO_ELIGIBLE_SCHEME
Yes,71509,Business,Grocery Shop,162314,69089,NA,NA,NA,NA,Rural,UNY
Yes,499761,Business,Food Business,2006333,500456,NA,NA,NA,NA,Urban,TERM_LOAN
Yes,247444,Education,NA,2484926,2096343,Graduate,Pharmacy,Professional,Yes,Rural,ELS
Yes,88226,Business,Service Business,60882,42345,NA,NA,NA,NA,Rural,AMY
Yes,283659,Business,Grocery Shop,190742,89046,NA,NA,NA,NA,Rural,UNY
Yes,171046,Business,Food Business,1476649,1139754,NA,NA,NA,NA,Rural,TERM_LOAN
Yes,389138,Business,Poultry,5000000,5000000,NA,NA,NA,NA,Rural,NO_ELIGIBLE_SCHEME
Yes,106327,Business,Poultry,1019791,458556,NA,NA,NA,NA,Urban,TERM_LOAN
Yes,448571,Business,Grocery Shop,108957,30036,NA,NA,NA,NA,Rural,MFS
Yes,144676,Business,Tailoring,454106,381265,NA,NA,NA,NA,Urban,UNY
Yes,452865,Business,Small Manufacturing,7072604,5028329,NA,NA,NA,NA,Rural,NO_ELIGIBLE_SCHEME
Yes,159402,Education,NA,1889099,1889099,Graduate,BTech,Professional,Yes,Rural,ELS
Yes,443403,Business,Repair Shop,7611056,6025934,NA,NA,NA,NA,Rural,NO_ELIGIBLE_SCHEME
Yes,463954,Business,Transport,60079,41596,NA,NA,NA,NA,Urban,MFS
Yes,182482,Business,Computer Centre,262383,42328,NA,NA,NA,NA,Urban,UNY
Yes,325389,Business,Grocery Shop,83903,22805,NA,NA,NA,NA,Urban,MFS
Yes,319997,Business,Small Manufacturing,129701,58567,NA,NA,NA,NA,Rural,MFS
Yes,171688,Business,Small Manufacturing,75068,38712,NA,NA,NA,NA,Rural,MFS
Yes,765523,Business,Fisheries,472054,184302,NA,NA,NA,NA,Urban,NO_ELIGIBLE_SCHEME
Yes,252667,Business,Transport,75947,70960,NA,NA,NA,NA,Rural,AMY
Yes,451474,Education,NA,1065679,3458149,12th,Nursing,Technical,No,Rural,NO_ELIGIBLE_SCHEME
Yes,327411,Business,Tailoring,52087,10113,NA,NA,NA,NA,Rural,AMY
Yes,259049,Business,Transport,138451,69441,NA,NA,NA,NA,Rural,MFS
Yes,498643,Business,Computer Centre,59083,24078,NA,NA,NA,NA,Rural,MFS
Yes,469450,Business,Poultry,55698,19558,NA,NA,NA,NA,Urban,MFS
Yes,184231,Business,Food Business,63809,41015,NA,NA,NA,NA,Rural,AMY
Yes,263527,Business,Food Business,2673658,414958,NA,NA,NA,NA,Rural,TERM_LOAN
Yes,371431,Business,Tailoring,53330,31404,NA,NA,NA,NA,Urban,AMY
Yes,172921,Business,Fisheries,3722861,84988,NA,NA,NA,NA,Rural,TERM_LOAN
Yes,437544,Business,Small Manufacturing,35961,15289,NA,NA,NA,NA,Rural,MFS
Yes,79673,Education,NA,3825281,1161071,12th,BCA,Technical,No,Rural,NO_ELIGIBLE_SCHEME
Yes,452788,Business,Tailoring,6434708,5647367,NA,NA,NA,NA,Urban,NO_ELIGIBLE_SCHEME
Yes,236374,Education,NA,3471404,3222193,Postgraduate,Nursing,Professional,Yes,Rural,ELS
Yes,124079,Business,Service Business,279757,252884,NA,NA,NA,NA,Rural,TERM_LOAN
Yes,755664,Business,Poultry,211135,250265,NA,NA,NA,NA,Urban,NO_ELIGIBLE_SCHEME
Yes,406942,Business,Transport,111034,89777,NA,NA,NA,NA,Rural,MFS
Yes,381492,Business,Grocery Shop,82509,17234,NA,NA,NA,NA,Urban,MFS
Yes,239843,Business,Small Manufacturing,97980,37585,NA,NA,NA,NA,Rural,AMY
Yes,75744,Business,Food Business,394257,175289,NA,NA,NA,NA,Urban,UNY
Yes,89235,Business,Repair Shop,4183909,2093879,NA,NA,NA,NA,Urban,TERM_LOAN
Yes,225137,Education,NA,102459,194982,Graduate,MCA,Management,No,Urban,NO_ELIGIBLE_SCHEME
Yes,439965,Business,Grocery Shop,134614,17279,NA,NA,NA,NA,Urban,MFS
Yes,448441,Education,NA,3196005,110744,Postgraduate,Law,Management,Yes,Rural,ELS
Yes,263180,Business,Service Business,964437,198225,NA,NA,NA,NA,Urban,TERM_LOAN
Yes,721680,Business,Transport,283673,240662,NA,NA,NA,NA,Rural,NO_ELIGIBLE_SCHEME
Yes,180767,Business,Computer Centre,4361468,4151110,NA,NA,NA,NA,Urban,TERM_LOAN
Yes,603449,Business,Transport,194042,180614,NA,NA,NA,NA,Urban,NO_ELIGIBLE_SCHEME
Yes,296369,Business,Repair Shop,89048,87832,NA,NA,NA,NA,Rural,MFS
Yes,403211,Business,Computer Centre,42190,23072,NA,NA,NA,NA,Rural,MFS
Yes,81703,Education,NA,2790548,1007613,12th,Pharmacy,Professional,No,Urban,NO_ELIGIBLE_SCHEME
Yes,522481,Business,Service Business,140574,260402,NA,NA,NA,NA,Urban,NO_ELIGIBLE_SCHEME
Yes,102364,Business,Repair Shop,929742,620716,NA,NA,NA,NA,Urban,TERM_LOAN
Yes,433602,Business,Grocery Shop,5000000,5000000,NA,NA,NA,NA,Rural,NO_ELIGIBLE_SCHEME
Yes,332304,Education,NA,918079,918079,Postgraduate,BTech,Medical,Yes,Rural,ELS
Yes,426029,Business,Tailoring,2947476,831257,NA,NA,NA,NA,Urban,TERM_LOAN
Yes,61471,Business,Transport,123463,114870,NA,NA,NA,NA,Urban,AMY
Yes,415563,Business,Service Business,3055836,1834961,NA,NA,NA,NA,Rural,TERM_LOAN
Yes,65365,Business,Grocery Shop,237774,89784,NA,NA,NA,NA,Urban,UNY
Yes,285105,Business,Small Manufacturing,49391,34439,NA,NA,NA,NA,Rural,MFS
No,105345,Business,Grocery Shop,176403,348453,NA,NA,NA,NA,Urban,NO_ELIGIBLE_SCHEME
Yes,421464,Business,Food Business,129678,50871,NA,NA,NA,NA,Rural,AMY
Yes,81018,Business,Grocery Shop,67409,52329,NA,NA,NA,NA,Rural,MFS
Yes,62323,Business,Tailoring,136757,35035,NA,NA,NA,NA,Rural,AMY
Yes,204611,Business,Food Business,79925,79541,NA,NA,NA,NA,Urban,MFS
Yes,454751,Business,Poultry,415161,341661,NA,NA,NA,NA,Urban,UNY
No,412240,Business,Fisheries,158068,135657,NA,NA,NA,NA,Rural,NO_ELIGIBLE_SCHEME
Yes,635452,Business,Computer Centre,490743,293050,NA,NA,NA,NA,Rural,NO_ELIGIBLE_SCHEME
Yes,288278,Business,Food Business,109632,92868,NA,NA,NA,NA,Rural,AMY
Yes,469722,Business,Fisheries,64435,39945,NA,NA,NA,NA,Rural,AMY
Yes,414271,Business,Grocery Shop,381511,288804,NA,NA,NA,NA,Urban,UNY
Yes,385078,Business,Fisheries,443134,56504,NA,NA,NA,NA,Urban,UNY
Yes,176134,Education,NA,1175643,1175643,Postgraduate,BCA,Medical,Yes,Rural,ELS
Yes,96258,Business,Computer Centre,127552,98408,NA,NA,NA,NA,Urban,AMY
Yes,54954,Business,Poultry,37355,30864,NA,NA,NA,NA,Rural,MFS
Yes,140094,Business,Transport,129922,38819,NA,NA,NA,NA,Rural,AMY
Yes,354055,Education,NA,1385886,1058563,12th,BTech,Technical,Yes,Urban,ELS
Yes,368487,Business,Grocery Shop,102291,45527,NA,NA,NA,NA,Rural,AMY
Yes,364118,Business,Food Business,3974398,1880493,NA,NA,NA,NA,Rural,TERM_LOAN
Yes,490092,Business,Small Manufacturing,202564,38289,NA,NA,NA,NA,Rural,UNY
Yes,426102,Business,Fisheries,35499,28134,NA,NA,NA,NA,Rural,AMY
Yes,182976,Business,Repair Shop,115403,86725,NA,NA,NA,NA,Urban,MFS
Yes,364876,Business,Fisheries,100836,15863,NA,NA,NA,NA,Urban,AMY
Yes,309277,Business,Transport,61626,53575,NA,NA,NA,NA,Urban,AMY
Yes,365031,Business,Poultry,477804,298240,NA,NA,NA,NA,Urban,UNY
Yes,475392,Education,NA,2952560,2235446,Postgraduate,MBA,Professional,Yes,Urban,ELS
Yes,138074,Business,Service Business,90423,16637,NA,NA,NA,NA,Urban,MFS
Yes,222963,Education,NA,3188144,2424580,Postgraduate,BTech,Technical,Yes,Rural,ELS
Yes,200800,Business,Service Business,124510,16743,NA,NA,NA,NA,Urban,MFS
Yes,367052,Education,NA,1820987,1820987,12th,Pharmacy,Professional,Yes,Urban,ELS
Yes,105880,Business,Poultry,83588,57483,NA,NA,NA,NA,Urban,MFS
Yes,213355,Business,Food Business,74815,37541,NA,NA,NA,NA,Urban,MFS
Yes,270718,Education,NA,2938470,678269,Graduate,Pharmacy,Management,Yes,Rural,ELS
Yes,294984,Business,Small Manufacturing,226995,114205,NA,NA,NA,NA,Urban,UNY
Yes,226350,Education,NA,4462256,1370790,Postgraduate,Engineering,Management,Yes,Rural,ELS
Yes,417203,Business,Grocery Shop,85534,55158,NA,NA,NA,NA,Rural,MFS
Yes,239111,Business,Service Business,45397,25637,NA,NA,NA,NA,Urban,AMY
Yes,328063,Business,Tailoring,95382,10568,NA,NA,NA,NA,Urban,MFS
No,470414,Business,Small Manufacturing,350073,272888,NA,NA,NA,NA,Urban,NO_ELIGIBLE_SCHEME
Yes,126867,Business,Transport,425476,379709,NA,NA,NA,NA,Urban,UNY
Yes,351416,Business,Tailoring,89606,62947,NA,NA,NA,NA,Urban,MFS
Yes,272370,Business,Grocery Shop,124919,68369,NA,NA,NA,NA,Urban,AMY
Yes,152548,Business,Repair Shop,4452724,3186400,NA,NA,NA,NA,Urban,TERM_LOAN
Yes,243814,Business,Poultry,87788,44132,NA,NA,NA,NA,Rural,MFS
Yes,72726,Business,Service Business,77250,21115,NA,NA,NA,NA,Rural,AMY
Yes,460159,Business,Transport,260160,85324,NA,NA,NA,NA,Rural,TERM_LOAN
Yes,283397,Business,Transport,468792,439744,NA,NA,NA,NA,Urban,UNY
Yes,407663,Business,Grocery Shop,3926945,1180081,NA,NA,NA,NA,Rural,TERM_LOAN
Yes,199857,Business,Small Manufacturing,162988,108629,NA,NA,NA,NA,Urban,UNY
Yes,390384,Business,Transport,131563,98940,NA,NA,NA,NA,Urban,MFS
Yes,172438,Business,Computer Centre,411891,120761,NA,NA,NA,NA,Rural,UNY
Yes,285863,Business,Grocery Shop,40919,39928,NA,NA,NA,NA,Urban,AMY
Yes,111603,Business,Fisheries,6159539,5746131,NA,NA,NA,NA,Urban,NO_ELIGIBLE_SCHEME
Yes,498734,Education,NA,3047673,1719934,12th,Nursing,Medical,Yes,Rural,ELS
Yes,440647,Education,NA,894776,894776,Graduate,MBA,Management,Yes,Urban,ELS
Yes,151923,Business,Service Business,68086,38862,NA,NA,NA,NA,Urban,AMY
Yes,270301,Education,NA,2374529,2374529,12th,BTech,Medical,Yes,Rural,ELS
Yes,467875,Business,Service Business,125885,106248,NA,NA,NA,NA,Rural,MFS
Yes,388731,Business,Grocery Shop,7859997,6876201,NA,NA,NA,NA,Urban,NO_ELIGIBLE_SCHEME
Yes,196405,Business,Grocery Shop,460900,364888,NA,NA,NA,NA,Urban,UNY
Yes,288244,Business,Tailoring,491069,63762,NA,NA,NA,NA,Urban,UNY
Yes,106741,Education,NA,4417394,1587006,Postgraduate,Pharmacy,Technical,Yes,Urban,ELS
Yes,395626,Business,Repair Shop,77408,45225,NA,NA,NA,NA,Rural,AMY
Yes,410734,Business,Fisheries,46870,19329,NA,NA,NA,NA,Urban,MFS
Yes,339835,Education,NA,3535132,3457697,Postgraduate,MCA,Professional,No,Urban,NO_ELIGIBLE_SCHEME
Yes,410444,Education,NA,4194209,2562875,Graduate,Medical,Medical,Yes,Rural,ELS
Yes,213440,Education,NA,2068590,2068590,12th,Pharmacy,Professional,Yes,Urban,ELS
Yes,295020,Business,Grocery Shop,470592,301416,NA,NA,NA,NA,Rural,TERM_LOAN
Yes,246837,Business,Service Business,175216,168520,NA,NA,NA,NA,Rural,UNY
Yes,254150,Education,NA,2202692,2202692,Postgraduate,MCA,Management,Yes,Rural,ELS
Yes,141981,Business,Poultry,171267,71154,NA,NA,NA,NA,Urban,UNY
Yes,370557,Education,NA,4401674,2759859,12th,BCA,Medical,Yes,Rural,ELS
Yes,449434,Business,Small Manufacturing,94682,63907,NA,NA,NA,NA,Rural,AMY
Yes,147826,Business,Transport,292365,47187,NA,NA,NA,NA,Rural,UNY
Yes,429245,Business,Service Business,100678,27342,NA,NA,NA,NA,Urban,MFS
No,94578,Business,Service Business,360988,36447,NA,NA,NA,NA,Urban,NO_ELIGIBLE_SCHEME
Yes,412043,Business,Poultry,82219,22972,NA,NA,NA,NA,Rural,MFS
Yes,97479,Education,NA,2748547,2372032,Postgraduate,BCA,Management,Yes,Urban,ELS
Yes,444733,Education,NA,2404774,2404774,Postgraduate,Nursing,Professional,Yes,Rural,ELS
Yes,312394,Business,Grocery Shop,91894,35499,NA,NA,NA,NA,Urban,MFS
Yes,654133,Business,Service Business,381338,112462,NA,NA,NA,NA,Rural,NO_ELIGIBLE_SCHEME
Yes,196013,Business,Small Manufacturing,1501524,936178,NA,NA,NA,NA,Urban,TERM_LOAN
Yes,188940,Business,Grocery Shop,70410,40365,NA,NA,NA,NA,Rural,MFS
Yes,157773,Education,NA,2154394,2105521,Postgraduate,MCA,Technical,Yes,Rural,ELS
Yes,327975,Business,Poultry,5000000,5000000,NA,NA,NA,NA,Urban,NO_ELIGIBLE_SCHEME
Yes,452257,Business,Repair Shop,3638147,944254,NA,NA,NA,NA,Rural,TERM_LOAN
Yes,430737,Business,Small Manufacturing,116324,58663,NA,NA,NA,NA,Rural,AMY
Yes,269976,Business,Grocery Shop,47255,15427,NA,NA,NA,NA,Rural,AMY
Yes,241674,Business,Food Business,44544,35097,NA,NA,NA,NA,Rural,MFS
Yes,60060,Business,Service Business,5000000,5000000,NA,NA,NA,NA,Urban,NO_ELIGIBLE_SCHEME
Yes,364795,Education,NA,4142629,1753871,12th,BTech,Professional,Yes,Urban,ELS
Yes,99262,Business,Small Manufacturing,126380,111055,NA,NA,NA,NA,Rural,MFS
Yes,241863,Business,Food Business,264046,26794,NA,NA,NA,NA,Rural,UNY
Yes,277230,Business,Small Manufacturing,87461,73899,NA,NA,NA,NA,Rural,AMY
Yes,201287,Business,Small Manufacturing,442980,96803,NA,NA,NA,NA,Urban,UNY
Yes,644434,Business,Grocery Shop,380038,251825,NA,NA,NA,NA,Rural,NO_ELIGIBLE_SCHEME
Yes,402838,Business,Transport,99761,32283,NA,NA,NA,NA,Urban,AMY
No,159855,Business,Grocery Shop,465944,225099,NA,NA,NA,NA,Urban,NO_ELIGIBLE_SCHEME
Yes,366880,Business,Fisheries,61797,55588,NA,NA,NA,NA,Urban,MFS
Yes,329895,Education,NA,3193248,301768,12th,Nursing,Professional,Yes,Urban,ELS
Yes,137715,Business,Poultry,98848,75948,NA,NA,NA,NA,Rural,AMY
Yes,416050,Education,NA,1237908,1237908,Graduate,MCA,Management,Yes,Rural,ELS
Yes,174858,Business,Transport,415003,76054,NA,NA,NA,NA,Urban,UNY
Yes,448607,Business,Tailoring,483253,307229,NA,NA,NA,NA,Rural,UNY
Yes,100308,Business,Poultry,97357,20793,NA,NA,NA,NA,Rural,MFS
No,369894,Business,Transport,342324,104137,NA,NA,NA,NA,Rural,NO_ELIGIBLE_SCHEME
Yes,103307,Business,Poultry,291145,82372,NA,NA,NA,NA,Urban,TERM_LOAN
No,420758,Business,Service Business,88996,233996,NA,NA,NA,NA,Rural,NO_ELIGIBLE_SCHEME
Yes,70645,Business,Poultry,42723,34761,NA,NA,NA,NA,Urban,AMY
Yes,112300,Business,Grocery Shop,3071590,1757599,NA,NA,NA,NA,Urban,TERM_LOAN
Yes,133018,Education,NA,504996,504996,Postgraduate,MCA,Medical,Yes,Rural,ELS
Yes,68054,Business,Fisheries,6079947,5650868,NA,NA,NA,NA,Rural,NO_ELIGIBLE_SCHEME
Yes,83120,Business,Fisheries,119123,97680,NA,NA,NA,NA,Rural,AMY
Yes,199312,Business,Poultry,43037,32763,NA,NA,NA,NA,Rural,AMY
Yes,325982,Education,NA,1349725,244888,12th,Pharmacy,Medical,Yes,Rural,ELS
Yes,372802,Business,Computer Centre,76833,19999,NA,NA,NA,NA,Rural,AMY
Yes,370253,Business,Small Manufacturing,7772483,6674900,NA,NA,NA,NA,Urban,NO_ELIGIBLE_SCHEME
Yes,269649,Business,Small Manufacturing,186566,44729,NA,NA,NA,NA,Rural,UNY
Yes,364503,Business,Computer Centre,63022,16209,NA,NA,NA,NA,Urban,AMY
Yes,348325,Education,NA,3519524,2387618,Postgraduate,Engineering,Professional,Yes,Rural,ELS
Yes,376362,Business,Food Business,2853370,1481928,NA,NA,NA,NA,Urban,TERM_LOAN
Yes,488565,Business,Computer Centre,408729,147358,NA,NA,NA,NA,Urban,UNY
Yes,171993,Education,NA,3846192,311241,Graduate,Nursing,Medical,Yes,Urban,ELS
Yes,455287,Business,Fisheries,6412106,5734312,NA,NA,NA,NA,Urban,NO_ELIGIBLE_SCHEME
Yes,143291,Business,Repair Shop,5000000,5000000,NA,NA,NA,NA,Rural,NO_ELIGIBLE_SCHEME
Yes,64317,Business,Transport,2566624,693416,NA,NA,NA,NA,Urban,TERM_LOAN
No,131456,Business,Service Business,334201,253543,NA,NA,NA,NA,Rural,NO_ELIGIBLE_SCHEME
Yes,243402,Business,Service Business,154564,110736,NA,NA,NA,NA,Rural,UNY
Yes,176884,Business,Food Business,4887781,3409142,NA,NA,NA,NA,Urban,TERM_LOAN
Yes,497652,Business,Tailoring,34813,14763,NA,NA,NA,NA,Urban,MFS
Yes,230117,Business,Small Manufacturing,110352,16917,NA,NA,NA,NA,Rural,MFS
Yes,498929,Business,Fisheries,49385,36890,NA,NA,NA,NA,Rural,AMY
Yes,285445,Education,NA,3771808,3527951,Graduate,BTech,Management,Yes,Urban,ELS
Yes,339239,Business,Transport,51178,38956,NA,NA,NA,NA,Rural,MFS
Yes,374110,Business,Fisheries,171132,54759,NA,NA,NA,NA,Urban,UNY
Yes,240001,Business,Small Manufacturing,56644,11124,NA,NA,NA,NA,Urban,AMY
Yes,387112,Business,Service Business,119277,83989,NA,NA,NA,NA,Urban,MFS
Yes,275199,Business,Grocery Shop,79359,48173,NA,NA,NA,NA,Rural,AMY
Yes,206678,Business,Service Business,4838785,629754,NA,NA,NA,NA,Rural,TERM_LOAN
Yes,119441,Business,Tailoring,117952,42608,NA,NA,NA,NA,Rural,AMY
Yes,83223,Business,Computer Centre,66325,13569,NA,NA,NA,NA,Urban,MFS
Yes,76084,Education,NA,4258769,3342087,12th,Law,Medical,Yes,Urban,ELS
Yes,66510,Business,Grocery Shop,111087,27631,NA,NA,NA,NA,Rural,AMY
Yes,485395,Business,Poultry,134454,119495,NA,NA,NA,NA,Rural,AMY
Yes,133537,Business,Repair Shop,5000000,5000000,NA,NA,NA,NA,Urban,NO_ELIGIBLE_SCHEME
Yes,76192,Business,Repair Shop,52577,51462,NA,NA,NA,NA,Rural,MFS
Yes,115404,Business,Food Business,129163,95322,NA,NA,NA,NA,Urban,MFS
Yes,311665,Education,NA,1714502,1243061,Graduate,BTech,Management,Yes,Urban,ELS
Yes,404767,Business,Transport,1867200,1251166,NA,NA,NA,NA,Rural,TERM_LOAN
Yes,108691,Education,NA,2425189,2425189,Postgraduate,BTech,Professional,Yes,Rural,ELS
Yes,266509,Business,Grocery Shop,4986528,269229,NA,NA,NA,NA,Urban,TERM_LOAN
Yes,259547,Business,Food Business,34851,25974,NA,NA,NA,NA,Urban,MFS
Yes,443812,Business,Fisheries,42240,36818,NA,NA,NA,NA,Urban,MFS
Yes,207176,Business,Food Business,122895,83783,NA,NA,NA,NA,Rural,MFS
Yes,133068,Education,NA,1028995,1028995,Graduate,BTech,Professional,Yes,Rural,ELS
Yes,408839,Business,Tailoring,2925160,433252,NA,NA,NA,NA,Rural,TERM_LOAN
Yes,58743,Business,Fisheries,1937839,1117323,NA,NA,NA,NA,Urban,TERM_LOAN
Yes,390810,Education,NA,4354016,358858,12th,Law,Professional,Yes,Rural,ELS
Yes,240930,Education,NA,4275227,85227,12th,Pharmacy,Management,Yes,Urban,ELS
Yes,162957,Education,NA,2542928,1284409,12th,MCA,Technical,Yes,Rural,ELS
Yes,279169,Business,Transport,83967,83472,NA,NA,NA,NA,Rural,MFS
Yes,252135,Business,Grocery Shop,4406202,1552260,NA,NA,NA,NA,Rural,TERM_LOAN
Yes,487289,Business,Computer Centre,4965200,2083038,NA,NA,NA,NA,Urban,TERM_LOAN
Yes,193044,Business,Food Business,74239,12651,NA,NA,NA,NA,Rural,AMY
Yes,301288,Business,Repair Shop,51012,23041,NA,NA,NA,NA,Rural,AMY
Yes,447620,Education,NA,3342823,2820506,Postgraduate,BTech,Professional,Yes,Urban,ELS
Yes,634976,Business,Tailoring,167527,51079,NA,NA,NA,NA,Urban,NO_ELIGIBLE_SCHEME
Yes,51399,Business,Food Business,1392805,435649,NA,NA,NA,NA,Rural,TERM_LOAN
Yes,154157,Business,Food Business,479753,59140,NA,NA,NA,NA,Urban,UNY
Yes,446264,Business,Transport,52806,35171,NA,NA,NA,NA,Rural,AMY
Yes,85158,Education,NA,3925887,3362184,12th,Medical,Technical,Yes,Urban,ELS
Yes,357031,Education,NA,4033552,1815080,12th,MCA,Management,Yes,Rural,ELS
Yes,288871,Business,Small Manufacturing,293931,141459,NA,NA,NA,NA,Urban,UNY
Yes,319710,Business,Small Manufacturing,90472,73307,NA,NA,NA,NA,Rural,AMY
Yes,472717,Business,Grocery Shop,76665,53287,NA,NA,NA,NA,Rural,AMY
Yes,165939,Business,Grocery Shop,245770,169471,NA,NA,NA,NA,Rural,UNY
Yes,458818,Business,Tailoring,350035,199299,NA,NA,NA,NA,Rural,UNY
Yes,250854,Business,Repair Shop,5000000,5000000,NA,NA,NA,NA,Urban,NO_ELIGIBLE_SCHEME
Yes,149648,Education,NA,3433972,552321,12th,Engineering,Management,No,Urban,NO_ELIGIBLE_SCHEME
Yes,190311,Business,Poultry,3742058,860870,NA,NA,NA,NA,Rural,TERM_LOAN
Yes,173686,Education,NA,986351,986351,12th,BTech,Professional,Yes,Rural,ELS
Yes,379853,Education,NA,3028585,3028585,Postgraduate,MBA,Technical,Yes,Rural,ELS
Yes,57720,Business,Food Business,41822,14937,NA,NA,NA,NA,Rural,MFS
Yes,196002,Business,Food Business,97391,41195,NA,NA,NA,NA,Rural,MFS
Yes,263066,Business,Tailoring,59536,27201,NA,NA,NA,NA,Urban,AMY
Yes,351728,Education,NA,623536,623536,Postgraduate,BCA,Professional,Yes,Urban,ELS
Yes,74159,Education,NA,4111842,2859725,12th,MCA,Technical,Yes,Rural,ELS
Yes,310219,Business,Poultry,44683,19696,NA,NA,NA,NA,Rural,MFS
Yes,89021,Business,Fisheries,65908,17001,NA,NA,NA,NA,Rural,AMY
Yes,484541,Education,NA,3114059,1738803,Postgraduate,MCA,Technical,Yes,Rural,ELS
Yes,142922,Business,Poultry,78492,19029,NA,NA,NA,NA,Urban,AMY
Yes,415357,Business,Small Manufacturing,107772,97274,NA,NA,NA,NA,Urban,MFS
Yes,163558,Business,Poultry,246062,53107,NA,NA,NA,NA,Urban,UNY
Yes,132811,Business,Poultry,445476,422375,NA,NA,NA,NA,Urban,UNY
Yes,387968,Education,NA,2888459,3655735,12th,BCA,Management,No,Rural,NO_ELIGIBLE_SCHEME
Yes,111017,Business,Small Manufacturing,132768,68711,NA,NA,NA,NA,Rural,AMY
Yes,286535,Business,Transport,4142256,1155157,NA,NA,NA,NA,Urban,TERM_LOAN
Yes,227145,Business,Tailoring,5000000,5000000,NA,NA,NA,NA,Rural,NO_ELIGIBLE_SCHEME
Yes,470220,Business,Poultry,5000000,5000000,NA,NA,NA,NA,Urban,NO_ELIGIBLE_SCHEME
Yes,405581,Business,Service Business,44534,28562,NA,NA,NA,NA,Urban,MFS
Yes,346369,Education,NA,3753104,3573109,12th,BCA,Medical,No,Rural,NO_ELIGIBLE_SCHEME
Yes,470776,Business,Small Manufacturing,3981201,572613,NA,NA,NA,NA,Rural,TERM_LOAN
Yes,80225,Business,Transport,1546495,1061989,NA,NA,NA,NA,Urban,TERM_LOAN
Yes,68185,Education,NA,2219219,826515,Graduate,BCA,Technical,Yes,Rural,ELS
Yes,302707,Business,Tailoring,137427,114013,NA,NA,NA,NA,Urban,AMY
Yes,56621,Business,Food Business,3330822,2567558,NA,NA,NA,NA,Urban,TERM_LOAN
Yes,406331,Education,NA,981460,3520177,Graduate,MCA,Management,No,Urban,NO_ELIGIBLE_SCHEME
Yes,84966,Business,Small Manufacturing,484094,186880,NA,NA,NA,NA,Urban,UNY
Yes,262128,Business,Repair Shop,365375,308373,NA,NA,NA,NA,Urban,UNY
Yes,291688,Business,Food Business,2488311,1548742,NA,NA,NA,NA,Urban,TERM_LOAN
Yes,293713,Business,Food Business,145231,69428,NA,NA,NA,NA,Urban,UNY
Yes,51264,Education,NA,4378676,447537,12th,Law,Technical,Yes,Urban,ELS
Yes,262575,Business,Service Business,53597,43858,NA,NA,NA,NA,Rural,MFS
Yes,340314,Education,NA,384514,384514,Postgraduate,Medical,Management,Yes,Rural,ELS
Yes,478500,Business,Food Business,365735,198013,NA,NA,NA,NA,Urban,TERM_LOAN
Yes,234512,Business,Computer Centre,301659,47035,NA,NA,NA,NA,Rural,UNY
Yes,72442,Education,NA,1623462,1555611,12th,Pharmacy,Management,Yes,Urban,ELS
Yes,51596,Business,Small Manufacturing,5000000,5000000,NA,NA,NA,NA,Rural,NO_ELIGIBLE_SCHEME
Yes,234842,Business,Service Business,125265,124037,NA,NA,NA,NA,Urban,MFS
Yes,370115,Business,Poultry,67547,25940,NA,NA,NA,NA,Urban,AMY
Yes,191706,Business,Transport,121132,98067,NA,NA,NA,NA,Urban,AMY
Yes,306018,Business,Poultry,48344,45818,NA,NA,NA,NA,Rural,MFS
Yes,164671,Education,NA,2100330,1128685,Postgraduate,MBA,Management,Yes,Urban,ELS
Yes,98839,Business,Computer Centre,482911,292912,NA,NA,NA,NA,Rural,UNY
Yes,264542,Business,Small Manufacturing,2688240,2089278,NA,NA,NA,NA,Rural,TERM_LOAN
Yes,64063,Business,Repair Shop,132101,100502,NA,NA,NA,NA,Rural,MFS
Yes,272124,Education,NA,3537218,3537218,Postgraduate,BTech,Professional,Yes,Rural,ELS
Yes,150909,Business,Tailoring,191725,141248,NA,NA,NA,NA,Urban,UNY
Yes,363677,Business,Small Manufacturing,40986,19282,NA,NA,NA,NA,Urban,MFS
Yes,454571,Business,Service Business,98713,23449,NA,NA,NA,NA,Urban,AMY
Yes,427554,Education,NA,3822934,3681188,Graduate,Nursing,Management,Yes,Rural,ELS
Yes,412383,Education,NA,580631,580631,Graduate,BCA,Technical,Yes,Rural,ELS
Yes,309535,Business,Repair Shop,112716,38272,NA,NA,NA,NA,Urban,AMY
Yes,129238,Business,Food Business,107564,106857,NA,NA,NA,NA,Urban,MFS
Yes,132789,Business,Transport,171207,27772,NA,NA,NA,NA,Rural,UNY
Yes,81457,Business,Tailoring,44583,20216,NA,NA,NA,NA,Rural,AMY
Yes,339875,Business,Grocery Shop,130511,110402,NA,NA,NA,NA,Rural,AMY
Yes,422817,Business,Repair Shop,64229,52999,NA,NA,NA,NA,Rural,MFS
Yes,193321,Business,Grocery Shop,107576,54150,NA,NA,NA,NA,Urban,MFS
Yes,339691,Business,Tailoring,125630,15488,NA,NA,NA,NA,Urban,AMY
Yes,192364,Business,Transport,7259178,6082020,NA,NA,NA,NA,Urban,NO_ELIGIBLE_SCHEME
Yes,207053,Education,NA,683838,88063,Postgraduate,BTech,Professional,Yes,Urban,ELS
Yes,432672,Business,Small Manufacturing,181629,121563,NA,NA,NA,NA,Urban,UNY
Yes,661897,Business,Small Manufacturing,396003,188293,NA,NA,NA,NA,Rural,NO_ELIGIBLE_SCHEME
Yes,424824,Business,Transport,40959,29037,NA,NA,NA,NA,Rural,AMY
Yes,175088,Business,Transport,52199,43402,NA,NA,NA,NA,Rural,AMY
Yes,420837,Education,NA,2365994,2702968,Postgraduate,Law,Technical,No,Urban,NO_ELIGIBLE_SCHEME
Yes,464124,Business,Transport,32977,29704,NA,NA,NA,NA,Rural,AMY
No,384950,Business,Computer Centre,449274,337457,NA,NA,NA,NA,Rural,NO_ELIGIBLE_SCHEME
Yes,371397,Business,Tailoring,104861,93941,NA,NA,NA,NA,Rural,AMY
Yes,179649,Education,NA,1167806,1167806,12th,BTech,Technical,Yes,Rural,ELS
Yes,495964,Business,Tailoring,5000000,5000000,NA,NA,NA,NA,Rural,NO_ELIGIBLE_SCHEME
Yes,316028,Business,Computer Centre,30562,27896,NA,NA,NA,NA,Urban,MFS
Yes,353093,Business,Transport,3824906,2353811,NA,NA,NA,NA,Urban,TERM_LOAN
Yes,82584,Business,Small Manufacturing,82502,81448,NA,NA,NA,NA,Urban,AMY
Yes,336312,Business,Repair Shop,4439410,930077,NA,NA,NA,NA,Rural,TERM_LOAN
Yes,132293,Education,NA,3549815,112385,Postgraduate,Engineering,Technical,Yes,Urban,ELS
Yes,116339,Business,Tailoring,145352,113228,NA,NA,NA,NA,Rural,UNY
Yes,239525,Education,NA,505180,407960,Postgraduate,Nursing,Management,No,Rural,NO_ELIGIBLE_SCHEME
Yes,446085,Business,Food Business,120147,74478,NA,NA,NA,NA,Urban,MFS
Yes,420939,Education,NA,3006167,1957664,Postgraduate,Law,Management,Yes,Rural,ELS
Yes,90590,Education,NA,4339659,2632024,Postgraduate,Nursing,Technical,Yes,Urban,ELS
Yes,100145,Business,Computer Centre,458772,154509,NA,NA,NA,NA,Rural,UNY
Yes,448123,Business,Tailoring,4601677,119743,NA,NA,NA,NA,Rural,TERM_LOAN
Yes,50375,Education,NA,3777070,619637,Postgraduate,Medical,Technical,Yes,Rural,ELS
Yes,299636,Business,Tailoring,285149,232291,NA,NA,NA,NA,Urban,UNY
Yes,378108,Business,Food Business,4366019,459485,NA,NA,NA,NA,Rural,TERM_LOAN
Yes,151709,Business,Poultry,198945,155343,NA,NA,NA,NA,Rural,UNY
Yes,275613,Business,Computer Centre,70084,10333,NA,NA,NA,NA,Rural,AMY
Yes,345866,Education,NA,1288221,923619,Postgraduate,Law,Professional,Yes,Urban,ELS
Yes,190859,Education,NA,1796047,1796047,12th,MCA,Technical,Yes,Rural,ELS
Yes,85730,Business,Transport,455592,326858,NA,NA,NA,NA,Rural,UNY
Yes,187855,Business,Service Business,66698,21686,NA,NA,NA,NA,Rural,AMY
Yes,394953,Business,Poultry,6775297,6157331,NA,NA,NA,NA,Rural,NO_ELIGIBLE_SCHEME
Yes,209535,Business,Grocery Shop,114393,16770,NA,NA,NA,NA,Urban,AMY
Yes,348026,Business,Computer Centre,46293,30112,NA,NA,NA,NA,Urban,AMY
Yes,309360,Business,Service Business,81299,44523,NA,NA,NA,NA,Urban,MFS
Yes,58418,Business,Service Business,306368,49008,NA,NA,NA,NA,Urban,UNY
Yes,90623,Business,Repair Shop,65992,38827,NA,NA,NA,NA,Rural,MFS
Yes,320302,Business,Small Manufacturing,5000000,5000000,NA,NA,NA,NA,Urban,NO_ELIGIBLE_SCHEME
Yes,356791,Business,Small Manufacturing,112864,37886,NA,NA,NA,NA,Urban,MFS
Yes,278395,Education,NA,3790427,2427081,Postgraduate,MBA,Management,Yes,Urban,ELS
Yes,206174,Business,Food Business,210501,67027,NA,NA,NA,NA,Rural,UNY
Yes,243590,Business,Grocery Shop,629512,82113,NA,NA,NA,NA,Urban,TERM_LOAN
Yes,337903,Education,NA,1900733,1900733,12th,BTech,Professional,Yes,Rural,ELS
Yes,328124,Business,Computer Centre,53339,38090,NA,NA,NA,NA,Rural,AMY
Yes,99599,Business,Service Business,2136678,395989,NA,NA,NA,NA,Urban,TERM_LOAN
Yes,199827,Business,Tailoring,4303934,3596813,NA,NA,NA,NA,Urban,TERM_LOAN
Yes,119790,Business,Small Manufacturing,117211,62282,NA,NA,NA,NA,Rural,AMY
Yes,231667,Education,NA,1759432,1759432,Graduate,MBA,Medical,Yes,Urban,ELS
Yes,456988,Business,Transport,294367,99077,NA,NA,NA,NA,Urban,UNY
Yes,300684,Business,Repair Shop,7621513,6418730,NA,NA,NA,NA,Urban,NO_ELIGIBLE_SCHEME
Yes,260004,Business,Service Business,2225277,574040,NA,NA,NA,NA,Urban,TERM_LOAN
Yes,73308,Business,Tailoring,431511,295933,NA,NA,NA,NA,Urban,UNY
Yes,380457,Business,Transport,241039,100252,NA,NA,NA,NA,Urban,UNY
No,159306,Business,Tailoring,448040,22468,NA,NA,NA,NA,Urban,NO_ELIGIBLE_SCHEME
Yes,446910,Business,Poultry,98332,54657,NA,NA,NA,NA,Rural,MFS
Yes,69213,Business,Computer Centre,456164,131521,NA,NA,NA,NA,Rural,UNY
Yes,233316,Business,Grocery Shop,1354235,1329389,NA,NA,NA,NA,Urban,TERM_LOAN
Yes,85197,Business,Grocery Shop,50006,41081,NA,NA,NA,NA,Rural,MFS
Yes,741285,Business,Computer Centre,439100,51396,NA,NA,NA,NA,Urban,NO_ELIGIBLE_SCHEME
Yes,498835,Business,Fisheries,48568,29641,NA,NA,NA,NA,Rural,AMY
Yes,535308,Business,Food Business,488948,315900,NA,NA,NA,NA,Rural,NO_ELIGIBLE_SCHEME
Yes,330281,Business,Grocery Shop,137926,37521,NA,NA,NA,NA,Rural,AMY
Yes,188001,Business,Service Business,86372,47083,NA,NA,NA,NA,Urban,MFS
Yes,450585,Education,NA,3548009,923770,12th,MCA,Medical,Yes,Urban,ELS
Yes,81890,Business,Food Business,90036,14082,NA,NA,NA,NA,Urban,MFS
Yes,153148,Business,Computer Centre,148408,42181,NA,NA,NA,NA,Rural,UNY
Yes,410430,Business,Service Business,64167,21369,NA,NA,NA,NA,Urban,MFS
Yes,84817,Business,Computer Centre,197400,145642,NA,NA,NA,NA,Rural,UNY
Yes,324342,Business,Repair Shop,56712,45810,NA,NA,NA,NA,Urban,MFS
Yes,660332,Business,Computer Centre,457145,175564,NA,NA,NA,NA,Urban,NO_ELIGIBLE_SCHEME
Yes,427594,Business,Transport,164078,115416,NA,NA,NA,NA,Urban,UNY
Yes,265168,Business,Small Manufacturing,7352198,5908368,NA,NA,NA,NA,Urban,NO_ELIGIBLE_SCHEME
Yes,418321,Business,Computer Centre,1987049,821701,NA,NA,NA,NA,Urban,TERM_LOAN
Yes,469528,Business,Tailoring,470987,79465,NA,NA,NA,NA,Urban,UNY
Yes,152396,Business,Service Business,5000000,5000000,NA,NA,NA,NA,Urban,NO_ELIGIBLE_SCHEME
Yes,70289,Education,NA,362425,362425,Graduate,BCA,Technical,Yes,Rural,ELS
Yes,299677,Business,Poultry,612131,304460,NA,NA,NA,NA,Urban,TERM_LOAN
Yes,231759,Education,NA,3182847,2542833,Postgraduate,BTech,Technical,Yes,Urban,ELS
Yes,455032,Business,Computer Centre,105690,88370,NA,NA,NA,NA,Rural,MFS
Yes,461947,Business,Fisheries,56962,21208,NA,NA,NA,NA,Urban,AMY
Yes,471471,Business,Computer Centre,43106,29962,NA,NA,NA,NA,Urban,AMY
Yes,145309,Business,Poultry,155345,67706,NA,NA,NA,NA,Rural,UNY
Yes,474449,Business,Transport,472553,441211,NA,NA,NA,NA,Urban,UNY
Yes,482698,Education,NA,3145766,3145766,Postgraduate,BTech,Management,Yes,Rural,ELS
Yes,149149,Business,Repair Shop,218686,29763,NA,NA,NA,NA,Rural,UNY
Yes,413478,Business,Repair Shop,318268,239711,NA,NA,NA,NA,Urban,TERM_LOAN
Yes,272733,Business,Tailoring,6158760,5752696,NA,NA,NA,NA,Rural,NO_ELIGIBLE_SCHEME
Yes,321981,Business,Food Business,48543,25410,NA,NA,NA,NA,Rural,AMY
Yes,112126,Business,Small Manufacturing,5000000,5000000,NA,NA,NA,NA,Urban,NO_ELIGIBLE_SCHEME
Yes,196354,Education,NA,1744034,1744034,12th,MBA,Professional,Yes,Rural,ELS
Yes,358550,Business,Food Business,166518,142160,NA,NA,NA,NA,Urban,UNY
Yes,429782,Business,Grocery Shop,216963,186727,NA,NA,NA,NA,Urban,UNY
Yes,200598,Education,NA,3191593,2194656,12th,Pharmacy,Management,No,Urban,NO_ELIGIBLE_SCHEME
Yes,186143,Education,NA,3281549,2717807,12th,MCA,Technical,Yes,Rural,ELS
Yes,113429,Business,Service Business,123844,80430,NA,NA,NA,NA,Rural,AMY
Yes,366720,Education,NA,1746508,1746508,Postgraduate,BCA,Management,Yes,Urban,ELS
Yes,137277,Education,NA,2650056,185386,Postgraduate,MCA,Professional,Yes,Urban,ELS
Yes,291004,Business,Grocery Shop,337716,262198,NA,NA,NA,NA,Urban,UNY
Yes,215543,Business,Transport,486280,349362,NA,NA,NA,NA,Rural,UNY
Yes,409573,Business,Grocery Shop,2458898,414844,NA,NA,NA,NA,Urban,TERM_LOAN
Yes,78875,Business,Transport,3002556,690474,NA,NA,NA,NA,Urban,TERM_LOAN
Yes,251445,Business,Repair Shop,109619,48316,NA,NA,NA,NA,Rural,AMY
Yes,158400,Business,Poultry,101071,27271,NA,NA,NA,NA,Rural,MFS
Yes,352388,Business,Tailoring,52940,10869,NA,NA,NA,NA,Rural,AMY
Yes,147515,Business,Service Business,166476,92258,NA,NA,NA,NA,Urban,UNY
Yes,383835,Business,Repair Shop,74272,70780,NA,NA,NA,NA,Urban,AMY
Yes,345361,Business,Tailoring,3995417,3442684,NA,NA,NA,NA,Urban,TERM_LOAN
Yes,296378,Business,Tailoring,1804186,206209,NA,NA,NA,NA,Urban,TERM_LOAN
Yes,136883,Education,NA,4259199,2700658,Graduate,MBA,Medical,Yes,Rural,ELS
Yes,361532,Education,NA,2365767,2065253,Postgraduate,Nursing,Professional,Yes,Urban,ELS
Yes,80667,Business,Food Business,5000000,5000000,NA,NA,NA,NA,Urban,NO_ELIGIBLE_SCHEME
Yes,357959,Business,Repair Shop,2129878,1091113,NA,NA,NA,NA,Urban,TERM_LOAN
Yes,419207,Education,NA,3335545,1519623,Postgraduate,MBA,Technical,Yes,Urban,ELS
No,389949,Business,Repair Shop,298680,141946,NA,NA,NA,NA,Rural,NO_ELIGIBLE_SCHEME
Yes,61290,Education,NA,1013095,1013095,Graduate,MBA,Professional,Yes,Rural,ELS
Yes,439643,Business,Grocery Shop,116403,20772,NA,NA,NA,NA,Urban,AMY
Yes,334898,Business,Fisheries,5000000,5000000,NA,NA,NA,NA,Urban,NO_ELIGIBLE_SCHEME
Yes,146534,Business,Fisheries,2815331,2503984,NA,NA,NA,NA,Urban,TERM_LOAN
Yes,187360,Business,Poultry,48590,28511,NA,NA,NA,NA,Rural,AMY
Yes,395044,Business,Tailoring,4628571,3134075,NA,NA,NA,NA,Urban,TERM_LOAN
Yes,228493,Business,Fisheries,93916,23701,NA,NA,NA,NA,Urban,AMY
Yes,311581,Business,Poultry,44442,10546,NA,NA,NA,NA,Urban,AMY
Yes,257619,Business,Repair Shop,1686412,432267,NA,NA,NA,NA,Rural,TERM_LOAN
Yes,260442,Business,Small Manufacturing,108966,76731,NA,NA,NA,NA,Rural,MFS
Yes,113496,Business,Fisheries,416967,162957,NA,NA,NA,NA,Rural,TERM_LOAN
Yes,256016,Business,Food Business,1385018,794795,NA,NA,NA,NA,Urban,TERM_LOAN
Yes,224193,Education,NA,2588166,1546939,Graduate,Law,Medical,Yes,Rural,ELS
Yes,487112,Business,Tailoring,83225,81819,NA,NA,NA,NA,Urban,MFS
Yes,267092,Business,Tailoring,4353834,3079616,NA,NA,NA,NA,Urban,TERM_LOAN
Yes,573473,Business,Grocery Shop,96965,342020,NA,NA,NA,NA,Rural,NO_ELIGIBLE_SCHEME
Yes,358869,Business,Grocery Shop,2724025,357936,NA,NA,NA,NA,Urban,TERM_LOAN
Yes,382405,Business,Repair Shop,254695,248380,NA,NA,NA,NA,Urban,UNY
Yes,262971,Business,Computer Centre,117973,93560,NA,NA,NA,NA,Rural,MFS
Yes,249756,Business,Grocery Shop,449581,159878,NA,NA,NA,NA,Rural,UNY
Yes,429729,Education,NA,1610763,3417046,12th,BTech,Medical,No,Rural,NO_ELIGIBLE_SCHEME
Yes,269448,Business,Grocery Shop,7472238,5191815,NA,NA,NA,NA,Urban,NO_ELIGIBLE_SCHEME
Yes,450783,Business,Food Business,40479,32086,NA,NA,NA,NA,Rural,AMY
Yes,348404,Education,NA,1982358,1936579,Postgraduate,Law,Management,Yes,Rural,ELS
Yes,457577,Business,Service Business,308482,64959,NA,NA,NA,NA,Rural,UNY
Yes,360755,Business,Poultry,5000000,5000000,NA,NA,NA,NA,Rural,NO_ELIGIBLE_SCHEME
Yes,457213,Education,NA,4495708,1783101,12th,Engineering,Technical,Yes,Urban,ELS
Yes,50512,Business,Tailoring,390829,142301,NA,NA,NA,NA,Urban,UNY
Yes,55380,Business,Food Business,2717919,1295006,NA,NA,NA,NA,Urban,TERM_LOAN
Yes,484844,Business,Repair Shop,375672,32300,NA,NA,NA,NA,Rural,UNY
Yes,253560,Business,Small Manufacturing,143114,53322,NA,NA,NA,NA,Urban,UNY
Yes,233917,Business,Fisheries,2850161,2198108,NA,NA,NA,NA,Rural,TERM_LOAN
Yes,392635,Education,NA,904368,394390,12th,Pharmacy,Management,Yes,Rural,ELS
Yes,336086,Education,NA,1867656,1867656,Graduate,Pharmacy,Technical,Yes,Urban,ELS
Yes,109752,Business,Service Business,74267,38221,NA,NA,NA,NA,Rural,MFS
Yes,536226,Business,Grocery Shop,274499,44320,NA,NA,NA,NA,Rural,NO_ELIGIBLE_SCHEME
Yes,175825,Education,NA,1469294,632405,Graduate,Law,Medical,Yes,Rural,ELS
Yes,127794,Business,Service Business,340017,58600,NA,NA,NA,NA,Rural,UNY
Yes,390409,Education,NA,427320,427320,Postgraduate,Law,Professional,Yes,Urban,ELS
Yes,470801,Education,NA,1548362,1548362,12th,MCA,Technical,Yes,Urban,ELS
Yes,480334,Education,NA,2105425,1064243,12th,Engineering,Professional,Yes,Rural,ELS
Yes,228349,Business,Grocery Shop,130741,94012,NA,NA,NA,NA,Urban,MFS
Yes,305455,Education,NA,708061,1286453,Postgraduate,MBA,Technical,No,Urban,NO_ELIGIBLE_SCHEME
Yes,208084,Business,Repair Shop,5000000,5000000,NA,NA,NA,NA,Urban,NO_ELIGIBLE_SCHEME
Yes,228684,Business,Fisheries,57405,16126,NA,NA,NA,NA,Rural,AMY
Yes,318863,Business,Food Business,64283,33569,NA,NA,NA,NA,Urban,MFS
Yes,100216,Business,Food Business,155742,32855,NA,NA,NA,NA,Rural,UNY
Yes,371256,Business,Small Manufacturing,462848,406958,NA,NA,NA,NA,Urban,UNY
Yes,483143,Business,Computer Centre,84046,66438,NA,NA,NA,NA,Rural,MFS
Yes,471670,Business,Small Manufacturing,233434,46347,NA,NA,NA,NA,Rural,UNY
Yes,472016,Business,Service Business,5000000,5000000,NA,NA,NA,NA,Urban,NO_ELIGIBLE_SCHEME
Yes,174752,Business,Food Business,130973,60222,NA,NA,NA,NA,Rural,MFS
Yes,281814,Business,Repair Shop,3593399,648929,NA,NA,NA,NA,Urban,TERM_LOAN
Yes,120838,Business,Tailoring,41486,14098,NA,NA,NA,NA,Rural,MFS
Yes,211700,Business,Tailoring,99066,97442,NA,NA,NA,NA,Rural,MFS
Yes,281819,Business,Fisheries,90946,67905,NA,NA,NA,NA,Urban,MFS
Yes,228856,Business,Repair Shop,99755,42639,NA,NA,NA,NA,Urban,AMY
Yes,217194,Education,NA,954036,954036,Postgraduate,MCA,Professional,Yes,Rural,ELS
Yes,464495,Business,Transport,3100681,880228,NA,NA,NA,NA,Urban,TERM_LOAN
Yes,403176,Education,NA,1701819,1491468,Postgraduate,Engineering,Professional,Yes,Urban,ELS
Yes,95307,Business,Food Business,5000000,5000000,NA,NA,NA,NA,Rural,NO_ELIGIBLE_SCHEME
Yes,54031,Business,Small Manufacturing,5000000,5000000,NA,NA,NA,NA,Urban,NO_ELIGIBLE_SCHEME
Yes,412297,Business,Transport,424594,58176,NA,NA,NA,NA,Rural,TERM_LOAN
Yes,427037,Business,Tailoring,112344,50749,NA,NA,NA,NA,Urban,AMY
Yes,123035,Business,Food Business,35587,21623,NA,NA,NA,NA,Urban,AMY
Yes,269468,Education,NA,2781601,393516,Graduate,Medical,Management,Yes,Urban,ELS
Yes,459275,Business,Transport,35624,20501,NA,NA,NA,NA,Rural,AMY
Yes,475728,Education,NA,1111182,1111182,Postgraduate,BTech,Professional,Yes,Rural,ELS
Yes,81597,Business,Fisheries,39849,26207,NA,NA,NA,NA,Rural,AMY
Yes,320123,Education,NA,1675329,1675329,12th,Law,Professional,Yes,Urban,ELS
Yes,106262,Education,NA,977737,933605,Postgraduate,Medical,Management,Yes,Urban,ELS
Yes,76278,Business,Poultry,339979,330432,NA,NA,NA,NA,Rural,UNY
Yes,51001,Business,Computer Centre,428272,397131,NA,NA,NA,NA,Rural,UNY
Yes,412531,Business,Tailoring,1117777,239853,NA,NA,NA,NA,Urban,TERM_LOAN
Yes,462279,Business,Repair Shop,70094,42611,NA,NA,NA,NA,Rural,AMY
Yes,141042,Business,Poultry,120677,85832,NA,NA,NA,NA,Rural,MFS
Yes,140366,Business,Service Business,478561,239226,NA,NA,NA,NA,Urban,UNY
Yes,306946,Education,NA,100781,100781,Postgraduate,Engineering,Medical,Yes,Urban,ELS
Yes,427881,Education,NA,1217010,248495,Graduate,Law,Management,Yes,Rural,ELS
Yes,282016,Business,Tailoring,72445,24734,NA,NA,NA,NA,Rural,AMY
Yes,499443,Business,Repair Shop,435865,272562,NA,NA,NA,NA,Urban,UNY
Yes,127902,Education,NA,1170886,1170886,12th,Nursing,Technical,Yes,Rural,ELS
Yes,222632,Business,Computer Centre,192508,109647,NA,NA,NA,NA,Rural,UNY
Yes,111260,Business,Repair Shop,54560,49006,NA,NA,NA,NA,Urban,MFS
Yes,185355,Business,Repair Shop,6585301,5102932,NA,NA,NA,NA,Rural,NO_ELIGIBLE_SCHEME
Yes,330711,Education,NA,3475814,856893,Postgraduate,Medical,Professional,Yes,Rural,ELS
Yes,273542,Business,Repair Shop,5000000,5000000,NA,NA,NA,NA,Rural,NO_ELIGIBLE_SCHEME
Yes,593659,Business,Grocery Shop,441831,42017,NA,NA,NA,NA,Urban,NO_ELIGIBLE_SCHEME
Yes,248461,Business,Grocery Shop,100284,26361,NA,NA,NA,NA,Urban,MFS
Yes,115373,Business,Poultry,235258,86125,NA,NA,NA,NA,Rural,UNY
Yes,254808,Business,Computer Centre,71218,59272,NA,NA,NA,NA,Rural,AMY
Yes,256710,Business,Computer Centre,122041,87353,NA,NA,NA,NA,Urban,MFS
Yes,348162,Education,NA,3894789,3062414,12th,Medical,Management,Yes,Rural,ELS
Yes,340398,Business,Tailoring,4183088,4072026,NA,NA,NA,NA,Rural,TERM_LOAN
Yes,167280,Education,NA,2989660,1370089,12th,Law,Professional,Yes,Rural,ELS
Yes,241581,Business,Small Manufacturing,80703,65163,NA,NA,NA,NA,Rural,MFS
Yes,245479,Business,Food Business,497049,178956,NA,NA,NA,NA,Rural,UNY
Yes,476439,Business,Grocery Shop,5000000,5000000,NA,NA,NA,NA,Rural,NO_ELIGIBLE_SCHEME
Yes,412833,Business,Transport,340350,173103,NA,NA,NA,NA,Rural,UNY
Yes,317796,Business,Computer Centre,95031,69663,NA,NA,NA,NA,Rural,MFS
Yes,89592,Business,Computer Centre,3470867,2429009,NA,NA,NA,NA,Urban,TERM_LOAN
Yes,237213,Business,Computer Centre,128914,57227,NA,NA,NA,NA,Rural,AMY
Yes,425572,Business,Food Business,3372608,698017,NA,NA,NA,NA,Urban,TERM_LOAN
Yes,285023,Business,Fisheries,67401,47776,NA,NA,NA,NA,Urban,AMY
Yes,64764,Business,Service Business,425206,269116,NA,NA,NA,NA,Urban,UNY
Yes,454839,Business,Grocery Shop,433020,184850,NA,NA,NA,NA,Urban,UNY
Yes,358632,Business,Repair Shop,80272,75973,NA,NA,NA,NA,Rural,MFS
Yes,495262,Business,Small Manufacturing,327961,263316,NA,NA,NA,NA,Rural,UNY
Yes,77520,Business,Grocery Shop,113616,40518,NA,NA,NA,NA,Urban,MFS
Yes,484864,Education,NA,1347486,1315293,12th,Law,Technical,Yes,Rural,ELS
Yes,389746,Business,Repair Shop,191654,177524,NA,NA,NA,NA,Urban,UNY
No,266538,Business,Fisheries,253870,253347,NA,NA,NA,NA,Urban,NO_ELIGIBLE_SCHEME
Yes,417383,Business,Service Business,4694981,3677872,NA,NA,NA,NA,Rural,TERM_LOAN
Yes,277625,Business,Computer Centre,60928,51478,NA,NA,NA,NA,Rural,MFS
Yes,238442,Business,Grocery Shop,996348,243412,NA,NA,NA,NA,Urban,TERM_LOAN
Yes,239699,Business,Service Business,361491,89546,NA,NA,NA,NA,Rural,UNY
Yes,453673,Business,Transport,4495690,4032485,NA,NA,NA,NA,Urban,TERM_LOAN
Yes,223145,Business,Grocery Shop,90776,14159,NA,NA,NA,NA,Rural,MFS
Yes,279225,Education,NA,3426796,1495002,Postgraduate,Pharmacy,Medical,No,Urban,NO_ELIGIBLE_SCHEME
Yes,476690,Business,Fisheries,334723,181915,NA,NA,NA,NA,Rural,UNY
Yes,287454,Business,Fisheries,35500,11192,NA,NA,NA,NA,Rural,AMY
Yes,169049,Business,Service Business,361503,57436,NA,NA,NA,NA,Urban,UNY
Yes,127445,Education,NA,3495385,1541882,Graduate,BCA,Professional,Yes,Rural,ELS
No,484451,Business,Service Business,403883,133094,NA,NA,NA,NA,Rural,NO_ELIGIBLE_SCHEME
Yes,394946,Business,Poultry,3021460,147138,NA,NA,NA,NA,Rural,TERM_LOAN
Yes,368923,Business,Poultry,40589,20554,NA,NA,NA,NA,Rural,MFS
Yes,66202,Business,Fisheries,76818,75251,NA,NA,NA,NA,Urban,AMY
Yes,491202,Education,NA,2463942,2463942,Graduate,MCA,Medical,Yes,Urban,ELS
Yes,227002,Business,Service Business,31291,13651,NA,NA,NA,NA,Urban,AMY
Yes,184702,Business,Repair Shop,2619122,394769,NA,NA,NA,NA,Rural,TERM_LOAN
Yes,382810,Business,Service Business,3224016,2202630,NA,NA,NA,NA,Urban,TERM_LOAN
Yes,268401,Business,Poultry,61531,47399,NA,NA,NA,NA,Rural,MFS
Yes,488870,Business,Repair Shop,64524,24827,NA,NA,NA,NA,Rural,MFS
Yes,190951,Education,NA,1039511,877786,Graduate,Nursing,Professional,Yes,Rural,ELS
Yes,113102,Business,Food Business,51349,23738,NA,NA,NA,NA,Urban,AMY
Yes,464179,Business,Fisheries,31947,21738,NA,NA,NA,NA,Urban,MFS
Yes,114972,Education,NA,3250795,1313013,12th,MBA,Technical,Yes,Rural,ELS
Yes,203862,Business,Poultry,267348,199194,NA,NA,NA,NA,Urban,UNY
Yes,422307,Business,Tailoring,3251967,3148132,NA,NA,NA,NA,Rural,TERM_LOAN
Yes,297026,Business,Repair Shop,488646,266086,NA,NA,NA,NA,Urban,UNY
Yes,168644,Business,Service Business,75544,46242,NA,NA,NA,NA,Rural,MFS
Yes,66794,Business,Transport,120312,47184,NA,NA,NA,NA,Urban,AMY
Yes,672678,Business,Small Manufacturing,380889,222451,NA,NA,NA,NA,Rural,NO_ELIGIBLE_SCHEME
Yes,208709,Education,NA,2930593,267263,12th,Medical,Professional,No,Rural,NO_ELIGIBLE_SCHEME
Yes,136333,Education,NA,4286226,3340783,12th,Pharmacy,Medical,Yes,Rural,ELS
Yes,260392,Business,Tailoring,342044,116496,NA,NA,NA,NA,Urban,UNY
Yes,374161,Business,Transport,45524,44885,NA,NA,NA,NA,Rural,AMY
Yes,186979,Education,NA,4338385,3720420,12th,Nursing,Medical,Yes,Rural,ELS
Yes,131014,Business,Transport,106983,105236,NA,NA,NA,NA,Rural,MFS
Yes,445397,Business,Service Business,92116,47988,NA,NA,NA,NA,Rural,MFS
Yes,54422,Business,Grocery Shop,350483,181213,NA,NA,NA,NA,Rural,UNY
Yes,82494,Education,NA,2420735,1856047,12th,BTech,Technical,Yes,Urban,ELS
Yes,445625,Business,Transport,2417255,1783557,NA,NA,NA,NA,Rural,TERM_LOAN
Yes,304980,Business,Fisheries,6804594,6151429,NA,NA,NA,NA,Rural,NO_ELIGIBLE_SCHEME
Yes,418098,Business,Service Business,113113,47125,NA,NA,NA,NA,Rural,AMY
Yes,68541,Business,Tailoring,2344971,1774110,NA,NA,NA,NA,Rural,TERM_LOAN
Yes,384930,Business,Transport,5000000,5000000,NA,NA,NA,NA,Rural,NO_ELIGIBLE_SCHEME
Yes,453879,Business,Repair Shop,38648,35515,NA,NA,NA,NA,Rural,AMY
Yes,314557,Education,NA,2041183,306503,Graduate,MCA,Professional,Yes,Urban,ELS
Yes,63073,Business,Food Business,88166,76321,NA,NA,NA,NA,Rural,MFS
Yes,121639,Education,NA,4083734,3364935,Postgraduate,BCA,Medical,Yes,Rural,ELS
Yes,281155,Business,Transport,6176703,6646045,NA,NA,NA,NA,Urban,NO_ELIGIBLE_SCHEME
Yes,350900,Business,Poultry,130019,20077,NA,NA,NA,NA,Urban,MFS
Yes,209407,Business,Transport,172856,145041,NA,NA,NA,NA,Urban,UNY
Yes,383540,Business,Fisheries,2078197,799551,NA,NA,NA,NA,Rural,TERM_LOAN
Yes,332135,Business,Grocery Shop,129937,61483,NA,NA,NA,NA,Rural,MFS
Yes,121035,Business,Repair Shop,90012,24021,NA,NA,NA,NA,Rural,MFS
Yes,219041,Business,Service Business,79510,61157,NA,NA,NA,NA,Rural,MFS
Yes,84883,Business,Computer Centre,4833914,413347,NA,NA,NA,NA,Urban,TERM_LOAN
Yes,66769,Business,Small Manufacturing,6903958,6494837,NA,NA,NA,NA,Urban,NO_ELIGIBLE_SCHEME
Yes,392617,Business,Service Business,97694,72098,NA,NA,NA,NA,Urban,AMY
Yes,404186,Business,Tailoring,233426,217524,NA,NA,NA,NA,Rural,UNY
Yes,290166,Business,Computer Centre,4143982,1351468,NA,NA,NA,NA,Urban,TERM_LOAN
Yes,129462,Business,Transport,155033,131418,NA,NA,NA,NA,Urban,UNY
Yes,480948,Business,Service Business,214862,137148,NA,NA,NA,NA,Rural,UNY
Yes,349200,Education,NA,293808,293808,Postgraduate,BCA,Medical,Yes,Rural,ELS
Yes,129770,Business,Tailoring,72027,11271,NA,NA,NA,NA,Rural,MFS
Yes,417203,Education,NA,2330638,774698,Postgraduate,BCA,Technical,Yes,Urban,ELS
Yes,371321,Business,Transport,2191073,85093,NA,NA,NA,NA,Urban,TERM_LOAN
Yes,194384,Business,Repair Shop,189554,138025,NA,NA,NA,NA,Rural,UNY
Yes,439004,Business,Poultry,97973,29841,NA,NA,NA,NA,Urban,AMY
Yes,197835,Education,NA,937246,937246,Postgraduate,BCA,Technical,Yes,Urban,ELS
Yes,84585,Business,Small Manufacturing,4555121,2019612,NA,NA,NA,NA,Urban,TERM_LOAN
Yes,246568,Business,Fisheries,4638893,1789624,NA,NA,NA,NA,Urban,TERM_LOAN
Yes,435592,Business,Poultry,39441,11208,NA,NA,NA,NA,Urban,MFS
Yes,285214,Business,Service Business,440208,158970,NA,NA,NA,NA,Rural,UNY
Yes,279652,Education,NA,2402771,1994237,12th,Nursing,Medical,No,Urban,NO_ELIGIBLE_SCHEME
Yes,183379,Business,Tailoring,3798943,2618147,NA,NA,NA,NA,Urban,TERM_LOAN
Yes,324717,Business,Small Manufacturing,151920,77072,NA,NA,NA,NA,Urban,UNY
Yes,413105,Education,NA,4026674,510583,Graduate,Pharmacy,Management,Yes,Urban,ELS
Yes,103625,Business,Transport,6379595,5387027,NA,NA,NA,NA,Urban,NO_ELIGIBLE_SCHEME
No,219588,Business,Repair Shop,71448,101560,NA,NA,NA,NA,Urban,NO_ELIGIBLE_SCHEME
Yes,415757,Business,Computer Centre,135671,106744,NA,NA,NA,NA,Rural,MFS
Yes,421143,Business,Poultry,45655,10830,NA,NA,NA,NA,Rural,MFS
Yes,73820,Business,Computer Centre,3112281,1858195,NA,NA,NA,NA,Urban,TERM_LOAN
Yes,290063,Business,Fisheries,208708,63405,NA,NA,NA,NA,Urban,TERM_LOAN
Yes,393416,Business,Tailoring,3309055,636523,NA,NA,NA,NA,Rural,TERM_LOAN
Yes,292138,Education,NA,2737913,2564333,Postgraduate,Law,Medical,Yes,Rural,ELS
Yes,477326,Business,Transport,87098,63205,NA,NA,NA,NA,Rural,AMY
Yes,54124,Business,Transport,87986,60917,NA,NA,NA,NA,Urban,MFS
Yes,110017,Business,Grocery Shop,5000000,5000000,NA,NA,NA,NA,Urban,NO_ELIGIBLE_SCHEME
Yes,362713,Business,Fisheries,4432272,2746996,NA,NA,NA,NA,Rural,TERM_LOAN
Yes,364255,Business,Poultry,3787920,3727180,NA,NA,NA,NA,Rural,TERM_LOAN
No,148302,Business,Transport,187101,378724,NA,NA,NA,NA,Urban,NO_ELIGIBLE_SCHEME
Yes,442397,Business,Repair Shop,398071,228324,NA,NA,NA,NA,Rural,UNY
Yes,180527,Business,Transport,130682,103674,NA,NA,NA,NA,Urban,MFS
Yes,405753,Education,NA,2017591,1159389,Graduate,Pharmacy,Management,Yes,Urban,ELS
Yes,384089,Business,Service Business,477110,300100,NA,NA,NA,NA,Urban,UNY
No,487294,Business,Repair Shop,370937,246701,NA,NA,NA,NA,Rural,NO_ELIGIBLE_SCHEME
Yes,345080,Business,Tailoring,423080,141545,NA,NA,NA,NA,Urban,UNY
Yes,271591,Education,NA,3068040,821481,Postgraduate,BTech,Medical,Yes,Urban,ELS
Yes,322876,Business,Small Manufacturing,81117,26515,NA,NA,NA,NA,Urban,MFS
Yes,688113,Business,Poultry,213292,209871,NA,NA,NA,NA,Urban,NO_ELIGIBLE_SCHEME
Yes,312165,Business,Tailoring,7605962,6739811,NA,NA,NA,NA,Rural,NO_ELIGIBLE_SCHEME
Yes,369275,Business,Fisheries,113748,76540,NA,NA,NA,NA,Rural,MFS
Yes,301054,Education,NA,4302310,1637553,Postgraduate,MCA,Management,Yes,Urban,ELS
Yes,476252,Business,Computer Centre,1450884,828747,NA,NA,NA,NA,Rural,TERM_LOAN
Yes,425860,Business,Service Business,245448,84142,NA,NA,NA,NA,Rural,UNY
Yes,279535,Business,Fisheries,856379,107854,NA,NA,NA,NA,Urban,TERM_LOAN
Yes,443286,Education,NA,3050317,208477,Postgraduate,Nursing,Management,No,Rural,NO_ELIGIBLE_SCHEME
Yes,159853,Business,Computer Centre,1448089,175648,NA,NA,NA,NA,Rural,TERM_LOAN
Yes,405668,Business,Tailoring,5000000,5000000,NA,NA,NA,NA,Rural,NO_ELIGIBLE_SCHEME
Yes,70630,Business,Computer Centre,3837770,1273565,NA,NA,NA,NA,Rural,TERM_LOAN
Yes,351563,Education,NA,4405889,569814,Graduate,MCA,Technical,Yes,Urban,ELS
Yes,458261,Education,NA,2310736,2310736,Graduate,BCA,Management,Yes,Rural,ELS
Yes,244817,Education,NA,3278908,3278908,12th,MBA,Management,Yes,Rural,ELS
Yes,132593,Business,Fisheries,41118,35048,NA,NA,NA,NA,Rural,AMY
Yes,59564,Business,Food Business,155779,89398,NA,NA,NA,NA,Rural,TERM_LOAN
Yes,131833,Education,NA,595561,595561,Postgraduate,BTech,Professional,Yes,Urban,ELS
Yes,361127,Business,Tailoring,119630,26827,NA,NA,NA,NA,Urban,AMY
No,92762,Business,Transport,170257,114095,NA,NA,NA,NA,Rural,NO_ELIGIBLE_SCHEME
Yes,88230,Business,Grocery Shop,43538,12284,NA,NA,NA,NA,Urban,MFS
Yes,93011,Business,Repair Shop,123468,19634,NA,NA,NA,NA,Rural,MFS
Yes,487735,Education,NA,1977967,3234023,Graduate,BTech,Medical,No,Urban,NO_ELIGIBLE_SCHEME
Yes,58748,Business,Poultry,2505806,482481,NA,NA,NA,NA,Rural,TERM_LOAN
Yes,373390,Business,Food Business,62949,31908,NA,NA,NA,NA,Rural,MFS
Yes,139976,Business,Transport,301461,162580,NA,NA,NA,NA,Urban,UNY
Yes,281494,Education,NA,3844397,1336021,Graduate,Nursing,Professional,Yes,Urban,ELS
Yes,87327,Business,Computer Centre,5000000,5000000,NA,NA,NA,NA,Rural,NO_ELIGIBLE_SCHEME
Yes,253369,Business,Transport,2508009,717826,NA,NA,NA,NA,Rural,TERM_LOAN
Yes,251401,Business,Poultry,96972,22528,NA,NA,NA,NA,Urban,AMY
Yes,219586,Business,Food Business,81520,64206,NA,NA,NA,NA,Rural,MFS
Yes,270387,Business,Computer Centre,480131,310577,NA,NA,NA,NA,Rural,UNY
Yes,68786,Business,Small Manufacturing,82879,64046,NA,NA,NA,NA,Rural,MFS
Yes,479581,Business,Transport,98566,96100,NA,NA,NA,NA,Rural,AMY
Yes,196067,Business,Small Manufacturing,310937,145828,NA,NA,NA,NA,Urban,UNY
Yes,390012,Business,Fisheries,845140,690040,NA,NA,NA,NA,Rural,TERM_LOAN
Yes,186962,Education,NA,1654871,1654871,Graduate,Engineering,Management,Yes,Urban,ELS
Yes,778361,Business,Repair Shop,452848,294339,NA,NA,NA,NA,Rural,NO_ELIGIBLE_SCHEME
Yes,309950,Business,Computer Centre,98121,27814,NA,NA,NA,NA,Urban,MFS
Yes,124120,Business,Grocery Shop,102551,82754,NA,NA,NA,NA,Rural,MFS
Yes,104345,Business,Grocery Shop,344548,39548,NA,NA,NA,NA,Rural,UNY
Yes,643776,Business,Transport,399987,160782,NA,NA,NA,NA,Urban,NO_ELIGIBLE_SCHEME
Yes,284618,Business,Transport,77187,69297,NA,NA,NA,NA,Rural,MFS
Yes,58408,Business,Tailoring,6332289,5598759,NA,NA,NA,NA,Rural,NO_ELIGIBLE_SCHEME
Yes,289888,Business,Grocery Shop,72727,22915,NA,NA,NA,NA,Urban,MFS
Yes,207514,Business,Computer Centre,86441,27842,NA,NA,NA,NA,Rural,MFS
Yes,394519,Education,NA,3794576,1981262,12th,Law,Professional,Yes,Urban,ELS
Yes,384020,Business,Poultry,48927,28799,NA,NA,NA,NA,Urban,AMY
Yes,398901,Business,Poultry,117897,26134,NA,NA,NA,NA,Urban,AMY
Yes,586938,Business,Food Business,67962,88453,NA,NA,NA,NA,Urban,NO_ELIGIBLE_SCHEME
Yes,342087,Education,NA,638083,638083,Postgraduate,Law,Technical,Yes,Rural,ELS
Yes,365974,Business,Tailoring,5000000,5000000,NA,NA,NA,NA,Rural,NO_ELIGIBLE_SCHEME
Yes,323042,Business,Food Business,7798560,6884563,NA,NA,NA,NA,Urban,NO_ELIGIBLE_SCHEME
Yes,148251,Education,NA,1163951,1163951,Postgraduate,Medical,Professional,Yes,Rural,ELS
Yes,210356,Education,NA,4425842,267050,12th,BTech,Management,Yes,Rural,ELS
Yes,195930,Business,Repair Shop,90225,28355,NA,NA,NA,NA,Urban,AMY
Yes,186859,Business,Repair Shop,439392,199390,NA,NA,NA,NA,Urban,UNY
Yes,254202,Business,Grocery Shop,3026664,1469484,NA,NA,NA,NA,Rural,TERM_LOAN
No,405234,Business,Fisheries,231145,245954,NA,NA,NA,NA,Rural,NO_ELIGIBLE_SCHEME
Yes,481335,Business,Fisheries,69438,15914,NA,NA,NA,NA,Urban,MFS
Yes,139637,Business,Poultry,430531,195248,NA,NA,NA,NA,Urban,UNY
Yes,407576,Business,Transport,128121,14236,NA,NA,NA,NA,Urban,AMY
Yes,499315,Business,Service Business,82551,63612,NA,NA,NA,NA,Rural,AMY
Yes,177447,Business,Repair Shop,7944609,6955920,NA,NA,NA,NA,Rural,NO_ELIGIBLE_SCHEME
Yes,349312,Business,Transport,184374,182492,NA,NA,NA,NA,Urban,UNY
Yes,367105,Business,Fisheries,65697,28465,NA,NA,NA,NA,Urban,MFS
Yes,409797,Business,Grocery Shop,420053,363489,NA,NA,NA,NA,Urban,UNY
Yes,460623,Education,NA,2264617,1311862,Postgraduate,Law,Management,No,Urban,NO_ELIGIBLE_SCHEME
Yes,129670,Education,NA,3433911,3433911,12th,Law,Management,Yes,Rural,ELS
Yes,54733,Education,NA,1167088,1167088,12th,BTech,Management,Yes,Urban,ELS
Yes,405367,Business,Tailoring,4240854,958512,NA,NA,NA,NA,Urban,TERM_LOAN
Yes,267877,Business,Food Business,1014607,159050,NA,NA,NA,NA,Rural,TERM_LOAN
Yes,434132,Business,Repair Shop,39248,30629,NA,NA,NA,NA,Rural,AMY
Yes,184336,Business,Grocery Shop,126482,88275,NA,NA,NA,NA,Rural,MFS
Yes,442266,Business,Grocery Shop,89745,51263,NA,NA,NA,NA,Rural,AMY
Yes,151255,Business,Transport,33101,31627,NA,NA,NA,NA,Urban,MFS
Yes,418478,Business,Grocery Shop,287886,136086,NA,NA,NA,NA,Rural,UNY
Yes,494200,Education,NA,275570,275570,12th,Nursing,Management,Yes,Urban,ELS
Yes,281840,Business,Repair Shop,375815,307546,NA,NA,NA,NA,Urban,UNY
Yes,317136,Business,Fisheries,97862,89551,NA,NA,NA,NA,Urban,MFS
Yes,287748,Business,Service Business,51983,32457,NA,NA,NA,NA,Rural,MFS
Yes,431415,Business,Repair Shop,3722724,2294698,NA,NA,NA,NA,Urban,TERM_LOAN
Yes,466258,Education,NA,1115658,1115658,Postgraduate,Engineering,Medical,Yes,Urban,ELS
Yes,51166,Education,NA,1481519,1385554,12th,Engineering,Technical,Yes,Rural,ELS
Yes,413447,Business,Fisheries,113724,39232,NA,NA,NA,NA,Urban,AMY
Yes,326714,Business,Service Business,138397,46671,NA,NA,NA,NA,Rural,MFS
Yes,286794,Business,Tailoring,45619,28702,NA,NA,NA,NA,Urban,AMY
Yes,193406,Business,Grocery Shop,268810,266712,NA,NA,NA,NA,Urban,UNY
Yes,468611,Education,NA,2919606,2919606,Graduate,Nursing,Management,Yes,Urban,ELS
Yes,300022,Business,Poultry,91972,59724,NA,NA,NA,NA,Rural,AMY
Yes,50454,Business,Tailoring,115572,93930,NA,NA,NA,NA,Urban,MFS
Yes,364354,Business,Service Business,3872238,2130061,NA,NA,NA,NA,Rural,TERM_LOAN
Yes,223483,Education,NA,3307925,761241,12th,Law,Management,Yes,Urban,ELS
Yes,364618,Education,NA,1678786,808499,Postgraduate,Medical,Management,Yes,Urban,ELS
Yes,433738,Business,Computer Centre,336806,163524,NA,NA,NA,NA,Rural,UNY
Yes,373383,Business,Small Manufacturing,4978557,768064,NA,NA,NA,NA,Urban,TERM_LOAN
Yes,489664,Education,NA,3032420,1975722,Postgraduate,Medical,Management,Yes,Urban,ELS
Yes,487725,Business,Computer Centre,3071735,2269860,NA,NA,NA,NA,Urban,TERM_LOAN
Yes,353006,Business,Food Business,109242,10973,NA,NA,NA,NA,Rural,MFS
Yes,393801,Business,Food Business,31715,16839,NA,NA,NA,NA,Rural,MFS
Yes,377950,Business,Fisheries,129973,37235,NA,NA,NA,NA,Urban,MFS
Yes,468983,Education,NA,4153315,2072571,12th,Medical,Medical,Yes,Urban,ELS
Yes,386846,Business,Small Manufacturing,91063,71405,NA,NA,NA,NA,Urban,AMY
Yes,94085,Education,NA,353295,353295,Graduate,MCA,Management,Yes,Urban,ELS
Yes,572523,Business,Tailoring,405118,216644,NA,NA,NA,NA,Urban,NO_ELIGIBLE_SCHEME
Yes,87464,Business,Food Business,233927,62606,NA,NA,NA,NA,Urban,UNY
Yes,194639,Business,Tailoring,60959,42850,NA,NA,NA,NA,Urban,MFS
Yes,618131,Business,Computer Centre,476904,60347,NA,NA,NA,NA,Rural,NO_ELIGIBLE_SCHEME
Yes,145838,Education,NA,3345466,301153,12th,Law,Professional,Yes,Rural,ELS
Yes,342459,Education,NA,1270396,1085584,Postgraduate,BTech,Professional,Yes,Urban,ELS
Yes,231073,Business,Transport,126233,122823,NA,NA,NA,NA,Rural,MFS
Yes,694193,Business,Transport,249899,57406,NA,NA,NA,NA,Rural,NO_ELIGIBLE_SCHEME
Yes,416966,Business,Repair Shop,435133,422036,NA,NA,NA,NA,Rural,UNY
Yes,75601,Business,Computer Centre,120997,114720,NA,NA,NA,NA,Urban,AMY
Yes,469042,Education,NA,644287,57831,Graduate,BCA,Management,Yes,Rural,ELS
Yes,135038,Business,Food Business,2999720,1264293,NA,NA,NA,NA,Rural,TERM_LOAN
Yes,184177,Business,Fisheries,40384,10622,NA,NA,NA,NA,Rural,MFS
Yes,305664,Business,Service Business,752237,52127,NA,NA,NA,NA,Rural,TERM_LOAN
Yes,236179,Business,Computer Centre,132276,47304,NA,NA,NA,NA,Urban,MFS
Yes,475521,Business,Transport,146330,55767,NA,NA,NA,NA,Rural,UNY
Yes,286119,Business,Fisheries,332266,178039,NA,NA,NA,NA,Rural,UNY
Yes,430644,Business,Transport,375419,98259,NA,NA,NA,NA,Urban,UNY
Yes,428784,Business,Food Business,114448,15535,NA,NA,NA,NA,Rural,MFS
Yes,197425,Education,NA,1764933,82861,12th,BTech,Professional,Yes,Rural,ELS
Yes,467600,Education,NA,3051472,3051472,Graduate,BTech,Management,Yes,Rural,ELS
Yes,164770,Business,Transport,82481,17339,NA,NA,NA,NA,Rural,AMY
Yes,242457,Business,Service Business,48141,27366,NA,NA,NA,NA,Rural,MFS
Yes,265347,Business,Tailoring,195413,48336,NA,NA,NA,NA,Rural,UNY
Yes,673728,Business,Food Business,307863,113914,NA,NA,NA,NA,Rural,NO_ELIGIBLE_SCHEME
Yes,166852,Business,Food Business,85134,37770,NA,NA,NA,NA,Urban,AMY
Yes,83098,Business,Fisheries,4172339,1662317,NA,NA,NA,NA,Rural,TERM_LOAN
Yes,151288,Business,Repair Shop,1438034,1040237,NA,NA,NA,NA,Rural,TERM_LOAN
Yes,339695,Business,Computer Centre,2815434,1442230,NA,NA,NA,NA,Urban,TERM_LOAN
Yes,397729,Business,Poultry,441780,424400,NA,NA,NA,NA,Rural,UNY
Yes,123353,Business,Poultry,38372,12224,NA,NA,NA,NA,Rural,AMY
Yes,163994,Business,Computer Centre,1195906,517191,NA,NA,NA,NA,Urban,TERM_LOAN
Yes,465447,Business,Poultry,282006,212888,NA,NA,NA,NA,Rural,UNY
Yes,299625,Business,Grocery Shop,75656,66087,NA,NA,NA,NA,Urban,AMY
Yes,389866,Education,NA,2261385,1992382,Postgraduate,MBA,Technical,Yes,Rural,ELS
Yes,422411,Business,Fisheries,7465441,5374165,NA,NA,NA,NA,Rural,NO_ELIGIBLE_SCHEME
Yes,763502,Business,Food Business,100831,60279,NA,NA,NA,NA,Urban,NO_ELIGIBLE_SCHEME
Yes,283885,Business,Small Manufacturing,117115,35757,NA,NA,NA,NA,Urban,AMY
Yes,82080,Education,NA,4032690,2973316,Graduate,Law,Medical,Yes,Urban,ELS
Yes,344286,Business,Tailoring,6933947,5005470,NA,NA,NA,NA,Rural,NO_ELIGIBLE_SCHEME
Yes,450251,Business,Transport,455866,375690,NA,NA,NA,NA,Urban,UNY
Yes,264698,Business,Food Business,4208127,3852756,NA,NA,NA,NA,Rural,TERM_LOAN
Yes,257591,Business,Repair Shop,124801,12853,NA,NA,NA,NA,Rural,MFS
Yes,141972,Business,Poultry,7437049,5854882,NA,NA,NA,NA,Urban,NO_ELIGIBLE_SCHEME
Yes,223551,Business,Fisheries,467224,145291,NA,NA,NA,NA,Urban,UNY
Yes,568282,Business,Service Business,453899,220902,NA,NA,NA,NA,Urban,NO_ELIGIBLE_SCHEME
Yes,213020,Education,NA,3328482,174310,12th,Law,Medical,Yes,Rural,ELS
Yes,316819,Education,NA,579281,579281,Graduate,MCA,Professional,Yes,Urban,ELS
Yes,463376,Business,Service Business,1334007,1289167,NA,NA,NA,NA,Urban,TERM_LOAN
Yes,57224,Education,NA,4010779,3315635,12th,Engineering,Medical,Yes,Rural,ELS
Yes,324967,Business,Fisheries,5000000,5000000,NA,NA,NA,NA,Rural,NO_ELIGIBLE_SCHEME
Yes,407465,Business,Computer Centre,304769,125585,NA,NA,NA,NA,Urban,UNY
Yes,188238,Business,Small Manufacturing,6866135,5493820,NA,NA,NA,NA,Rural,NO_ELIGIBLE_SCHEME
Yes,465745,Education,NA,902940,902940,12th,MCA,Technical,Yes,Urban,ELS
Yes,205264,Business,Tailoring,74231,54236,NA,NA,NA,NA,Urban,AMY
Yes,452075,Business,Computer Centre,121680,43586,NA,NA,NA,NA,Rural,MFS
Yes,330365,Business,Small Manufacturing,65582,46260,NA,NA,NA,NA,Rural,AMY
Yes,351841,Business,Transport,309396,219623,NA,NA,NA,NA,Urban,UNY
Yes,179364,Education,NA,714478,714478,Graduate,MBA,Professional,Yes,Rural,ELS
Yes,496203,Business,Fisheries,3765668,1749484,NA,NA,NA,NA,Urban,TERM_LOAN
Yes,58488,Business,Repair Shop,78530,57683,NA,NA,NA,NA,Urban,AMY
Yes,190943,Education,NA,2250758,2250758,12th,MBA,Medical,Yes,Urban,ELS
Yes,452018,Education,NA,451991,844970,Postgraduate,Pharmacy,Technical,No,Urban,NO_ELIGIBLE_SCHEME
Yes,346303,Business,Food Business,6545136,5278891,NA,NA,NA,NA,Urban,NO_ELIGIBLE_SCHEME
No,242013,Business,Fisheries,477110,114965,NA,NA,NA,NA,Rural,NO_ELIGIBLE_SCHEME
Yes,188675,Business,Transport,254853,39517,NA,NA,NA,NA,Urban,UNY
Yes,492192,Business,Poultry,5000000,5000000,NA,NA,NA,NA,Urban,NO_ELIGIBLE_SCHEME
Yes,462852,Business,Small Manufacturing,2326718,219975,NA,NA,NA,NA,Urban,TERM_LOAN
Yes,241452,Business,Tailoring,331875,289224,NA,NA,NA,NA,Rural,UNY
Yes,144275,Business,Tailoring,80905,45446,NA,NA,NA,NA,Urban,MFS
Yes,358605,Business,Tailoring,60413,16028,NA,NA,NA,NA,Rural,AMY
Yes,489767,Business,Small Manufacturing,57111,46186,NA,NA,NA,NA,Rural,AMY
Yes,271739,Business,Poultry,397856,80893,NA,NA,NA,NA,Rural,UNY
Yes,161787,Business,Grocery Shop,302978,68328,NA,NA,NA,NA,Rural,UNY
Yes,383522,Business,Fisheries,108584,66300,NA,NA,NA,NA,Rural,AMY
Yes,63074,Business,Small Manufacturing,3329198,1293132,NA,NA,NA,NA,Rural,TERM_LOAN
Yes,94460,Business,Grocery Shop,3881239,1677744,NA,NA,NA,NA,Urban,TERM_LOAN
Yes,495106,Business,Food Business,6793030,5721886,NA,NA,NA,NA,Urban,NO_ELIGIBLE_SCHEME
Yes,133844,Education,NA,1104536,1104536,Postgraduate,Law,Technical,Yes,Rural,ELS
Yes,71940,Business,Tailoring,3364932,755264,NA,NA,NA,NA,Urban,TERM_LOAN
Yes,386770,Business,Grocery Shop,46426,30776,NA,NA,NA,NA,Urban,MFS
Yes,71471,Business,Transport,1388196,127065,NA,NA,NA,NA,Rural,TERM_LOAN
Yes,354342,Business,Poultry,103342,15390,NA,NA,NA,NA,Urban,MFS
Yes,479785,Business,Computer Centre,6638415,6527053,NA,NA,NA,NA,Rural,NO_ELIGIBLE_SCHEME
Yes,362639,Business,Small Manufacturing,5000000,5000000,NA,NA,NA,NA,Rural,NO_ELIGIBLE_SCHEME
Yes,331264,Business,Poultry,2636429,338599,NA,NA,NA,NA,Rural,TERM_LOAN
Yes,389374,Business,Computer Centre,133445,92691,NA,NA,NA,NA,Rural,MFS
Yes,391999,Education,NA,3576272,3576272,12th,Medical,Technical,Yes,Rural,ELS
Yes,400711,Business,Tailoring,4427600,4134084,NA,NA,NA,NA,Urban,TERM_LOAN
Yes,61028,Business,Service Business,38392,21078,NA,NA,NA,NA,Rural,MFS
Yes,433326,Business,Poultry,3870476,2755777,NA,NA,NA,NA,Rural,TERM_LOAN
Yes,448865,Business,Computer Centre,123107,25126,NA,NA,NA,NA,Urban,MFS
Yes,450761,Business,Transport,72583,59223,NA,NA,NA,NA,Urban,AMY
Yes,330119,Business,Food Business,7835529,6266537,NA,NA,NA,NA,Rural,NO_ELIGIBLE_SCHEME
Yes,235915,Education,NA,3245524,204392,Postgraduate,Nursing,Medical,Yes,Rural,ELS
Yes,131937,Education,NA,4289198,2644070,12th,Nursing,Management,Yes,Urban,ELS
Yes,118461,Education,NA,3745374,1949730,12th,MCA,Technical,Yes,Urban,ELS
Yes,161942,Business,Transport,114410,50225,NA,NA,NA,NA,Rural,AMY
Yes,307697,Business,Transport,56886,54126,NA,NA,NA,NA,Urban,AMY
Yes,103712,Business,Repair Shop,210423,158460,NA,NA,NA,NA,Urban,UNY
Yes,239691,Business,Repair Shop,2361567,1324784,NA,NA,NA,NA,Urban,TERM_LOAN
Yes,352612,Business,Poultry,218232,193535,NA,NA,NA,NA,Urban,UNY
Yes,422826,Business,Tailoring,46143,34024,NA,NA,NA,NA,Urban,MFS
Yes,433963,Education,NA,2835254,438313,Graduate,BCA,Professional,Yes,Urban,ELS
Yes,366889,Education,NA,4484583,3774586,Graduate,BTech,Technical,Yes,Rural,ELS
Yes,476729,Business,Service Business,4342726,3320978,NA,NA,NA,NA,Rural,TERM_LOAN
Yes,325026,Education,NA,995938,995938,12th,Engineering,Technical,Yes,Urban,ELS
Yes,292283,Business,Service Business,52923,46425,NA,NA,NA,NA,Rural,MFS
Yes,110579,Business,Service Business,2468971,67915,NA,NA,NA,NA,Rural,TERM_LOAN
Yes,450211,Business,Food Business,5000000,5000000,NA,NA,NA,NA,Urban,NO_ELIGIBLE_SCHEME
Yes,54467,Business,Small Manufacturing,6363087,5802471,NA,NA,NA,NA,Rural,NO_ELIGIBLE_SCHEME
Yes,437484,Business,Computer Centre,2765154,599376,NA,NA,NA,NA,Rural,TERM_LOAN
Yes,476315,Business,Service Business,69688,50533,NA,NA,NA,NA,Urban,MFS
Yes,334908,Business,Food Business,5000000,5000000,NA,NA,NA,NA,Rural,NO_ELIGIBLE_SCHEME
Yes,488708,Business,Small Manufacturing,4090094,543807,NA,NA,NA,NA,Urban,TERM_LOAN
Yes,201424,Education,NA,4110184,2740834,12th,MBA,Management,Yes,Rural,ELS
No,227809,Business,Transport,224497,20212,NA,NA,NA,NA,Rural,NO_ELIGIBLE_SCHEME
Yes,404889,Business,Small Manufacturing,7230966,5299741,NA,NA,NA,NA,Urban,NO_ELIGIBLE_SCHEME
Yes,311562,Business,Transport,114840,48680,NA,NA,NA,NA,Urban,MFS
Yes,76300,Education,NA,3953955,712369,Postgraduate,BTech,Professional,Yes,Urban,ELS
Yes,284320,Business,Grocery Shop,131547,106537,NA,NA,NA,NA,Urban,MFS
Yes,428222,Business,Food Business,39287,17710,NA,NA,NA,NA,Urban,MFS
Yes,309914,Business,Small Manufacturing,209393,147612,NA,NA,NA,NA,Urban,UNY
Yes,261629,Business,Service Business,441699,115102,NA,NA,NA,NA,Rural,UNY
Yes,288526,Business,Service Business,87008,15167,NA,NA,NA,NA,Urban,AMY
Yes,412698,Business,Service Business,4679205,682305,NA,NA,NA,NA,Urban,TERM_LOAN
No,103174,Business,Fisheries,350931,79190,NA,NA,NA,NA,Rural,NO_ELIGIBLE_SCHEME
Yes,307265,Business,Repair Shop,439834,42054,NA,NA,NA,NA,Rural,UNY
Yes,365486,Business,Computer Centre,120888,64256,NA,NA,NA,NA,Rural,AMY
Yes,327787,Education,NA,2770073,2309774,12th,Medical,Professional,Yes,Rural,ELS
Yes,236461,Education,NA,2530935,1531395,Postgraduate,Pharmacy,Professional,Yes,Urban,ELS
Yes,324953,Business,Grocery Shop,175403,117424,NA,NA,NA,NA,Urban,UNY
Yes,469615,Business,Service Business,316517,272787,NA,NA,NA,NA,Rural,UNY
Yes,115262,Business,Transport,83580,15089,NA,NA,NA,NA,Rural,AMY
Yes,249459,Education,NA,1507031,525029,Postgraduate,BCA,Professional,Yes,Rural,ELS
Yes,458390,Business,Repair Shop,930607,153139,NA,NA,NA,NA,Rural,TERM_LOAN
Yes,122611,Business,Computer Centre,2343027,291495,NA,NA,NA,NA,Urban,TERM_LOAN
Yes,182935,Education,NA,4227063,1986597,Graduate,BCA,Professional,Yes,Urban,ELS
Yes,263632,Business,Grocery Shop,141611,70178,NA,NA,NA,NA,Rural,UNY
Yes,364840,Education,NA,2846327,3912213,Graduate,BCA,Medical,No,Rural,NO_ELIGIBLE_SCHEME
Yes,164046,Business,Computer Centre,133381,11368,NA,NA,NA,NA,Urban,AMY
Yes,132529,Business,Transport,269926,232785,NA,NA,NA,NA,Rural,UNY
Yes,462278,Education,NA,3685121,430865,Graduate,BCA,Professional,Yes,Urban,ELS
Yes,244401,Business,Poultry,91863,49795,NA,NA,NA,NA,Urban,AMY
Yes,371491,Education,NA,3938866,2124232,Graduate,Law,Management,No,Urban,NO_ELIGIBLE_SCHEME
Yes,262483,Education,NA,2064049,1399099,Graduate,BTech,Management,Yes,Rural,ELS
No,465134,Business,Grocery Shop,111710,214024,NA,NA,NA,NA,Urban,NO_ELIGIBLE_SCHEME
Yes,437441,Education,NA,2359417,2359417,12th,MCA,Professional,Yes,Urban,ELS
Yes,323789,Business,Service Business,462935,124669,NA,NA,NA,NA,Rural,UNY
Yes,256594,Business,Fisheries,102067,100018,NA,NA,NA,NA,Urban,AMY
Yes,319886,Business,Food Business,349620,316492,NA,NA,NA,NA,Urban,UNY
Yes,123694,Business,Fisheries,124926,120460,NA,NA,NA,NA,Rural,MFS
Yes,385527,Education,NA,2785834,2785834,Postgraduate,MBA,Technical,Yes,Urban,ELS
No,287700,Business,Fisheries,63038,380099,NA,NA,NA,NA,Urban,NO_ELIGIBLE_SCHEME
Yes,240218,Education,NA,1410608,1410608,12th,Medical,Management,Yes,Rural,ELS
Yes,111771,Business,Repair Shop,101549,67653,NA,NA,NA,NA,Urban,AMY
Yes,311300,Business,Grocery Shop,129872,76308,NA,NA,NA,NA,Rural,MFS
Yes,692355,Business,Fisheries,461703,146995,NA,NA,NA,NA,Urban,NO_ELIGIBLE_SCHEME
Yes,477896,Business,Repair Shop,71409,19483,NA,NA,NA,NA,Rural,AMY
Yes,332775,Education,NA,2741549,1603421,Graduate,Pharmacy,Medical,No,Rural,NO_ELIGIBLE_SCHEME
Yes,318427,Business,Grocery Shop,429683,386894,NA,NA,NA,NA,Urban,UNY
Yes,228457,Business,Poultry,498487,396652,NA,NA,NA,NA,Rural,UNY
Yes,413691,Business,Grocery Shop,164306,161141,NA,NA,NA,NA,Rural,UNY
Yes,212410,Business,Poultry,1068614,880174,NA,NA,NA,NA,Urban,TERM_LOAN
Yes,83904,Education,NA,3395640,3395640,12th,BTech,Professional,Yes,Urban,ELS
Yes,83095,Business,Tailoring,104098,72065,NA,NA,NA,NA,Urban,AMY
No,472935,Business,Repair Shop,302404,40654,NA,NA,NA,NA,Urban,NO_ELIGIBLE_SCHEME
Yes,57633,Business,Computer Centre,85270,13662,NA,NA,NA,NA,Rural,AMY
Yes,53839,Business,Repair Shop,382130,95228,NA,NA,NA,NA,Urban,UNY
Yes,426490,Education,NA,469035,469035,Postgraduate,BCA,Technical,Yes,Rural,ELS
Yes,242967,Education,NA,2403299,1483302,Graduate,Medical,Management,Yes,Rural,ELS
Yes,444526,Business,Repair Shop,7942880,5704665,NA,NA,NA,NA,Urban,NO_ELIGIBLE_SCHEME
Yes,390116,Business,Computer Centre,91112,79946,NA,NA,NA,NA,Urban,MFS
Yes,233007,Education,NA,4181929,3261314,12th,BTech,Technical,Yes,Urban,ELS
Yes,257230,Business,Poultry,210755,80911,NA,NA,NA,NA,Rural,UNY
Yes,380196,Business,Transport,56728,48119,NA,NA,NA,NA,Rural,AMY
Yes,136392,Education,NA,2828501,2828501,Graduate,MCA,Medical,Yes,Rural,ELS
No,437810,Business,Service Business,274664,373502,NA,NA,NA,NA,Rural,NO_ELIGIBLE_SCHEME
Yes,535795,Business,Service Business,64982,52786,NA,NA,NA,NA,Urban,NO_ELIGIBLE_SCHEME
Yes,427819,Business,Service Business,52439,50925,NA,NA,NA,NA,Urban,MFS
Yes,240220,Business,Tailoring,54149,10440,NA,NA,NA,NA,Rural,AMY
Yes,617923,Business,Transport,379479,261784,NA,NA,NA,NA,Urban,NO_ELIGIBLE_SCHEME
Yes,275049,Education,NA,1593016,1593016,Graduate,BCA,Medical,Yes,Rural,ELS
Yes,427776,Business,Repair Shop,447667,398348,NA,NA,NA,NA,Urban,UNY
Yes,462933,Business,Service Business,330689,191370,NA,NA,NA,NA,Urban,UNY
Yes,106809,Business,Poultry,231816,74905,NA,NA,NA,NA,Rural,UNY
Yes,791620,Business,Fisheries,100553,228573,NA,NA,NA,NA,Urban,NO_ELIGIBLE_SCHEME
Yes,296245,Business,Repair Shop,357953,63811,NA,NA,NA,NA,Urban,UNY
Yes,431063,Business,Poultry,490299,450190,NA,NA,NA,NA,Urban,TERM_LOAN
Yes,479417,Business,Transport,116283,80642,NA,NA,NA,NA,Rural,MFS
Yes,480318,Business,Small Manufacturing,409349,219902,NA,NA,NA,NA,Urban,UNY
Yes,148541,Business,Grocery Shop,132238,62455,NA,NA,NA,NA,Urban,AMY
Yes,200690,Business,Small Manufacturing,124541,98862,NA,NA,NA,NA,Urban,AMY
Yes,179346,Education,NA,2464533,2464533,Postgraduate,MBA,Technical,Yes,Rural,ELS
Yes,364307,Business,Tailoring,311785,220238,NA,NA,NA,NA,Urban,UNY
Yes,171390,Business,Fisheries,72422,59801,NA,NA,NA,NA,Rural,AMY
Yes,94907,Business,Food Business,104364,20322,NA,NA,NA,NA,Rural,MFS
Yes,476594,Business,Transport,499219,88060,NA,NA,NA,NA,Urban,UNY
Yes,288521,Business,Poultry,90608,42216,NA,NA,NA,NA,Rural,AMY
Yes,180200,Business,Repair Shop,85450,10011,NA,NA,NA,NA,Rural,AMY
Yes,438649,Education,NA,3706887,943348,Graduate,Engineering,Medical,Yes,Rural,ELS
Yes,129833,Business,Fisheries,349750,240542,NA,NA,NA,NA,Rural,UNY
Yes,344572,Business,Poultry,397184,87913,NA,NA,NA,NA,Urban,UNY
Yes,222203,Business,Grocery Shop,106832,50683,NA,NA,NA,NA,Urban,AMY
Yes,209670,Education,NA,3044769,3739905,12th,BTech,Medical,No,Urban,NO_ELIGIBLE_SCHEME
Yes,230049,Business,Fisheries,2754326,929619,NA,NA,NA,NA,Rural,TERM_LOAN
Yes,158132,Business,Service Business,222699,32918,NA,NA,NA,NA,Rural,UNY
Yes,135808,Business,Transport,3393398,1531005,NA,NA,NA,NA,Urban,TERM_LOAN
Yes,202338,Business,Tailoring,1105961,1054816,NA,NA,NA,NA,Urban,TERM_LOAN
Yes,345399,Business,Grocery Shop,239046,124680,NA,NA,NA,NA,Urban,UNY
Yes,355004,Business,Small Manufacturing,56799,40322,NA,NA,NA,NA,Rural,AMY
Yes,184625,Business,Service Business,225788,118563,NA,NA,NA,NA,Rural,UNY
Yes,460681,Business,Food Business,491445,249277,NA,NA,NA,NA,Urban,UNY
Yes,436645,Business,Fisheries,111980,25456,NA,NA,NA,NA,Urban,MFS
Yes,751882,Business,Small Manufacturing,94604,198980,NA,NA,NA,NA,Urban,NO_ELIGIBLE_SCHEME
Yes,454693,Business,Service Business,4164721,3037466,NA,NA,NA,NA,Urban,TERM_LOAN
Yes,167895,Business,Repair Shop,103149,49124,NA,NA,NA,NA,Urban,MFS
Yes,154389,Education,NA,2924090,3316293,12th,Engineering,Medical,No,Rural,NO_ELIGIBLE_SCHEME
Yes,233173,Business,Repair Shop,7027753,5892991,NA,NA,NA,NA,Rural,NO_ELIGIBLE_SCHEME
Yes,393841,Education,NA,504105,630836,Postgraduate,Medical,Management,No,Rural,NO_ELIGIBLE_SCHEME
Yes,208715,Business,Grocery Shop,339304,32703,NA,NA,NA,NA,Rural,UNY
Yes,216902,Business,Grocery Shop,414408,69649,NA,NA,NA,NA,Urban,UNY
Yes,51148,Education,NA,1891881,759602,12th,BTech,Professional,Yes,Urban,ELS
Yes,73224,Business,Service Business,114803,90304,NA,NA,NA,NA,Urban,MFS
Yes,244735,Business,Computer Centre,250854,165386,NA,NA,NA,NA,Rural,UNY
Yes,362546,Education,NA,2183054,2073867,Graduate,BCA,Management,Yes,Rural,ELS
Yes,148818,Business,Service Business,39094,15648,NA,NA,NA,NA,Urban,AMY
Yes,254859,Business,Poultry,453963,172587,NA,NA,NA,NA,Rural,UNY
Yes,395817,Business,Computer Centre,30621,17877,NA,NA,NA,NA,Rural,AMY
Yes,264565,Business,Poultry,120271,76252,NA,NA,NA,NA,Rural,AMY
Yes,471838,Business,Repair Shop,62921,55614,NA,NA,NA,NA,Rural,AMY
Yes,212297,Education,NA,2359609,3219983,Graduate,Law,Technical,No,Rural,NO_ELIGIBLE_SCHEME
No,248579,Business,Service Business,482184,184047,NA,NA,NA,NA,Rural,NO_ELIGIBLE_SCHEME
Yes,247136,Business,Transport,62535,61819,NA,NA,NA,NA,Rural,AMY
Yes,250070,Business,Transport,3346387,3032674,NA,NA,NA,NA,Urban,TERM_LOAN
Yes,253728,Business,Poultry,1133567,304667,NA,NA,NA,NA,Urban,TERM_LOAN
Yes,230227,Business,Transport,102544,79588,NA,NA,NA,NA,Urban,MFS
Yes,271122,Business,Tailoring,132733,87283,NA,NA,NA,NA,Urban,MFS
Yes,72800,Education,NA,3252023,1943421,Postgraduate,Engineering,Management,Yes,Rural,ELS
Yes,429442,Business,Transport,871118,360087,NA,NA,NA,NA,Rural,TERM_LOAN
Yes,487926,Education,NA,3901431,2974534,Postgraduate,MBA,Professional,Yes,Urban,ELS
Yes,181563,Education,NA,3981350,3136322,Graduate,BCA,Medical,Yes,Urban,ELS
Yes,347701,Business,Fisheries,5000000,5000000,NA,NA,NA,NA,Urban,NO_ELIGIBLE_SCHEME
Yes,296674,Business,Grocery Shop,53491,19853,NA,NA,NA,NA,Rural,AMY
Yes,345973,Business,Grocery Shop,193230,159187,NA,NA,NA,NA,Urban,UNY
Yes,357552,Business,Poultry,32872,14840,NA,NA,NA,NA,Rural,MFS
Yes,428364,Business,Fisheries,70824,20758,NA,NA,NA,NA,Rural,AMY
Yes,435326,Education,NA,1163031,1163031,Postgraduate,Law,Technical,Yes,Urban,ELS
Yes,180482,Business,Service Business,490789,216755,NA,NA,NA,NA,Rural,UNY
Yes,90835,Business,Service Business,65554,64132,NA,NA,NA,NA,Urban,MFS
No,452036,Business,Food Business,278303,250102,NA,NA,NA,NA,Urban,NO_ELIGIBLE_SCHEME
Yes,253630,Business,Grocery Shop,296339,101122,NA,NA,NA,NA,Rural,UNY
Yes,442531,Education,NA,3338144,2265966,12th,Nursing,Professional,No,Rural,NO_ELIGIBLE_SCHEME
Yes,752121,Business,Transport,459151,106210,NA,NA,NA,NA,Rural,NO_ELIGIBLE_SCHEME
Yes,468527,Education,NA,1313335,1239744,Graduate,BTech,Medical,Yes,Rural,ELS
Yes,446784,Education,NA,3669980,3793355,Postgraduate,MBA,Management,No,Rural,NO_ELIGIBLE_SCHEME
Yes,159592,Education,NA,1957329,1957329,12th,BTech,Medical,Yes,Urban,ELS
Yes,118094,Education,NA,2539151,2539151,Graduate,Engineering,Management,Yes,Rural,ELS
Yes,275605,Business,Fisheries,167586,119714,NA,NA,NA,NA,Rural,UNY
Yes,306468,Business,Service Business,135476,123247,NA,NA,NA,NA,Urban,AMY
Yes,411757,Education,NA,395561,395561,Postgraduate,Pharmacy,Management,Yes,Urban,ELS
Yes,401086,Business,Repair Shop,98783,38063,NA,NA,NA,NA,Rural,AMY
Yes,78609,Business,Fisheries,68737,52347,NA,NA,NA,NA,Urban,MFS
Yes,147700,Education,NA,888740,888740,Graduate,Nursing,Management,Yes,Rural,ELS
Yes,139721,Business,Grocery Shop,5000000,5000000,NA,NA,NA,NA,Rural,NO_ELIGIBLE_SCHEME
Yes,241791,Business,Small Manufacturing,923571,161886,NA,NA,NA,NA,Urban,TERM_LOAN
Yes,385919,Education,NA,2935422,925417,12th,Engineering,Medical,Yes,Urban,ELS
Yes,442134,Business,Fisheries,4976761,2894441,NA,NA,NA,NA,Rural,TERM_LOAN
Yes,406660,Business,Food Business,280016,246286,NA,NA,NA,NA,Rural,UNY
Yes,446045,Business,Grocery Shop,78330,20031,NA,NA,NA,NA,Urban,AMY
Yes,266938,Business,Poultry,131612,106003,NA,NA,NA,NA,Rural,AMY
Yes,367137,Education,NA,233320,233320,12th,BTech,Professional,Yes,Rural,ELS
Yes,194587,Business,Grocery Shop,348048,282832,NA,NA,NA,NA,Rural,UNY
Yes,132523,Business,Food Business,3240243,1637455,NA,NA,NA,NA,Urban,TERM_LOAN
Yes,411912,Business,Transport,120526,98316,NA,NA,NA,NA,Urban,MFS
Yes,472056,Business,Fisheries,2592449,2326890,NA,NA,NA,NA,Rural,TERM_LOAN
Yes,387110,Business,Fisheries,4975649,2057893,NA,NA,NA,NA,Rural,TERM_LOAN
Yes,272570,Education,NA,1759835,712450,Graduate,Pharmacy,Management,Yes,Rural,ELS
Yes,270235,Education,NA,1000621,1000621,Graduate,Nursing,Professional,Yes,Rural,ELS
Yes,231691,Business,Poultry,2274104,750441,NA,NA,NA,NA,Urban,TERM_LOAN
Yes,438697,Business,Poultry,437648,419772,NA,NA,NA,NA,Rural,UNY
Yes,285142,Business,Poultry,136740,37165,NA,NA,NA,NA,Rural,AMY
Yes,229634,Education,NA,4276555,1344456,12th,BTech,Medical,Yes,Rural,ELS
Yes,481753,Business,Computer Centre,72432,53520,NA,NA,NA,NA,Rural,AMY
Yes,57275,Education,NA,1082997,3317703,Graduate,Medical,Professional,No,Urban,NO_ELIGIBLE_SCHEME
Yes,234446,Business,Service Business,41648,20936,NA,NA,NA,NA,Rural,AMY
Yes,393567,Business,Small Manufacturing,5000000,5000000,NA,NA,NA,NA,Urban,NO_ELIGIBLE_SCHEME
Yes,78997,Business,Transport,30743,23240,NA,NA,NA,NA,Urban,AMY
Yes,283931,Business,Fisheries,121789,62944,NA,NA,NA,NA,Urban,MFS
Yes,274622,Business,Service Business,127912,86622,NA,NA,NA,NA,Urban,MFS
Yes,321460,Business,Computer Centre,401312,155426,NA,NA,NA,NA,Urban,UNY
Yes,499193,Education,NA,551244,551244,Graduate,Law,Management,Yes,Urban,ELS
Yes,129669,Business,Fisheries,88065,45887,NA,NA,NA,NA,Rural,MFS
Yes,429954,Business,Poultry,366753,352898,NA,NA,NA,NA,Rural,UNY
Yes,65363,Business,Repair Shop,108265,38707,NA,NA,NA,NA,Rural,MFS
Yes,79420,Business,Computer Centre,37774,13323,NA,NA,NA,NA,Urban,AMY
Yes,393947,Business,Tailoring,273555,103775,NA,NA,NA,NA,Urban,UNY
Yes,266388,Education,NA,2123064,347911,Postgraduate,BCA,Medical,No,Urban,NO_ELIGIBLE_SCHEME
Yes,437388,Business,Poultry,3568995,1914147,NA,NA,NA,NA,Urban,TERM_LOAN
Yes,133070,Business,Transport,71697,43900,NA,NA,NA,NA,Rural,AMY
No,200539,Business,Service Business,271916,145208,NA,NA,NA,NA,Rural,NO_ELIGIBLE_SCHEME
Yes,310610,Education,NA,2752077,241139,Postgraduate,BTech,Medical,Yes,Rural,ELS
Yes,656433,Business,Tailoring,414636,369045,NA,NA,NA,NA,Rural,NO_ELIGIBLE_SCHEME
Yes,85183,Education,NA,1263838,1263838,Postgraduate,Medical,Medical,Yes,Urban,ELS
Yes,193837,Business,Tailoring,4296366,601143,NA,NA,NA,NA,Urban,TERM_LOAN
Yes,90007,Business,Poultry,440629,428398,NA,NA,NA,NA,Rural,UNY
Yes,56304,Education,NA,1517945,692533,Postgraduate,Nursing,Professional,Yes,Rural,ELS
Yes,444628,Business,Food Business,113252,44257,NA,NA,NA,NA,Urban,MFS
Yes,348714,Business,Repair Shop,124223,46187,NA,NA,NA,NA,Rural,AMY
Yes,176856,Education,NA,1093809,193197,12th,BCA,Medical,No,Rural,NO_ELIGIBLE_SCHEME
Yes,210158,Business,Transport,158584,75441,NA,NA,NA,NA,Urban,UNY
Yes,252520,Business,Poultry,889446,216424,NA,NA,NA,NA,Urban,TERM_LOAN
Yes,86930,Education,NA,852242,2592498,Postgraduate,BCA,Management,No,Urban,NO_ELIGIBLE_SCHEME
Yes,106846,Education,NA,3438360,3233577,Postgraduate,Pharmacy,Technical,Yes,Rural,ELS
Yes,255477,Business,Poultry,41287,23974,NA,NA,NA,NA,Urban,MFS
Yes,385024,Business,Repair Shop,6713614,6177326,NA,NA,NA,NA,Urban,NO_ELIGIBLE_SCHEME
Yes,54536,Business,Computer Centre,4295214,1176218,NA,NA,NA,NA,Urban,TERM_LOAN
Yes,328346,Business,Poultry,1102654,945660,NA,NA,NA,NA,Rural,TERM_LOAN
Yes,178800,Business,Service Business,7734786,5092876,NA,NA,NA,NA,Rural,NO_ELIGIBLE_SCHEME
Yes,79691,Education,NA,3122908,243706,Graduate,MBA,Professional,Yes,Urban,ELS
Yes,403202,Education,NA,993200,993200,Graduate,BTech,Management,Yes,Urban,ELS
Yes,493582,Business,Small Manufacturing,1780789,1191837,NA,NA,NA,NA,Urban,TERM_LOAN
Yes,265448,Business,Poultry,253479,231000,NA,NA,NA,NA,Urban,UNY
Yes,573838,Business,Fisheries,80384,361049,NA,NA,NA,NA,Urban,NO_ELIGIBLE_SCHEME
Yes,261000,Business,Tailoring,221138,58044,NA,NA,NA,NA,Rural,UNY
Yes,219135,Business,Transport,110352,47110,NA,NA,NA,NA,Urban,MFS
Yes,164541,Business,Computer Centre,126734,38119,NA,NA,NA,NA,Rural,AMY
Yes,217853,Business,Small Manufacturing,77777,40763,NA,NA,NA,NA,Urban,AMY
Yes,152836,Education,NA,2923999,472876,12th,Pharmacy,Management,Yes,Rural,ELS
Yes,274049,Business,Tailoring,277285,201150,NA,NA,NA,NA,Urban,UNY
Yes,189092,Education,NA,1900991,796369,Postgraduate,BTech,Management,Yes,Rural,ELS
Yes,56517,Business,Service Business,355151,85118,NA,NA,NA,NA,Urban,UNY
Yes,226585,Business,Service Business,256068,196426,NA,NA,NA,NA,Rural,UNY
Yes,290381,Business,Tailoring,4833996,4207201,NA,NA,NA,NA,Rural,TERM_LOAN
Yes,206647,Education,NA,4218321,1427423,Graduate,Medical,Management,Yes,Rural,ELS
Yes,63735,Business,Service Business,47241,22107,NA,NA,NA,NA,Urban,MFS
Yes,146929,Business,Grocery Shop,341902,340685,NA,NA,NA,NA,Rural,UNY
Yes,352629,Business,Computer Centre,102744,54663,NA,NA,NA,NA,Rural,AMY
Yes,295881,Business,Tailoring,569847,404568,NA,NA,NA,NA,Rural,TERM_LOAN
Yes,388566,Business,Transport,2116645,1643258,NA,NA,NA,NA,Urban,TERM_LOAN
Yes,341658,Business,Small Manufacturing,273438,109205,NA,NA,NA,NA,Rural,UNY
Yes,262751,Business,Transport,606018,332130,NA,NA,NA,NA,Rural,TERM_LOAN
Yes,379610,Business,Food Business,103618,82393,NA,NA,NA,NA,Urban,AMY
Yes,266541,Business,Grocery Shop,96932,65694,NA,NA,NA,NA,Urban,MFS
Yes,302540,Business,Transport,153585,116605,NA,NA,NA,NA,Urban,TERM_LOAN
Yes,122096,Business,Poultry,94414,72108,NA,NA,NA,NA,Rural,MFS
No,189531,Business,Poultry,276426,398120,NA,NA,NA,NA,Urban,NO_ELIGIBLE_SCHEME
Yes,123105,Education,NA,1426225,92059,Graduate,Engineering,Professional,Yes,Rural,ELS
Yes,485072,Business,Computer Centre,36820,32226,NA,NA,NA,NA,Urban,AMY
Yes,121732,Business,Repair Shop,64479,15692,NA,NA,NA,NA,Rural,AMY
Yes,127093,Business,Transport,5000000,5000000,NA,NA,NA,NA,Urban,NO_ELIGIBLE_SCHEME
Yes,737905,Business,Tailoring,53393,281948,NA,NA,NA,NA,Rural,NO_ELIGIBLE_SCHEME
Yes,148057,Business,Repair Shop,32174,25101,NA,NA,NA,NA,Rural,AMY
Yes,455407,Education,NA,4003422,2684232,Graduate,MBA,Management,Yes,Rural,ELS
Yes,156352,Business,Tailoring,45408,18622,NA,NA,NA,NA,Urban,MFS
Yes,251185,Business,Fisheries,197695,169070,NA,NA,NA,NA,Urban,UNY
Yes,316770,Business,Tailoring,59937,58547,NA,NA,NA,NA,Rural,MFS
Yes,74000,Business,Poultry,122025,23935,NA,NA,NA,NA,Urban,MFS
Yes,441895,Business,Transport,68680,31411,NA,NA,NA,NA,Rural,MFS
Yes,139861,Education,NA,1565084,1565084,Postgraduate,Pharmacy,Medical,Yes,Rural,ELS
Yes,459412,Business,Service Business,2309611,173214,NA,NA,NA,NA,Rural,TERM_LOAN
Yes,489613,Business,Tailoring,51150,21179,NA,NA,NA,NA,Rural,AMY
Yes,446892,Business,Tailoring,484594,319205,NA,NA,NA,NA,Urban,UNY
Yes,319107,Business,Tailoring,115404,63674,NA,NA,NA,NA,Rural,MFS
Yes,395545,Business,Tailoring,381909,279727,NA,NA,NA,NA,Urban,UNY
Yes,499396,Business,Repair Shop,151254,72279,NA,NA,NA,NA,Rural,UNY
Yes,489594,Education,NA,3285067,1353595,Postgraduate,BCA,Professional,Yes,Urban,ELS
Yes,388539,Business,Computer Centre,2859630,119788,NA,NA,NA,NA,Urban,TERM_LOAN
Yes,351769,Business,Computer Centre,5000000,5000000,NA,NA,NA,NA,Rural,NO_ELIGIBLE_SCHEME
Yes,278541,Business,Poultry,461955,46541,NA,NA,NA,NA,Urban,UNY
Yes,478500,Business,Computer Centre,883189,603063,NA,NA,NA,NA,Urban,TERM_LOAN
Yes,394595,Business,Small Manufacturing,170309,111462,NA,NA,NA,NA,Urban,UNY
Yes,110285,Business,Small Manufacturing,422780,152417,NA,NA,NA,NA,Rural,UNY
Yes,464435,Education,NA,2962941,2962941,Postgraduate,BTech,Technical,Yes,Urban,ELS
Yes,341849,Education,NA,4211333,226322,12th,Pharmacy,Management,Yes,Urban,ELS
Yes,105486,Education,NA,1917105,1917105,Graduate,MBA,Professional,Yes,Urban,ELS
Yes,394363,Business,Computer Centre,1333165,551220,NA,NA,NA,NA,Rural,TERM_LOAN
Yes,415603,Business,Poultry,230406,103585,NA,NA,NA,NA,Rural,UNY
Yes,419823,Business,Repair Shop,7928060,6715885,NA,NA,NA,NA,Rural,NO_ELIGIBLE_SCHEME
Yes,487630,Business,Computer Centre,4575230,3521805,NA,NA,NA,NA,Urban,TERM_LOAN
No,461898,Business,Computer Centre,119747,177531,NA,NA,NA,NA,Rural,NO_ELIGIBLE_SCHEME
Yes,237678,Business,Service Business,325751,74951,NA,NA,NA,NA,Rural,UNY
Yes,420234,Business,Grocery Shop,351826,296938,NA,NA,NA,NA,Urban,UNY
Yes,449793,Education,NA,2279012,2279012,Postgraduate,BCA,Technical,Yes,Rural,ELS
Yes,262974,Education,NA,4290899,2945305,Postgraduate,MCA,Professional,Yes,Rural,ELS
Yes,426575,Business,Service Business,4737468,905425,NA,NA,NA,NA,Rural,TERM_LOAN
Yes,390201,Business,Grocery Shop,7971117,5709747,NA,NA,NA,NA,Urban,NO_ELIGIBLE_SCHEME
Yes,303887,Business,Food Business,87619,64476,NA,NA,NA,NA,Rural,MFS
Yes,440359,Education,NA,2468472,2468472,12th,Law,Technical,Yes,Rural,ELS
Yes,162065,Business,Transport,93653,73092,NA,NA,NA,NA,Rural,MFS
Yes,609295,Business,Fisheries,99158,159434,NA,NA,NA,NA,Rural,NO_ELIGIBLE_SCHEME
Yes,107837,Business,Service Business,132177,91957,NA,NA,NA,NA,Urban,AMY
Yes,479089,Business,Tailoring,1061549,199940,NA,NA,NA,NA,Urban,TERM_LOAN
Yes,355934,Business,Food Business,124555,16731,NA,NA,NA,NA,Rural,MFS
Yes,159752,Education,NA,1890702,1698074,12th,Nursing,Medical,Yes,Urban,ELS
Yes,417148,Business,Tailoring,1033318,529803,NA,NA,NA,NA,Urban,TERM_LOAN
Yes,216749,Business,Repair Shop,191225,152579,NA,NA,NA,NA,Rural,UNY
Yes,381001,Business,Poultry,488654,384309,NA,NA,NA,NA,Rural,UNY
Yes,394787,Business,Computer Centre,296373,110095,NA,NA,NA,NA,Rural,UNY
Yes,195511,Education,NA,3555046,2420607,12th,BCA,Technical,Yes,Urban,ELS
Yes,310592,Business,Food Business,1689583,555781,NA,NA,NA,NA,Urban,TERM_LOAN
Yes,378206,Education,NA,2308161,3271344,Postgraduate,MCA,Management,No,Urban,NO_ELIGIBLE_SCHEME
Yes,62535,Business,Fisheries,30835,23436,NA,NA,NA,NA,Urban,MFS
Yes,101624,Education,NA,3078256,3078256,Postgraduate,MBA,Professional,Yes,Urban,ELS
Yes,395018,Education,NA,1489979,1489979,Graduate,Engineering,Medical,Yes,Urban,ELS
Yes,313196,Business,Computer Centre,36980,22991,NA,NA,NA,NA,Rural,MFS
Yes,318686,Business,Service Business,87780,58068,NA,NA,NA,NA,Urban,AMY
Yes,254092,Business,Tailoring,6646719,6883495,NA,NA,NA,NA,Rural,NO_ELIGIBLE_SCHEME
Yes,680563,Business,Repair Shop,442279,348790,NA,NA,NA,NA,Rural,NO_ELIGIBLE_SCHEME
Yes,73312,Business,Repair Shop,230842,34871,NA,NA,NA,NA,Urban,UNY
Yes,93282,Business,Transport,5000000,5000000,NA,NA,NA,NA,Urban,NO_ELIGIBLE_SCHEME
Yes,305607,Education,NA,4422871,511229,Postgraduate,BCA,Medical,Yes,Rural,ELS
Yes,295051,Education,NA,568703,568703,Postgraduate,MBA,Management,Yes,Rural,ELS
Yes,58184,Education,NA,1752222,3499043,12th,BCA,Medical,No,Rural,NO_ELIGIBLE_SCHEME
Yes,485761,Education,NA,970489,662962,Postgraduate,Nursing,Technical,No,Urban,NO_ELIGIBLE_SCHEME
Yes,335081,Business,Tailoring,7403261,6822065,NA,NA,NA,NA,Rural,NO_ELIGIBLE_SCHEME
Yes,380536,Education,NA,3283140,1563201,12th,Engineering,Medical,Yes,Rural,ELS
Yes,309106,Business,Transport,76217,51853,NA,NA,NA,NA,Urban,AMY
Yes,486792,Business,Food Business,344269,152005,NA,NA,NA,NA,Rural,UNY
No,241067,Business,Small Manufacturing,319255,258922,NA,NA,NA,NA,Urban,NO_ELIGIBLE_SCHEME
Yes,457013,Business,Poultry,417913,33360,NA,NA,NA,NA,Urban,UNY
Yes,348033,Business,Tailoring,5000000,5000000,NA,NA,NA,NA,Rural,NO_ELIGIBLE_SCHEME
Yes,455491,Business,Service Business,2456738,426699,NA,NA,NA,NA,Rural,TERM_LOAN
Yes,397427,Business,Transport,5000000,5000000,NA,NA,NA,NA,Rural,NO_ELIGIBLE_SCHEME
Yes,486519,Education,NA,4484190,354568,Graduate,BTech,Medical,Yes,Urban,ELS
Yes,477692,Education,NA,1036222,1036222,Postgraduate,Engineering,Professional,Yes,Rural,ELS
Yes,491041,Education,NA,1006195,1006195,12th,Engineering,Technical,Yes,Rural,ELS
Yes,304958,Business,Grocery Shop,1804489,1484358,NA,NA,NA,NA,Urban,TERM_LOAN
Yes,243197,Business,Repair Shop,473216,113501,NA,NA,NA,NA,Rural,UNY
Yes,104930,Education,NA,3548694,3142035,Postgraduate,Law,Medical,Yes,Rural,ELS
Yes,264946,Business,Poultry,32011,14723,NA,NA,NA,NA,Rural,MFS
Yes,259837,Business,Grocery Shop,349702,172317,NA,NA,NA,NA,Urban,UNY
Yes,304766,Business,Grocery Shop,67940,28495,NA,NA,NA,NA,Urban,AMY
Yes,380111,Business,Small Manufacturing,7212606,6600809,NA,NA,NA,NA,Urban,NO_ELIGIBLE_SCHEME
Yes,407335,Business,Small Manufacturing,160018,108428,NA,NA,NA,NA,Rural,UNY
Yes,395659,Business,Poultry,6555236,6388928,NA,NA,NA,NA,Rural,NO_ELIGIBLE_SCHEME
Yes,347095,Business,Food Business,41219,19743,NA,NA,NA,NA,Rural,AMY
Yes,390150,Business,Poultry,61808,55960,NA,NA,NA,NA,Rural,MFS
Yes,419738,Business,Repair Shop,433188,218089,NA,NA,NA,NA,Rural,UNY
Yes,568293,Business,Tailoring,173263,75504,NA,NA,NA,NA,Urban,NO_ELIGIBLE_SCHEME
Yes,275656,Business,Grocery Shop,130134,14141,NA,NA,NA,NA,Urban,MFS
Yes,446315,Business,Repair Shop,92580,36143,NA,NA,NA,NA,Urban,MFS
Yes,308388,Education,NA,2146893,2146893,Graduate,MBA,Management,Yes,Rural,ELS
Yes,226996,Business,Poultry,69965,17501,NA,NA,NA,NA,Rural,MFS
Yes,266745,Business,Transport,135089,66206,NA,NA,NA,NA,Urban,MFS
Yes,154039,Business,Fisheries,175211,76188,NA,NA,NA,NA,Urban,UNY
Yes,251103,Business,Fisheries,30895,18545,NA,NA,NA,NA,Urban,MFS
Yes,96581,Education,NA,2761364,865518,12th,Medical,Medical,Yes,Urban,ELS
Yes,353540,Business,Poultry,134275,80552,NA,NA,NA,NA,Rural,AMY
Yes,470267,Business,Grocery Shop,76725,28071,NA,NA,NA,NA,Urban,AMY
Yes,288184,Business,Food Business,2575682,1556118,NA,NA,NA,NA,Urban,TERM_LOAN
Yes,445812,Business,Poultry,4758780,1420904,NA,NA,NA,NA,Urban,TERM_LOAN
Yes,320875,Business,Fisheries,7390876,5808271,NA,NA,NA,NA,Urban,NO_ELIGIBLE_SCHEME
Yes,212499,Business,Service Business,2767301,2458042,NA,NA,NA,NA,Rural,TERM_LOAN
Yes,128980,Business,Fisheries,3740316,3355239,NA,NA,NA,NA,Rural,TERM_LOAN
Yes,371866,Business,Small Manufacturing,3556405,1562308,NA,NA,NA,NA,Urban,TERM_LOAN
Yes,282417,Business,Fisheries,1581419,828498,NA,NA,NA,NA,Rural,TERM_LOAN
Yes,467728,Business,Tailoring,106507,50327,NA,NA,NA,NA,Urban,MFS
Yes,405945,Business,Poultry,418829,380937,NA,NA,NA,NA,Rural,UNY
Yes,239523,Business,Small Manufacturing,120060,99912,NA,NA,NA,NA,Urban,AMY
Yes,375180,Business,Computer Centre,120255,86955,NA,NA,NA,NA,Urban,AMY
Yes,311434,Education,NA,2908060,3817155,Graduate,BTech,Management,No,Rural,NO_ELIGIBLE_SCHEME
Yes,170793,Business,Poultry,3036274,2435313,NA,NA,NA,NA,Urban,TERM_LOAN
Yes,221489,Business,Repair Shop,85758,71825,NA,NA,NA,NA,Rural,AMY
Yes,339861,Education,NA,2951424,189801,Postgraduate,MBA,Technical,Yes,Rural,ELS
Yes,180081,Business,Poultry,429328,361764,NA,NA,NA,NA,Urban,UNY
Yes,412021,Business,Fisheries,49848,37063,NA,NA,NA,NA,Urban,MFS
Yes,238043,Business,Tailoring,944406,174796,NA,NA,NA,NA,Urban,TERM_LOAN
Yes,357281,Business,Grocery Shop,223121,56732,NA,NA,NA,NA,Urban,UNY
Yes,89343,Business,Repair Shop,36291,19970,NA,NA,NA,NA,Urban,AMY
Yes,362959,Education,NA,2637750,869877,12th,MBA,Management,No,Rural,NO_ELIGIBLE_SCHEME
Yes,168032,Education,NA,868850,2932877,Postgraduate,MCA,Technical,No,Urban,NO_ELIGIBLE_SCHEME
Yes,321257,Education,NA,1699607,308521,Graduate,Engineering,Technical,Yes,Rural,ELS
Yes,53541,Education,NA,2662961,1473391,Postgraduate,Medical,Technical,Yes,Rural,ELS
Yes,170486,Business,Service Business,114912,92066,NA,NA,NA,NA,Urban,AMY
Yes,145641,Business,Computer Centre,5000000,5000000,NA,NA,NA,NA,Urban,NO_ELIGIBLE_SCHEME
Yes,53884,Business,Grocery Shop,350123,94420,NA,NA,NA,NA,Urban,UNY
Yes,247090,Business,Poultry,904349,846086,NA,NA,NA,NA,Rural,TERM_LOAN
Yes,289871,Business,Repair Shop,242186,106271,NA,NA,NA,NA,Rural,UNY
Yes,219251,Business,Computer Centre,130730,49229,NA,NA,NA,NA,Urban,MFS
No,162966,Business,Computer Centre,415018,377291,NA,NA,NA,NA,Urban,NO_ELIGIBLE_SCHEME
Yes,292191,Business,Food Business,180757,92065,NA,NA,NA,NA,Rural,UNY
Yes,342705,Business,Grocery Shop,104095,22077,NA,NA,NA,NA,Rural,AMY
Yes,171761,Education,NA,529211,529211,Graduate,MBA,Technical,Yes,Urban,ELS
Yes,391884,Business,Computer Centre,103125,67070,NA,NA,NA,NA,Rural,AMY
Yes,375562,Business,Food Business,4335711,886537,NA,NA,NA,NA,Rural,TERM_LOAN
Yes,403942,Education,NA,1115711,1037955,Graduate,Nursing,Management,Yes,Urban,ELS
Yes,151947,Business,Food Business,97081,61697,NA,NA,NA,NA,Urban,MFS
Yes,394946,Business,Fisheries,363944,357745,NA,NA,NA,NA,Rural,UNY
Yes,167872,Business,Tailoring,42733,17252,NA,NA,NA,NA,Urban,AMY
Yes,69400,Business,Computer Centre,31162,25284,NA,NA,NA,NA,Urban,AMY
Yes,161953,Business,Grocery Shop,2415167,908748,NA,NA,NA,NA,Urban,TERM_LOAN
Yes,93718,Business,Food Business,45257,38960,NA,NA,NA,NA,Rural,AMY
Yes,267864,Business,Transport,1078327,963519,NA,NA,NA,NA,Rural,TERM_LOAN
Yes,114810,Business,Food Business,44790,30596,NA,NA,NA,NA,Rural,MFS
Yes,240095,Business,Transport,197418,79983,NA,NA,NA,NA,Urban,UNY
Yes,183486,Education,NA,773280,773280,Postgraduate,Pharmacy,Professional,Yes,Rural,ELS
Yes,468498,Business,Repair Shop,85183,56257,NA,NA,NA,NA,Urban,MFS
Yes,302309,Business,Service Business,96948,26003,NA,NA,NA,NA,Urban,AMY
Yes,357027,Business,Tailoring,129085,107773,NA,NA,NA,NA,Rural,MFS
Yes,242708,Business,Repair Shop,43526,30535,NA,NA,NA,NA,Rural,MFS
Yes,85280,Business,Computer Centre,468314,370866,NA,NA,NA,NA,Rural,UNY
Yes,491239,Business,Grocery Shop,87386,69917,NA,NA,NA,NA,Rural,MFS
Yes,351302,Education,NA,2747225,2747225,Postgraduate,Nursing,Management,Yes,Urban,ELS
Yes,252691,Business,Tailoring,490039,276402,NA,NA,NA,NA,Urban,UNY
Yes,322856,Business,Tailoring,97295,46732,NA,NA,NA,NA,Urban,AMY
Yes,59253,Business,Service Business,38849,20980,NA,NA,NA,NA,Urban,AMY
Yes,410499,Business,Transport,43780,31158,NA,NA,NA,NA,Rural,AMY
Yes,269891,Education,NA,249776,249776,Graduate,Nursing,Professional,Yes,Rural,ELS
Yes,128109,Business,Computer Centre,117453,68861,NA,NA,NA,NA,Rural,MFS
Yes,484896,Business,Poultry,75725,68939,NA,NA,NA,NA,Rural,AMY
Yes,165403,Education,NA,1412909,700698,Postgraduate,Pharmacy,Management,Yes,Urban,ELS
Yes,351991,Education,NA,641215,641215,Graduate,Law,Technical,Yes,Urban,ELS
Yes,499423,Business,Small Manufacturing,6613229,5847694,NA,NA,NA,NA,Rural,NO_ELIGIBLE_SCHEME
Yes,81194,Business,Poultry,435286,250044,NA,NA,NA,NA,Urban,UNY
Yes,152585,Business,Fisheries,81115,68610,NA,NA,NA,NA,Urban,MFS
Yes,146719,Business,Grocery Shop,34984,22716,NA,NA,NA,NA,Rural,AMY
Yes,298213,Business,Food Business,107710,27795,NA,NA,NA,NA,Urban,AMY
Yes,241953,Business,Fisheries,260755,225457,NA,NA,NA,NA,Urban,UNY
Yes,227410,Business,Fisheries,79666,24544,NA,NA,NA,NA,Urban,AMY
Yes,58209,Business,Fisheries,53508,30610,NA,NA,NA,NA,Rural,MFS
Yes,58351,Business,Food Business,114887,21892,NA,NA,NA,NA,Urban,MFS
No,309138,Business,Tailoring,51234,39505,NA,NA,NA,NA,Urban,NO_ELIGIBLE_SCHEME
Yes,480012,Business,Grocery Shop,3844657,3273849,NA,NA,NA,NA,Urban,TERM_LOAN
Yes,459461,Education,NA,3740420,2414208,Graduate,Pharmacy,Medical,No,Rural,NO_ELIGIBLE_SCHEME
No,488481,Business,Poultry,337093,228611,NA,NA,NA,NA,Rural,NO_ELIGIBLE_SCHEME
Yes,209529,Business,Poultry,1198982,504197,NA,NA,NA,NA,Urban,TERM_LOAN
Yes,240610,Business,Computer Centre,80913,70754,NA,NA,NA,NA,Urban,AMY
Yes,291907,Business,Computer Centre,124700,116744,NA,NA,NA,NA,Rural,AMY
Yes,475758,Business,Transport,4159506,2813430,NA,NA,NA,NA,Urban,TERM_LOAN
Yes,284901,Education,NA,1642131,1642131,Postgraduate,BTech,Professional,Yes,Rural,ELS
Yes,450707,Education,NA,4157186,2983309,Graduate,MCA,Management,Yes,Urban,ELS
No,225862,Business,Service Business,184686,346433,NA,NA,NA,NA,Rural,NO_ELIGIBLE_SCHEME
Yes,797246,Business,Service Business,71845,389592,NA,NA,NA,NA,Rural,NO_ELIGIBLE_SCHEME
Yes,329335,Business,Computer Centre,1226480,363416,NA,NA,NA,NA,Urban,TERM_LOAN
Yes,419121,Education,NA,3752696,1420035,Graduate,MBA,Management,Yes,Rural,ELS
No,194386,Business,Computer Centre,119382,305855,NA,NA,NA,NA,Urban,NO_ELIGIBLE_SCHEME
Yes,377712,Business,Poultry,75017,43184,NA,NA,NA,NA,Urban,AMY
Yes,223012,Business,Fisheries,490092,347156,NA,NA,NA,NA,Urban,UNY
Yes,485415,Business,Food Business,4054507,1451932,NA,NA,NA,NA,Urban,TERM_LOAN
Yes,159489,Business,Fisheries,4798032,2740731,NA,NA,NA,NA,Urban,TERM_LOAN
Yes,247916,Business,Transport,80132,68790,NA,NA,NA,NA,Rural,MFS
Yes,435564,Business,Grocery Shop,7250563,5794668,NA,NA,NA,NA,Rural,NO_ELIGIBLE_SCHEME
Yes,169796,Business,Transport,86370,69186,NA,NA,NA,NA,Urban,MFS
Yes,85264,Business,Food Business,30419,24231,NA,NA,NA,NA,Rural,AMY
Yes,409787,Business,Computer Centre,148163,109120,NA,NA,NA,NA,Rural,UNY
Yes,358383,Business,Transport,42524,34113,NA,NA,NA,NA,Rural,AMY
Yes,286047,Education,NA,356093,356093,Graduate,Engineering,Professional,Yes,Rural,ELS
Yes,60619,Business,Poultry,526633,196556,NA,NA,NA,NA,Urban,TERM_LOAN
Yes,475221,Education,NA,3415946,2757966,Graduate,Engineering,Technical,Yes,Urban,ELS
Yes,192304,Business,Food Business,5000000,5000000,NA,NA,NA,NA,Urban,NO_ELIGIBLE_SCHEME
Yes,499758,Business,Small Manufacturing,49151,18320,NA,NA,NA,NA,Rural,AMY
Yes,288439,Business,Repair Shop,388493,28297,NA,NA,NA,NA,Urban,UNY
Yes,280311,Business,Service Business,38668,15802,NA,NA,NA,NA,Urban,MFS
Yes,449839,Business,Service Business,5000000,5000000,NA,NA,NA,NA,Urban,NO_ELIGIBLE_SCHEME
Yes,354418,Business,Computer Centre,2856584,1476522,NA,NA,NA,NA,Rural,TERM_LOAN
Yes,341551,Business,Small Manufacturing,333133,151585,NA,NA,NA,NA,Rural,UNY
Yes,394272,Business,Fisheries,258248,44016,NA,NA,NA,NA,Urban,UNY
Yes,471169,Business,Transport,3575886,2375256,NA,NA,NA,NA,Rural,TERM_LOAN
Yes,303469,Business,Fisheries,1042708,533291,NA,NA,NA,NA,Urban,TERM_LOAN
Yes,463693,Education,NA,3945189,1813818,Graduate,BCA,Professional,Yes,Rural,ELS
Yes,242029,Business,Tailoring,3501633,1298979,NA,NA,NA,NA,Rural,TERM_LOAN
Yes,254178,Education,NA,2433416,2433416,Graduate,MBA,Technical,Yes,Urban,ELS
Yes,282685,Education,NA,3770612,583824,Graduate,Nursing,Technical,Yes,Urban,ELS
Yes,298447,Business,Poultry,42589,21651,NA,NA,NA,NA,Rural,AMY
Yes,382680,Education,NA,1895273,1599606,Postgraduate,Pharmacy,Management,No,Urban,NO_ELIGIBLE_SCHEME
Yes,136814,Business,Grocery Shop,146883,46176,NA,NA,NA,NA,Rural,UNY
Yes,423753,Education,NA,3531433,1490935,Graduate,Law,Management,No,Urban,NO_ELIGIBLE_SCHEME
Yes,456294,Education,NA,417601,417601,Postgraduate,Medical,Professional,Yes,Urban,ELS
Yes,79065,Business,Computer Centre,176639,67490,NA,NA,NA,NA,Rural,UNY
Yes,205999,Business,Grocery Shop,102399,96232,NA,NA,NA,NA,Urban,AMY
No,270723,Business,Food Business,381231,45825,NA,NA,NA,NA,Rural,NO_ELIGIBLE_SCHEME
Yes,271986,Business,Small Manufacturing,114675,97878,NA,NA,NA,NA,Urban,MFS
Yes,254591,Business,Service Business,5000000,5000000,NA,NA,NA,NA,Urban,NO_ELIGIBLE_SCHEME
Yes,239050,Business,Fisheries,4679434,3660270,NA,NA,NA,NA,Rural,TERM_LOAN
Yes,366762,Business,Fisheries,4799414,3069124,NA,NA,NA,NA,Rural,TERM_LOAN
Yes,112007,Education,NA,3887888,2493689,12th,Pharmacy,Management,Yes,Rural,ELS
Yes,94935,Business,Computer Centre,49808,16337,NA,NA,NA,NA,Urban,MFS
Yes,357500,Education,NA,498950,498950,Postgraduate,Pharmacy,Professional,Yes,Urban,ELS
Yes,82232,Business,Tailoring,149200,128976,NA,NA,NA,NA,Urban,TERM_LOAN
Yes,207959,Business,Small Manufacturing,2298079,1132710,NA,NA,NA,NA,Urban,TERM_LOAN
Yes,366318,Business,Computer Centre,91541,50458,NA,NA,NA,NA,Urban,AMY
No,243504,Business,Tailoring,459471,369423,NA,NA,NA,NA,Urban,NO_ELIGIBLE_SCHEME
Yes,86275,Business,Repair Shop,5000000,5000000,NA,NA,NA,NA,Urban,NO_ELIGIBLE_SCHEME
Yes,426650,Education,NA,3649538,334078,Graduate,BCA,Professional,Yes,Urban,ELS
Yes,196638,Business,Poultry,58741,57872,NA,NA,NA,NA,Urban,AMY
Yes,424032,Education,NA,4074528,3638172,12th,MCA,Technical,Yes,Rural,ELS
Yes,123478,Education,NA,3572023,1469484,Graduate,MBA,Management,Yes,Urban,ELS
Yes,109565,Education,NA,1481798,1481798,Graduate,Medical,Management,Yes,Rural,ELS
Yes,270918,Education,NA,779064,779064,Graduate,Nursing,Medical,Yes,Urban,ELS
Yes,222694,Business,Small Manufacturing,2599491,1219290,NA,NA,NA,NA,Urban,TERM_LOAN
Yes,441519,Business,Poultry,57606,31638,NA,NA,NA,NA,Rural,AMY
Yes,318263,Business,Small Manufacturing,58014,16083,NA,NA,NA,NA,Urban,MFS
Yes,415683,Business,Service Business,345501,256150,NA,NA,NA,NA,Rural,TERM_LOAN
Yes,178710,Business,Grocery Shop,72245,65817,NA,NA,NA,NA,Urban,MFS
Yes,315280,Education,NA,2233143,2233143,Graduate,Medical,Technical,Yes,Urban,ELS
Yes,294278,Business,Transport,73369,45560,NA,NA,NA,NA,Rural,MFS
Yes,398657,Business,Food Business,3678214,2824113,NA,NA,NA,NA,Urban,TERM_LOAN
Yes,487075,Education,NA,3942136,2064347,Graduate,MBA,Management,Yes,Urban,ELS
Yes,325989,Business,Repair Shop,125706,105852,NA,NA,NA,NA,Urban,MFS
Yes,105024,Business,Small Manufacturing,2191897,1025717,NA,NA,NA,NA,Rural,TERM_LOAN
Yes,266772,Business,Repair Shop,1444770,447584,NA,NA,NA,NA,Rural,TERM_LOAN
Yes,66413,Business,Small Manufacturing,116560,49996,NA,NA,NA,NA,Urban,AMY
Yes,346522,Education,NA,2717704,2320488,12th,Law,Management,Yes,Rural,ELS
Yes,350938,Education,NA,1787704,1787704,Graduate,MCA,Management,Yes,Rural,ELS
Yes,441023,Education,NA,529315,529315,12th,Nursing,Technical,Yes,Urban,ELS
Yes,154797,Business,Repair Shop,382761,115945,NA,NA,NA,NA,Urban,UNY
Yes,243495,Business,Fisheries,51152,40000,NA,NA,NA,NA,Rural,AMY
Yes,125651,Education,NA,1677121,1677121,12th,Nursing,Medical,Yes,Rural,ELS
Yes,385324,Business,Small Manufacturing,3241537,1083007,NA,NA,NA,NA,Rural,TERM_LOAN
Yes,117815,Business,Computer Centre,288743,63634,NA,NA,NA,NA,Urban,UNY
No,310312,Business,Small Manufacturing,94384,150054,NA,NA,NA,NA,Urban,NO_ELIGIBLE_SCHEME
Yes,288364,Business,Tailoring,80868,71561,NA,NA,NA,NA,Rural,MFS
Yes,486251,Business,Food Business,100601,14056,NA,NA,NA,NA,Rural,MFS
Yes,369567,Business,Fisheries,43489,29664,NA,NA,NA,NA,Rural,AMY
Yes,86840,Business,Tailoring,5000000,5000000,NA,NA,NA,NA,Rural,NO_ELIGIBLE_SCHEME
Yes,435429,Business,Tailoring,5000000,5000000,NA,NA,NA,NA,Urban,NO_ELIGIBLE_SCHEME
Yes,156308,Business,Fisheries,57102,25021,NA,NA,NA,NA,Urban,MFS
Yes,69567,Business,Grocery Shop,3544232,3451991,NA,NA,NA,NA,Urban,TERM_LOAN
Yes,190045,Education,NA,4215547,1133542,Postgraduate,Nursing,Professional,Yes,Urban,ELS
Yes,587204,Business,Fisheries,460081,280175,NA,NA,NA,NA,Rural,NO_ELIGIBLE_SCHEME
Yes,354884,Education,NA,3953512,1337857,12th,BCA,Professional,No,Urban,NO_ELIGIBLE_SCHEME
Yes,279696,Education,NA,1133893,1133893,Graduate,Engineering,Management,Yes,Rural,ELS
Yes,75035,Education,NA,2840057,2458565,Postgraduate,Engineering,Management,No,Rural,NO_ELIGIBLE_SCHEME
Yes,450214,Business,Transport,4904101,2595427,NA,NA,NA,NA,Rural,TERM_LOAN
Yes,524578,Business,Grocery Shop,379342,195464,NA,NA,NA,NA,Rural,NO_ELIGIBLE_SCHEME
Yes,381361,Business,Computer Centre,124348,35448,NA,NA,NA,NA,Urban,MFS
Yes,213588,Business,Fisheries,267512,47485,NA,NA,NA,NA,Rural,UNY
Yes,279401,Business,Computer Centre,180392,79010,NA,NA,NA,NA,Rural,UNY
Yes,323835,Business,Food Business,4805446,215427,NA,NA,NA,NA,Rural,TERM_LOAN
Yes,460377,Business,Grocery Shop,79628,23762,NA,NA,NA,NA,Rural,AMY
Yes,346953,Business,Transport,3811551,2432947,NA,NA,NA,NA,Urban,TERM_LOAN
Yes,559567,Business,Food Business,217413,303470,NA,NA,NA,NA,Rural,NO_ELIGIBLE_SCHEME
Yes,193096,Business,Transport,93993,38760,NA,NA,NA,NA,Urban,MFS
Yes,152924,Education,NA,1796047,1796047,12th,Law,Medical,Yes,Rural,ELS
Yes,188239,Business,Fisheries,202565,32647,NA,NA,NA,NA,Urban,UNY
Yes,160692,Education,NA,968955,765257,12th,Medical,Management,Yes,Rural,ELS
Yes,406355,Business,Service Business,86603,34345,NA,NA,NA,NA,Urban,MFS
Yes,462040,Business,Poultry,223765,219584,NA,NA,NA,NA,Urban,UNY
Yes,412087,Business,Tailoring,322221,248677,NA,NA,NA,NA,Urban,UNY
Yes,499333,Education,NA,1934128,151946,Graduate,BTech,Medical,Yes,Rural,ELS
Yes,234706,Business,Small Manufacturing,47486,12905,NA,NA,NA,NA,Urban,MFS
Yes,627052,Business,Computer Centre,274814,139435,NA,NA,NA,NA,Rural,NO_ELIGIBLE_SCHEME
Yes,350016,Education,NA,1902790,1902790,Postgraduate,Law,Technical,Yes,Rural,ELS
Yes,171933,Business,Small Manufacturing,1243907,722644,NA,NA,NA,NA,Rural,TERM_LOAN
Yes,151392,Business,Small Manufacturing,422718,201507,NA,NA,NA,NA,Urban,UNY
Yes,261921,Business,Poultry,1449146,867294,NA,NA,NA,NA,Urban,TERM_LOAN
Yes,433456,Business,Tailoring,224054,218571,NA,NA,NA,NA,Rural,UNY
Yes,433004,Business,Service Business,1120058,566773,NA,NA,NA,NA,Urban,TERM_LOAN
Yes,334598,Business,Food Business,91634,24240,NA,NA,NA,NA,Urban,AMY
Yes,145018,Business,Food Business,39057,26451,NA,NA,NA,NA,Urban,AMY
Yes,472728,Business,Poultry,402377,288554,NA,NA,NA,NA,Rural,UNY
Yes,367885,Business,Service Business,45525,37274,NA,NA,NA,NA,Rural,MFS
Yes,244065,Business,Fisheries,125082,93780,NA,NA,NA,NA,Urban,AMY
Yes,389467,Education,NA,585542,1171026,12th,MBA,Professional,No,Urban,NO_ELIGIBLE_SCHEME
Yes,75644,Business,Transport,56502,28246,NA,NA,NA,NA,Urban,AMY
Yes,330583,Business,Service Business,1737556,66051,NA,NA,NA,NA,Urban,TERM_LOAN
Yes,178069,Education,NA,344513,344513,12th,MBA,Professional,Yes,Urban,ELS
Yes,210641,Business,Repair Shop,77022,76699,NA,NA,NA,NA,Urban,AMY
Yes,349200,Education,NA,2195770,2195770,Postgraduate,Nursing,Technical,Yes,Rural,ELS
Yes,464258,Education,NA,4132918,2380342,Graduate,Medical,Professional,Yes,Urban,ELS
Yes,499181,Education,NA,3681534,2015703,Postgraduate,Medical,Medical,Yes,Rural,ELS
Yes,393792,Business,Computer Centre,132346,16265,NA,NA,NA,NA,Urban,MFS
Yes,443124,Business,Transport,105631,56023,NA,NA,NA,NA,Rural,AMY
Yes,365945,Business,Grocery Shop,246439,55222,NA,NA,NA,NA,Urban,UNY
Yes,146074,Business,Grocery Shop,130459,92317,NA,NA,NA,NA,Rural,MFS
Yes,265242,Business,Small Manufacturing,5000000,5000000,NA,NA,NA,NA,Urban,NO_ELIGIBLE_SCHEME
Yes,178966,Business,Fisheries,5000000,5000000,NA,NA,NA,NA,Urban,NO_ELIGIBLE_SCHEME
Yes,95322,Business,Service Business,77229,66585,NA,NA,NA,NA,Urban,AMY
Yes,192383,Education,NA,2904317,3872887,Postgraduate,MBA,Medical,No,Rural,NO_ELIGIBLE_SCHEME
Yes,228974,Business,Computer Centre,405652,76622,NA,NA,NA,NA,Urban,UNY
Yes,485090,Business,Grocery Shop,388149,269885,NA,NA,NA,NA,Rural,UNY
No,79754,Business,Service Business,67653,94706,NA,NA,NA,NA,Rural,NO_ELIGIBLE_SCHEME
Yes,368260,Business,Grocery Shop,7257677,6518880,NA,NA,NA,NA,Urban,NO_ELIGIBLE_SCHEME
Yes,226798,Business,Computer Centre,259085,156297,NA,NA,NA,NA,Urban,UNY
Yes,89481,Business,Small Manufacturing,5000000,5000000,NA,NA,NA,NA,Rural,NO_ELIGIBLE_SCHEME
Yes,483517,Education,NA,1527470,1527470,Postgraduate,BTech,Medical,Yes,Urban,ELS
Yes,485848,Education,NA,3309965,3309965,Graduate,Medical,Medical,Yes,Rural,ELS
Yes,318023,Education,NA,3646109,3646109,Graduate,Engineering,Technical,Yes,Urban,ELS
Yes,53828,Business,Grocery Shop,1766132,1333649,NA,NA,NA,NA,Urban,TERM_LOAN
Yes,181569,Business,Computer Centre,58607,37952,NA,NA,NA,NA,Rural,AMY
Yes,120261,Business,Tailoring,252018,41653,NA,NA,NA,NA,Urban,UNY
Yes,444403,Business,Tailoring,416079,196048,NA,NA,NA,NA,Rural,UNY
Yes,363941,Business,Food Business,4245176,393386,NA,NA,NA,NA,Rural,TERM_LOAN
Yes,106957,Business,Computer Centre,54685,41115,NA,NA,NA,NA,Urban,AMY
Yes,353709,Business,Transport,466159,322742,NA,NA,NA,NA,Rural,UNY
Yes,422634,Business,Grocery Shop,2167752,506060,NA,NA,NA,NA,Urban,TERM_LOAN
Yes,131292,Business,Small Manufacturing,179000,74773,NA,NA,NA,NA,Rural,UNY
Yes,431966,Business,Food Business,134802,84086,NA,NA,NA,NA,Urban,MFS
Yes,158703,Business,Small Manufacturing,372234,26808,NA,NA,NA,NA,Urban,UNY
Yes,447669,Business,Repair Shop,32946,28925,NA,NA,NA,NA,Rural,MFS
Yes,437991,Education,NA,2751571,1740813,Graduate,Medical,Medical,Yes,Urban,ELS
Yes,316689,Business,Service Business,2305645,1740163,NA,NA,NA,NA,Urban,TERM_LOAN
Yes,387649,Education,NA,1946396,2516419,12th,MBA,Management,No,Urban,NO_ELIGIBLE_SCHEME
Yes,232774,Business,Service Business,66996,60327,NA,NA,NA,NA,Rural,MFS
Yes,210345,Business,Grocery Shop,71488,64308,NA,NA,NA,NA,Rural,AMY
Yes,66977,Business,Poultry,131034,84381,NA,NA,NA,NA,Urban,MFS
Yes,385858,Education,NA,108063,108063,12th,Nursing,Medical,Yes,Rural,ELS
Yes,414041,Business,Computer Centre,99803,59570,NA,NA,NA,NA,Urban,AMY
Yes,449726,Business,Grocery Shop,483757,436114,NA,NA,NA,NA,Rural,UNY
Yes,314144,Business,Computer Centre,120981,51059,NA,NA,NA,NA,Urban,AMY
Yes,51567,Business,Tailoring,4763856,1990508,NA,NA,NA,NA,Urban,TERM_LOAN
Yes,319504,Business,Small Manufacturing,69741,50342,NA,NA,NA,NA,Rural,AMY
Yes,671043,Business,Grocery Shop,95342,308760,NA,NA,NA,NA,Urban,NO_ELIGIBLE_SCHEME
Yes,161775,Education,NA,906383,906383,Graduate,MBA,Technical,Yes,Rural,ELS
Yes,149873,Business,Transport,295517,121242,NA,NA,NA,NA,Rural,UNY
Yes,176875,Education,NA,2681598,2666469,Graduate,Nursing,Management,Yes,Urban,ELS
Yes,358275,Business,Tailoring,121220,71564,NA,NA,NA,NA,Urban,MFS
Yes,435410,Education,NA,2822133,275279,12th,MCA,Management,Yes,Rural,ELS
Yes,81959,Business,Computer Centre,105914,81066,NA,NA,NA,NA,Rural,MFS
Yes,126317,Business,Tailoring,122336,111849,NA,NA,NA,NA,Urban,AMY
Yes,221595,Business,Transport,304458,298039,NA,NA,NA,NA,Urban,UNY
Yes,102490,Business,Food Business,192288,46845,NA,NA,NA,NA,Urban,UNY
Yes,181389,Business,Grocery Shop,34951,10351,NA,NA,NA,NA,Rural,AMY
Yes,80854,Education,NA,3771330,53864,Postgraduate,MBA,Technical,Yes,Urban,ELS
Yes,303602,Business,Poultry,5000000,5000000,NA,NA,NA,NA,Rural,NO_ELIGIBLE_SCHEME
Yes,215048,Business,Transport,41112,21085,NA,NA,NA,NA,Rural,MFS
Yes,204530,Education,NA,2055362,3584296,12th,BTech,Management,No,Urban,NO_ELIGIBLE_SCHEME
Yes,150936,Business,Food Business,4662733,594870,NA,NA,NA,NA,Rural,TERM_LOAN
Yes,164882,Business,Food Business,2399742,1999260,NA,NA,NA,NA,Rural,TERM_LOAN
Yes,121501,Business,Poultry,6960651,6770924,NA,NA,NA,NA,Rural,NO_ELIGIBLE_SCHEME
Yes,276866,Education,NA,4045759,1451401,Graduate,BTech,Medical,Yes,Rural,ELS
Yes,373111,Business,Fisheries,83145,11821,NA,NA,NA,NA,Rural,AMY
Yes,390988,Business,Transport,3513131,765125,NA,NA,NA,NA,Urban,TERM_LOAN
Yes,296688,Education,NA,2523806,1128588,Postgraduate,Law,Management,Yes,Rural,ELS
Yes,140575,Business,Computer Centre,224934,172488,NA,NA,NA,NA,Urban,UNY
Yes,114661,Business,Poultry,477458,337347,NA,NA,NA,NA,Urban,UNY
Yes,116537,Education,NA,3150352,683764,Postgraduate,BTech,Technical,Yes,Rural,ELS
Yes,420378,Business,Small Manufacturing,284128,262316,NA,NA,NA,NA,Urban,UNY
Yes,306713,Business,Repair Shop,102733,31871,NA,NA,NA,NA,Rural,MFS
Yes,480311,Business,Transport,65989,28624,NA,NA,NA,NA,Urban,AMY
Yes,381154,Business,Tailoring,32441,26619,NA,NA,NA,NA,Urban,MFS
Yes,307587,Business,Poultry,5000000,5000000,NA,NA,NA,NA,Urban,NO_ELIGIBLE_SCHEME
Yes,480652,Business,Fisheries,99792,80282,NA,NA,NA,NA,Urban,AMY
Yes,62391,Business,Small Manufacturing,379174,160695,NA,NA,NA,NA,Rural,UNY
No,72097,Business,Transport,116671,303125,NA,NA,NA,NA,Rural,NO_ELIGIBLE_SCHEME
Yes,455576,Business,Fisheries,103499,102974,NA,NA,NA,NA,Rural,MFS
Yes,260020,Business,Tailoring,77964,15930,NA,NA,NA,NA,Rural,MFS
Yes,403016,Business,Tailoring,45650,42901,NA,NA,NA,NA,Rural,MFS
Yes,148908,Business,Fisheries,89682,52176,NA,NA,NA,NA,Urban,MFS
Yes,287858,Business,Computer Centre,1666686,1508316,NA,NA,NA,NA,Rural,TERM_LOAN
Yes,377738,Business,Small Manufacturing,919010,118603,NA,NA,NA,NA,Rural,TERM_LOAN
Yes,446619,Business,Service Business,72469,47068,NA,NA,NA,NA,Rural,AMY
Yes,414358,Business,Food Business,68200,58160,NA,NA,NA,NA,Rural,MFS
Yes,349282,Education,NA,1802121,226005,Graduate,BCA,Medical,No,Urban,NO_ELIGIBLE_SCHEME
Yes,305071,Business,Food Business,6063575,6631022,NA,NA,NA,NA,Urban,NO_ELIGIBLE_SCHEME
Yes,51640,Business,Computer Centre,116537,34633,NA,NA,NA,NA,Rural,AMY
Yes,102853,Business,Tailoring,118185,109684,NA,NA,NA,NA,Rural,AMY
Yes,366460,Business,Food Business,1730158,148835,NA,NA,NA,NA,Urban,TERM_LOAN
Yes,257709,Education,NA,4492594,2954120,12th,Pharmacy,Technical,Yes,Rural,ELS
Yes,282676,Education,NA,3839232,1896753,Graduate,MCA,Management,Yes,Rural,ELS
Yes,473813,Education,NA,1924774,1924774,Graduate,BTech,Medical,Yes,Rural,ELS
Yes,372137,Business,Small Manufacturing,111922,49691,NA,NA,NA,NA,Rural,MFS
Yes,183966,Business,Service Business,230241,36087,NA,NA,NA,NA,Rural,UNY
Yes,85631,Business,Repair Shop,5000000,5000000,NA,NA,NA,NA,Rural,NO_ELIGIBLE_SCHEME
Yes,416204,Business,Transport,70662,52995,NA,NA,NA,NA,Rural,MFS
Yes,56957,Business,Food Business,325763,258880,NA,NA,NA,NA,Urban,UNY
Yes,310765,Business,Tailoring,95373,50441,NA,NA,NA,NA,Rural,MFS
Yes,412267,Education,NA,4064321,927747,Postgraduate,Pharmacy,Technical,Yes,Rural,ELS
Yes,464478,Business,Service Business,3197433,2668798,NA,NA,NA,NA,Urban,TERM_LOAN
Yes,290947,Business,Repair Shop,113611,43289,NA,NA,NA,NA,Rural,MFS
Yes,247154,Business,Fisheries,3329093,2866395,NA,NA,NA,NA,Rural,TERM_LOAN
Yes,465422,Education,NA,3407465,124841,12th,Medical,Professional,Yes,Urban,ELS
Yes,338511,Business,Poultry,365336,291902,NA,NA,NA,NA,Urban,UNY
Yes,144931,Business,Transport,380659,377174,NA,NA,NA,NA,Rural,UNY
Yes,492010,Education,NA,127731,127731,Graduate,BTech,Professional,Yes,Urban,ELS
Yes,132909,Business,Grocery Shop,2617596,237926,NA,NA,NA,NA,Urban,TERM_LOAN
Yes,349779,Education,NA,4082933,1681892,Graduate,Medical,Professional,Yes,Urban,ELS
Yes,339000,Business,Computer Centre,478852,375655,NA,NA,NA,NA,Rural,UNY
Yes,395644,Business,Tailoring,486427,373839,NA,NA,NA,NA,Urban,UNY
Yes,277029,Business,Computer Centre,89129,63011,NA,NA,NA,NA,Rural,MFS
Yes,241126,Education,NA,297282,297282,12th,BCA,Management,Yes,Urban,ELS
Yes,254280,Education,NA,1607638,1607638,Graduate,Law,Technical,Yes,Urban,ELS
Yes,256304,Business,Transport,78182,33840,NA,NA,NA,NA,Rural,MFS
Yes,435473,Education,NA,1796794,1796794,12th,Medical,Technical,Yes,Rural,ELS
Yes,298443,Business,Food Business,7003573,5802004,NA,NA,NA,NA,Urban,NO_ELIGIBLE_SCHEME
Yes,269942,Business,Repair Shop,5000000,5000000,NA,NA,NA,NA,Urban,NO_ELIGIBLE_SCHEME
Yes,323156,Business,Repair Shop,110473,96006,NA,NA,NA,NA,Rural,MFS
Yes,357490,Education,NA,1803008,281148,12th,Nursing,Medical,Yes,Urban,ELS
Yes,55326,Business,Repair Shop,3328625,2603165,NA,NA,NA,NA,Urban,TERM_LOAN
Yes,378715,Education,NA,1459259,1459259,12th,BTech,Management,Yes,Urban,ELS
Yes,324618,Business,Poultry,2999066,932101,NA,NA,NA,NA,Rural,TERM_LOAN
Yes,297891,Business,Transport,3842571,1713922,NA,NA,NA,NA,Urban,TERM_LOAN
Yes,109159,Business,Food Business,80004,43482,NA,NA,NA,NA,Urban,AMY
Yes,224748,Business,Transport,288960,142509,NA,NA,NA,NA,Urban,UNY
Yes,225511,Business,Small Manufacturing,472717,132341,NA,NA,NA,NA,Urban,UNY
Yes,158531,Business,Service Business,38495,11012,NA,NA,NA,NA,Urban,AMY
Yes,212103,Business,Poultry,207122,42226,NA,NA,NA,NA,Urban,UNY
Yes,147354,Business,Fisheries,325085,179226,NA,NA,NA,NA,Rural,UNY
Yes,196417,Education,NA,871155,844734,12th,Engineering,Management,Yes,Urban,ELS
Yes,359932,Business,Tailoring,54334,30807,NA,NA,NA,NA,Rural,AMY
Yes,425125,Business,Food Business,7367921,6425119,NA,NA,NA,NA,Urban,NO_ELIGIBLE_SCHEME
No,364152,Business,Food Business,231161,133526,NA,NA,NA,NA,Urban,NO_ELIGIBLE_SCHEME
Yes,339730,Business,Small Manufacturing,626025,266087,NA,NA,NA,NA,Rural,TERM_LOAN
Yes,231477,Education,NA,3705063,3604188,Postgraduate,MCA,Professional,No,Urban,NO_ELIGIBLE_SCHEME
Yes,92399,Business,Tailoring,237481,137041,NA,NA,NA,NA,Urban,UNY
Yes,303444,Business,Fisheries,5000000,5000000,NA,NA,NA,NA,Urban,NO_ELIGIBLE_SCHEME
Yes,332077,Education,NA,935637,935637,Graduate,Pharmacy,Technical,Yes,Rural,ELS
Yes,238298,Education,NA,4281997,1490163,Postgraduate,Pharmacy,Professional,Yes,Urban,ELS
No,306226,Business,Service Business,165277,201701,NA,NA,NA,NA,Rural,NO_ELIGIBLE_SCHEME
Yes,171697,Business,Transport,392507,220232,NA,NA,NA,NA,Rural,UNY
Yes,305428,Business,Computer Centre,55875,48049,NA,NA,NA,NA,Urban,MFS
Yes,107666,Business,Small Manufacturing,46334,44830,NA,NA,NA,NA,Urban,AMY
Yes,417796,Business,Service Business,193283,68574,NA,NA,NA,NA,Rural,UNY
Yes,197202,Business,Food Business,4448079,1365989,NA,NA,NA,NA,Rural,TERM_LOAN
Yes,677341,Business,Computer Centre,105894,113777,NA,NA,NA,NA,Rural,NO_ELIGIBLE_SCHEME
Yes,184410,Education,NA,4150729,2806784,Postgraduate,Nursing,Medical,Yes,Rural,ELS
Yes,486851,Business,Small Manufacturing,72233,59600,NA,NA,NA,NA,Rural,MFS
Yes,75331,Business,Tailoring,6781051,5578908,NA,NA,NA,NA,Urban,NO_ELIGIBLE_SCHEME
Yes,119775,Education,NA,3406143,3406143,Postgraduate,Engineering,Management,Yes,Urban,ELS
Yes,292053,Business,Repair Shop,78213,67749,NA,NA,NA,NA,Urban,MFS
Yes,507913,Business,Computer Centre,408896,119063,NA,NA,NA,NA,Rural,NO_ELIGIBLE_SCHEME
Yes,107013,Business,Service Business,39123,29603,NA,NA,NA,NA,Urban,MFS
Yes,368466,Business,Grocery Shop,344782,233577,NA,NA,NA,NA,Rural,UNY
Yes,409201,Business,Small Manufacturing,95248,77503,NA,NA,NA,NA,Rural,AMY
No,376214,Business,Poultry,311923,356313,NA,NA,NA,NA,Rural,NO_ELIGIBLE_SCHEME
Yes,381870,Business,Poultry,2382472,1739887,NA,NA,NA,NA,Urban,TERM_LOAN
Yes,205204,Business,Transport,6367930,5302496,NA,NA,NA,NA,Rural,NO_ELIGIBLE_SCHEME
Yes,293615,Education,NA,1026630,1026630,Postgraduate,Pharmacy,Management,Yes,Urban,ELS
Yes,173887,Business,Fisheries,2509960,107269,NA,NA,NA,NA,Urban,TERM_LOAN
Yes,104970,Education,NA,3449311,3102676,Postgraduate,Medical,Medical,No,Rural,NO_ELIGIBLE_SCHEME
Yes,72237,Business,Food Business,5000000,5000000,NA,NA,NA,NA,Rural,NO_ELIGIBLE_SCHEME
Yes,424649,Business,Service Business,171194,151542,NA,NA,NA,NA,Urban,UNY
Yes,55149,Business,Computer Centre,98731,72111,NA,NA,NA,NA,Urban,AMY
Yes,485271,Business,Grocery Shop,83773,51766,NA,NA,NA,NA,Rural,MFS
Yes,485396,Business,Poultry,3174138,3063314,NA,NA,NA,NA,Urban,TERM_LOAN
Yes,348306,Business,Food Business,448566,189074,NA,NA,NA,NA,Urban,UNY
Yes,108716,Business,Food Business,63460,43340,NA,NA,NA,NA,Rural,AMY
Yes,235267,Business,Grocery Shop,117266,17832,NA,NA,NA,NA,Rural,AMY
Yes,92870,Business,Small Manufacturing,63405,48375,NA,NA,NA,NA,Rural,MFS
Yes,411336,Business,Food Business,74884,29352,NA,NA,NA,NA,Urban,AMY
Yes,382862,Business,Service Business,2450315,2088071,NA,NA,NA,NA,Rural,TERM_LOAN
Yes,111040,Business,Fisheries,139688,66811,NA,NA,NA,NA,Urban,AMY
Yes,260056,Business,Tailoring,6381194,5843775,NA,NA,NA,NA,Urban,NO_ELIGIBLE_SCHEME
Yes,472748,Business,Grocery Shop,7012056,6601499,NA,NA,NA,NA,Urban,NO_ELIGIBLE_SCHEME
Yes,355329,Business,Fisheries,72971,43846,NA,NA,NA,NA,Urban,MFS
Yes,65910,Business,Grocery Shop,136115,104776,NA,NA,NA,NA,Urban,AMY
Yes,106381,Business,Repair Shop,138028,74272,NA,NA,NA,NA,Urban,AMY
Yes,350448,Business,Repair Shop,84732,73068,NA,NA,NA,NA,Urban,MFS
Yes,277029,Education,NA,4074808,3068123,Graduate,Nursing,Management,Yes,Urban,ELS
Yes,355509,Business,Fisheries,4190406,2362890,NA,NA,NA,NA,Rural,TERM_LOAN
Yes,332923,Business,Grocery Shop,73899,25639,NA,NA,NA,NA,Urban,MFS
Yes,615732,Business,Tailoring,466346,217340,NA,NA,NA,NA,Urban,NO_ELIGIBLE_SCHEME
Yes,198317,Business,Transport,77696,58870,NA,NA,NA,NA,Urban,MFS
Yes,338340,Business,Transport,51864,21822,NA,NA,NA,NA,Urban,MFS
Yes,419118,Business,Food Business,131576,44116,NA,NA,NA,NA,Rural,MFS
Yes,159377,Business,Repair Shop,173336,137959,NA,NA,NA,NA,Rural,UNY
Yes,184745,Education,NA,4179819,3173454,Graduate,Nursing,Medical,Yes,Urban,ELS
Yes,192032,Business,Fisheries,306617,74328,NA,NA,NA,NA,Rural,UNY
Yes,438872,Education,NA,3743929,578087,Postgraduate,Nursing,Management,Yes,Urban,ELS
Yes,232215,Education,NA,874805,874805,Postgraduate,Engineering,Medical,Yes,Urban,ELS
Yes,567181,Business,Tailoring,99886,54629,NA,NA,NA,NA,Rural,NO_ELIGIBLE_SCHEME
Yes,206113,Education,NA,2682899,2682899,Postgraduate,Law,Technical,Yes,Rural,ELS
Yes,57522,Business,Fisheries,6280876,6756543,NA,NA,NA,NA,Rural,NO_ELIGIBLE_SCHEME
Yes,401785,Business,Service Business,45023,21885,NA,NA,NA,NA,Rural,MFS
Yes,409458,Business,Food Business,339722,198999,NA,NA,NA,NA,Rural,UNY
Yes,141401,Education,NA,2138196,2138196,12th,Nursing,Professional,Yes,Urban,ELS
Yes,408828,Business,Fisheries,2084717,453895,NA,NA,NA,NA,Rural,TERM_LOAN
Yes,435074,Business,Tailoring,1573743,644000,NA,NA,NA,NA,Urban,TERM_LOAN
Yes,66340,Business,Grocery Shop,1028589,968522,NA,NA,NA,NA,Rural,TERM_LOAN
Yes,434671,Business,Fisheries,7748456,6898252,NA,NA,NA,NA,Rural,NO_ELIGIBLE_SCHEME
Yes,214643,Business,Transport,88925,71086,NA,NA,NA,NA,Rural,MFS
Yes,482659,Education,NA,592557,592557,12th,BCA,Management,Yes,Urban,ELS
No,203842,Business,Fisheries,211104,167613,NA,NA,NA,NA,Urban,NO_ELIGIBLE_SCHEME
Yes,446511,Business,Fisheries,54516,31063,NA,NA,NA,NA,Rural,AMY
Yes,189494,Education,NA,2508858,1444074,Postgraduate,BCA,Technical,No,Urban,NO_ELIGIBLE_SCHEME
Yes,400204,Business,Service Business,40198,33682,NA,NA,NA,NA,Rural,AMY
Yes,59814,Business,Service Business,126161,34318,NA,NA,NA,NA,Urban,MFS
Yes,150304,Business,Fisheries,2406258,1770132,NA,NA,NA,NA,Urban,TERM_LOAN
Yes,83877,Business,Food Business,87981,10792,NA,NA,NA,NA,Rural,AMY
Yes,272125,Business,Poultry,122976,39794,NA,NA,NA,NA,Urban,AMY
Yes,101693,Business,Small Manufacturing,90862,30087,NA,NA,NA,NA,Urban,AMY
Yes,223609,Business,Food Business,4645181,1457764,NA,NA,NA,NA,Rural,TERM_LOAN
Yes,459909,Business,Small Manufacturing,4044673,3892188,NA,NA,NA,NA,Rural,TERM_LOAN
Yes,354843,Business,Grocery Shop,307599,306555,NA,NA,NA,NA,Rural,UNY
Yes,284075,Education,NA,2516099,2516099,Graduate,Medical,Professional,Yes,Rural,ELS
Yes,384972,Business,Food Business,1189094,66720,NA,NA,NA,NA,Rural,TERM_LOAN
Yes,388996,Business,Service Business,449145,181043,NA,NA,NA,NA,Urban,UNY
Yes,469379,Business,Grocery Shop,89241,58253,NA,NA,NA,NA,Rural,MFS
Yes,464589,Business,Repair Shop,126549,54185,NA,NA,NA,NA,Rural,MFS
Yes,449114,Education,NA,2824215,839891,12th,Nursing,Management,Yes,Rural,ELS
Yes,425150,Business,Repair Shop,2996422,1629461,NA,NA,NA,NA,Urban,TERM_LOAN
Yes,247667,Education,NA,1423767,1423767,12th,MBA,Technical,Yes,Rural,ELS
Yes,206911,Business,Computer Centre,81820,59061,NA,NA,NA,NA,Urban,AMY
Yes,231256,Business,Service Business,259526,137743,NA,NA,NA,NA,Urban,UNY
Yes,360216,Business,Food Business,90807,58270,NA,NA,NA,NA,Rural,MFS
Yes,366329,Education,NA,2617890,2617890,Graduate,Medical,Technical,Yes,Rural,ELS
Yes,191231,Business,Small Manufacturing,5000000,5000000,NA,NA,NA,NA,Urban,NO_ELIGIBLE_SCHEME
Yes,79319,Business,Computer Centre,40286,35563,NA,NA,NA,NA,Urban,MFS
Yes,160145,Business,Repair Shop,61859,41627,NA,NA,NA,NA,Rural,AMY
Yes,401634,Business,Fisheries,5000000,5000000,NA,NA,NA,NA,Urban,NO_ELIGIBLE_SCHEME
Yes,69383,Business,Small Manufacturing,69522,15523,NA,NA,NA,NA,Urban,MFS
Yes,86070,Business,Tailoring,7297396,5012093,NA,NA,NA,NA,Urban,NO_ELIGIBLE_SCHEME
Yes,157080,Business,Poultry,69082,27104,NA,NA,NA,NA,Urban,AMY
Yes,464752,Business,Poultry,86280,51222,NA,NA,NA,NA,Rural,MFS
Yes,172764,Education,NA,290371,290371,Graduate,Pharmacy,Medical,Yes,Urban,ELS
Yes,405757,Education,NA,1400662,1319770,Graduate,Medical,Management,No,Urban,NO_ELIGIBLE_SCHEME
Yes,389232,Business,Service Business,228211,50945,NA,NA,NA,NA,Rural,UNY
Yes,342343,Business,Food Business,4707856,1610348,NA,NA,NA,NA,Rural,TERM_LOAN
Yes,132167,Business,Poultry,3393977,2498920,NA,NA,NA,NA,Rural,TERM_LOAN
Yes,197041,Business,Tailoring,38678,14892,NA,NA,NA,NA,Urban,MFS
No,415936,Business,Service Business,252738,238847,NA,NA,NA,NA,Urban,NO_ELIGIBLE_SCHEME
Yes,94170,Business,Fisheries,66302,52245,NA,NA,NA,NA,Urban,MFS
Yes,70328,Business,Small Manufacturing,33976,30384,NA,NA,NA,NA,Rural,AMY
Yes,371418,Business,Transport,2279792,1245728,NA,NA,NA,NA,Urban,TERM_LOAN
Yes,223865,Business,Tailoring,390429,116986,NA,NA,NA,NA,Urban,TERM_LOAN
Yes,117473,Education,NA,457554,1450166,12th,Nursing,Medical,No,Rural,NO_ELIGIBLE_SCHEME
Yes,278166,Business,Service Business,117970,50434,NA,NA,NA,NA,Urban,AMY
Yes,308444,Business,Grocery Shop,978578,566719,NA,NA,NA,NA,Urban,TERM_LOAN
Yes,98044,Business,Tailoring,386176,233192,NA,NA,NA,NA,Urban,UNY
Yes,448061,Education,NA,1119461,1119461,12th,BCA,Technical,Yes,Rural,ELS
Yes,83258,Business,Transport,2167436,169862,NA,NA,NA,NA,Rural,TERM_LOAN
Yes,52620,Education,NA,573126,573126,Graduate,Medical,Medical,Yes,Rural,ELS
Yes,86384,Business,Food Business,53321,38873,NA,NA,NA,NA,Rural,MFS
Yes,417030,Business,Computer Centre,64922,19935,NA,NA,NA,NA,Urban,MFS
Yes,150579,Business,Transport,102667,26683,NA,NA,NA,NA,Urban,MFS
Yes,444653,Business,Grocery Shop,4533658,3167915,NA,NA,NA,NA,Urban,TERM_LOAN
Yes,443182,Business,Small Manufacturing,139439,32058,NA,NA,NA,NA,Urban,MFS
Yes,345132,Education,NA,2581510,481067,12th,BCA,Professional,Yes,Urban,ELS
Yes,73642,Business,Small Manufacturing,102219,20031,NA,NA,NA,NA,Rural,MFS
Yes,167604,Business,Tailoring,48590,10079,NA,NA,NA,NA,Rural,AMY
Yes,499224,Business,Poultry,298091,178687,NA,NA,NA,NA,Rural,UNY
Yes,466770,Business,Service Business,151883,121716,NA,NA,NA,NA,Rural,UNY
Yes,294109,Business,Small Manufacturing,458023,384669,NA,NA,NA,NA,Urban,UNY
Yes,61048,Business,Service Business,137658,50392,NA,NA,NA,NA,Rural,MFS
Yes,319615,Business,Fisheries,85586,38085,NA,NA,NA,NA,Urban,MFS
Yes,98868,Business,Fisheries,102384,63476,NA,NA,NA,NA,Rural,MFS
Yes,200363,Business,Small Manufacturing,235453,234261,NA,NA,NA,NA,Rural,UNY
Yes,333727,Education,NA,3471911,3471911,Postgraduate,BTech,Management,Yes,Rural,ELS
Yes,89597,Business,Grocery Shop,528872,495821,NA,NA,NA,NA,Rural,TERM_LOAN
Yes,369717,Business,Fisheries,32992,20650,NA,NA,NA,NA,Rural,AMY
Yes,214133,Business,Service Business,40205,38249,NA,NA,NA,NA,Urban,MFS
Yes,492387,Business,Fisheries,6667634,6222781,NA,NA,NA,NA,Urban,NO_ELIGIBLE_SCHEME
Yes,102574,Business,Fisheries,88536,31206,NA,NA,NA,NA,Urban,MFS
Yes,416009,Education,NA,1792392,1942275,Graduate,Engineering,Management,No,Urban,NO_ELIGIBLE_SCHEME
Yes,111974,Business,Tailoring,55369,10103,NA,NA,NA,NA,Urban,MFS
Yes,309059,Business,Food Business,131298,92306,NA,NA,NA,NA,Urban,MFS
Yes,61150,Business,Small Manufacturing,164525,135066,NA,NA,NA,NA,Rural,UNY
Yes,88301,Business,Fisheries,133548,93087,NA,NA,NA,NA,Urban,AMY
Yes,292032,Business,Computer Centre,83704,70941,NA,NA,NA,NA,Urban,AMY
Yes,354145,Business,Computer Centre,406640,339164,NA,NA,NA,NA,Rural,UNY
Yes,125308,Business,Fisheries,48293,15641,NA,NA,NA,NA,Urban,MFS
Yes,460809,Business,Food Business,4299894,2272696,NA,NA,NA,NA,Urban,TERM_LOAN
Yes,450582,Business,Fisheries,99951,17328,NA,NA,NA,NA,Urban,MFS
Yes,413856,Business,Repair Shop,88153,31805,NA,NA,NA,NA,Rural,MFS
Yes,454468,Education,NA,970994,1446462,12th,MBA,Professional,No,Urban,NO_ELIGIBLE_SCHEME
Yes,411010,Education,NA,1575200,1575200,12th,BTech,Medical,Yes,Urban,ELS
Yes,387367,Business,Repair Shop,40104,26860,NA,NA,NA,NA,Rural,MFS
Yes,337949,Business,Poultry,56680,27501,NA,NA,NA,NA,Urban,MFS
Yes,534100,Business,Computer Centre,458125,140761,NA,NA,NA,NA,Urban,NO_ELIGIBLE_SCHEME
Yes,353587,Education,NA,449547,449547,12th,Nursing,Medical,Yes,Urban,ELS
Yes,468326,Business,Computer Centre,273365,189700,NA,NA,NA,NA,Rural,UNY
Yes,368376,Business,Service Business,2622992,220674,NA,NA,NA,NA,Urban,TERM_LOAN
Yes,414780,Business,Computer Centre,239171,92993,NA,NA,NA,NA,Urban,UNY
Yes,272278,Education,NA,1671499,566008,Postgraduate,Pharmacy,Medical,Yes,Rural,ELS
Yes,95600,Business,Poultry,206325,30839,NA,NA,NA,NA,Urban,UNY
Yes,244869,Business,Tailoring,121242,65667,NA,NA,NA,NA,Rural,AMY
Yes,102206,Business,Poultry,355424,225280,NA,NA,NA,NA,Rural,UNY
Yes,86980,Business,Food Business,5000000,5000000,NA,NA,NA,NA,Rural,NO_ELIGIBLE_SCHEME
Yes,378833,Business,Fisheries,394525,155602,NA,NA,NA,NA,Urban,UNY
Yes,385071,Education,NA,4247804,2366072,Postgraduate,BCA,Management,Yes,Rural,ELS
Yes,445403,Business,Service Business,139421,36422,NA,NA,NA,NA,Urban,AMY
Yes,182078,Business,Service Business,5000000,5000000,NA,NA,NA,NA,Rural,NO_ELIGIBLE_SCHEME
Yes,168023,Business,Fisheries,59012,52426,NA,NA,NA,NA,Urban,MFS
Yes,489025,Business,Grocery Shop,120021,30289,NA,NA,NA,NA,Rural,AMY
Yes,71591,Business,Computer Centre,69948,44365,NA,NA,NA,NA,Rural,MFS
Yes,72142,Business,Repair Shop,102596,74302,NA,NA,NA,NA,Urban,MFS
Yes,130308,Business,Service Business,3246514,337400,NA,NA,NA,NA,Urban,TERM_LOAN
Yes,440675,Education,NA,535487,1273941,12th,Pharmacy,Technical,No,Urban,NO_ELIGIBLE_SCHEME
Yes,330450,Business,Computer Centre,257354,213987,NA,NA,NA,NA,Rural,UNY
Yes,88676,Business,Food Business,116867,86232,NA,NA,NA,NA,Rural,AMY
Yes,184871,Business,Grocery Shop,7157541,5929206,NA,NA,NA,NA,Urban,NO_ELIGIBLE_SCHEME
Yes,122204,Business,Computer Centre,377735,245330,NA,NA,NA,NA,Rural,UNY
Yes,285606,Business,Repair Shop,99617,30319,NA,NA,NA,NA,Urban,MFS
Yes,90888,Business,Computer Centre,7409266,5958257,NA,NA,NA,NA,Urban,NO_ELIGIBLE_SCHEME
Yes,278148,Business,Food Business,31850,27230,NA,NA,NA,NA,Urban,MFS
Yes,317380,Education,NA,2828037,2828037,Postgraduate,MBA,Management,Yes,Rural,ELS
Yes,70757,Business,Computer Centre,46248,41998,NA,NA,NA,NA,Urban,AMY
Yes,350894,Business,Fisheries,2268368,1632853,NA,NA,NA,NA,Urban,TERM_LOAN
Yes,300609,Business,Grocery Shop,577568,273553,NA,NA,NA,NA,Urban,TERM_LOAN
Yes,384162,Business,Small Manufacturing,105132,26512,NA,NA,NA,NA,Urban,AMY
Yes,475470,Business,Transport,85864,54216,NA,NA,NA,NA,Urban,MFS
Yes,117031,Business,Fisheries,399279,317987,NA,NA,NA,NA,Rural,UNY
Yes,116822,Business,Transport,85359,56447,NA,NA,NA,NA,Rural,AMY
Yes,232365,Business,Fisheries,172710,26411,NA,NA,NA,NA,Rural,UNY
Yes,262292,Business,Fisheries,591041,560527,NA,NA,NA,NA,Urban,TERM_LOAN
Yes,430796,Business,Transport,100178,42145,NA,NA,NA,NA,Urban,AMY
Yes,98483,Business,Repair Shop,488132,37598,NA,NA,NA,NA,Rural,UNY
Yes,193837,Business,Repair Shop,351606,88070,NA,NA,NA,NA,Rural,UNY
Yes,259238,Education,NA,485271,485271,Graduate,Pharmacy,Medical,Yes,Urban,ELS
Yes,490696,Business,Fisheries,658826,425558,NA,NA,NA,NA,Urban,TERM_LOAN
Yes,228135,Business,Tailoring,7820346,5591999,NA,NA,NA,NA,Urban,NO_ELIGIBLE_SCHEME
Yes,161128,Business,Fisheries,353625,49180,NA,NA,NA,NA,Urban,UNY
Yes,413707,Business,Grocery Shop,73257,52076,NA,NA,NA,NA,Urban,AMY
Yes,388256,Business,Tailoring,4875871,4131416,NA,NA,NA,NA,Rural,TERM_LOAN
Yes,79673,Business,Food Business,174753,30159,NA,NA,NA,NA,Urban,UNY
Yes,270213,Education,NA,1234733,1234733,Graduate,Law,Professional,Yes,Urban,ELS
Yes,88594,Business,Service Business,1223193,784836,NA,NA,NA,NA,Rural,TERM_LOAN
Yes,377023,Business,Poultry,5000000,5000000,NA,NA,NA,NA,Urban,NO_ELIGIBLE_SCHEME
Yes,318697,Business,Grocery Shop,35768,23621,NA,NA,NA,NA,Urban,AMY
Yes,257906,Business,Repair Shop,5000000,5000000,NA,NA,NA,NA,Urban,NO_ELIGIBLE_SCHEME
Yes,431033,Business,Tailoring,43137,18997,NA,NA,NA,NA,Rural,AMY
Yes,399646,Education,NA,148167,148167,12th,Nursing,Professional,Yes,Rural,ELS
Yes,347415,Education,NA,2805491,2805491,12th,MBA,Technical,Yes,Rural,ELS
Yes,215653,Education,NA,4281003,3400797,Postgraduate,Engineering,Medical,Yes,Rural,ELS
Yes,269084,Business,Tailoring,56510,21830,NA,NA,NA,NA,Rural,AMY
Yes,217912,Business,Transport,1802182,541722,NA,NA,NA,NA,Rural,TERM_LOAN
Yes,343306,Business,Repair Shop,2409824,1315570,NA,NA,NA,NA,Rural,TERM_LOAN
Yes,109083,Business,Tailoring,56816,22113,NA,NA,NA,NA,Urban,AMY
Yes,257612,Business,Poultry,114124,113511,NA,NA,NA,NA,Rural,AMY
Yes,427085,Business,Poultry,7224109,6779507,NA,NA,NA,NA,Urban,NO_ELIGIBLE_SCHEME
Yes,293682,Business,Transport,3526581,1968915,NA,NA,NA,NA,Rural,TERM_LOAN
Yes,171538,Business,Grocery Shop,98224,18752,NA,NA,NA,NA,Rural,AMY
Yes,194683,Business,Transport,51916,38486,NA,NA,NA,NA,Urban,MFS
Yes,123660,Business,Grocery Shop,1880936,1754524,NA,NA,NA,NA,Rural,TERM_LOAN
Yes,192013,Business,Transport,181744,141090,NA,NA,NA,NA,Rural,UNY
Yes,140255,Business,Repair Shop,324584,77363,NA,NA,NA,NA,Urban,UNY
Yes,332058,Education,NA,203599,203599,Postgraduate,Nursing,Professional,Yes,Urban,ELS
Yes,144429,Business,Small Manufacturing,5000000,5000000,NA,NA,NA,NA,Rural,NO_ELIGIBLE_SCHEME
Yes,343029,Business,Tailoring,90461,13627,NA,NA,NA,NA,Urban,AMY
Yes,229567,Business,Service Business,4308571,3512268,NA,NA,NA,NA,Rural,TERM_LOAN
Yes,284544,Education,NA,2974923,165211,Graduate,Engineering,Technical,Yes,Urban,ELS
Yes,455551,Business,Repair Shop,90960,47002,NA,NA,NA,NA,Urban,MFS
Yes,317848,Business,Transport,102910,59060,NA,NA,NA,NA,Rural,AMY
Yes,171972,Business,Poultry,5000000,5000000,NA,NA,NA,NA,Rural,NO_ELIGIBLE_SCHEME
Yes,356458,Business,Transport,46735,30425,NA,NA,NA,NA,Urban,AMY
Yes,117087,Business,Fisheries,1720201,342875,NA,NA,NA,NA,Urban,TERM_LOAN
Yes,77641,Business,Service Business,1965597,1677349,NA,NA,NA,NA,Rural,TERM_LOAN
Yes,184289,Education,NA,1437222,1542844,Graduate,Pharmacy,Professional,No,Rural,NO_ELIGIBLE_SCHEME
Yes,338395,Business,Transport,50855,36287,NA,NA,NA,NA,Urban,AMY
Yes,309770,Business,Small Manufacturing,6997399,5146625,NA,NA,NA,NA,Urban,NO_ELIGIBLE_SCHEME
Yes,362443,Education,NA,2178091,231243,Graduate,Nursing,Management,No,Urban,NO_ELIGIBLE_SCHEME
Yes,128690,Business,Poultry,104120,96445,NA,NA,NA,NA,Rural,MFS
Yes,465302,Education,NA,768815,768815,Graduate,MCA,Medical,Yes,Rural,ELS
Yes,104087,Business,Computer Centre,1556806,370243,NA,NA,NA,NA,Urban,TERM_LOAN
Yes,464243,Business,Service Business,407721,166328,NA,NA,NA,NA,Urban,UNY
Yes,381011,Education,NA,4446527,2252654,12th,MCA,Professional,Yes,Rural,ELS
Yes,212166,Business,Fisheries,74874,24734,NA,NA,NA,NA,Rural,AMY
Yes,148271,Business,Transport,163888,159073,NA,NA,NA,NA,Urban,UNY
Yes,104329,Business,Repair Shop,47436,35247,NA,NA,NA,NA,Rural,AMY
Yes,492224,Business,Repair Shop,316307,251924,NA,NA,NA,NA,Urban,UNY
Yes,449767,Business,Repair Shop,3719916,1531184,NA,NA,NA,NA,Urban,TERM_LOAN
Yes,104403,Business,Fisheries,7027635,5029250,NA,NA,NA,NA,Urban,NO_ELIGIBLE_SCHEME
Yes,299876,Business,Poultry,120196,112213,NA,NA,NA,NA,Urban,MFS
Yes,71997,Business,Small Manufacturing,464332,271118,NA,NA,NA,NA,Rural,UNY
Yes,499271,Business,Grocery Shop,6583119,5347757,NA,NA,NA,NA,Urban,NO_ELIGIBLE_SCHEME
Yes,94040,Business,Transport,4262359,897050,NA,NA,NA,NA,Urban,TERM_LOAN
Yes,223557,Business,Grocery Shop,100481,70108,NA,NA,NA,NA,Rural,AMY
Yes,441719,Business,Poultry,7144685,6391985,NA,NA,NA,NA,Rural,NO_ELIGIBLE_SCHEME
Yes,420785,Business,Tailoring,3477798,2293569,NA,NA,NA,NA,Urban,TERM_LOAN
Yes,288376,Business,Small Manufacturing,110372,54223,NA,NA,NA,NA,Urban,AMY
Yes,86303,Business,Transport,946840,95986,NA,NA,NA,NA,Rural,TERM_LOAN
Yes,96498,Business,Computer Centre,113449,54759,NA,NA,NA,NA,Urban,AMY
Yes,147821,Business,Fisheries,140223,69791,NA,NA,NA,NA,Rural,UNY
Yes,329270,Business,Computer Centre,67802,10218,NA,NA,NA,NA,Urban,AMY
Yes,206528,Education,NA,2604576,582587,Graduate,MBA,Medical,Yes,Urban,ELS
Yes,204231,Business,Food Business,82149,54939,NA,NA,NA,NA,Rural,MFS
Yes,100525,Business,Service Business,161428,84600,NA,NA,NA,NA,Urban,UNY
Yes,415817,Business,Tailoring,151601,95187,NA,NA,NA,NA,Urban,UNY
Yes,418972,Business,Grocery Shop,66483,59304,NA,NA,NA,NA,Rural,MFS
Yes,391755,Education,NA,2006770,2006770,12th,BCA,Management,Yes,Urban,ELS
Yes,358714,Business,Food Business,99006,50180,NA,NA,NA,NA,Rural,AMY
Yes,153208,Business,Grocery Shop,5000000,5000000,NA,NA,NA,NA,Urban,NO_ELIGIBLE_SCHEME
Yes,449330,Business,Fisheries,2096405,1909941,NA,NA,NA,NA,Rural,TERM_LOAN
Yes,594605,Business,Poultry,220455,399341,NA,NA,NA,NA,Rural,NO_ELIGIBLE_SCHEME
Yes,243450,Business,Small Manufacturing,7747619,6564609,NA,NA,NA,NA,Urban,NO_ELIGIBLE_SCHEME
Yes,462832,Business,Small Manufacturing,511711,131465,NA,NA,NA,NA,Urban,TERM_LOAN
Yes,479418,Education,NA,1749302,107716,Postgraduate,MCA,Professional,Yes,Rural,ELS
Yes,88358,Business,Computer Centre,470230,342998,NA,NA,NA,NA,Rural,UNY
Yes,172007,Education,NA,3300037,2991215,Postgraduate,Engineering,Management,Yes,Rural,ELS
Yes,68692,Business,Fisheries,7876496,5465810,NA,NA,NA,NA,Urban,NO_ELIGIBLE_SCHEME
Yes,176853,Business,Tailoring,4184240,3382801,NA,NA,NA,NA,Rural,TERM_LOAN
Yes,235553,Business,Small Manufacturing,33442,12936,NA,NA,NA,NA,Rural,MFS
Yes,221203,Business,Repair Shop,75472,50748,NA,NA,NA,NA,Urban,AMY
Yes,392880,Business,Computer Centre,31965,23177,NA,NA,NA,NA,Rural,AMY
Yes,103169,Business,Small Manufacturing,493112,104327,NA,NA,NA,NA,Rural,UNY
Yes,117861,Education,NA,3183012,1599877,Graduate,Pharmacy,Professional,No,Rural,NO_ELIGIBLE_SCHEME
Yes,335616,Business,Repair Shop,321077,212032,NA,NA,NA,NA,Rural,UNY
Yes,273943,Education,NA,384574,384574,Graduate,MBA,Professional,Yes,Rural,ELS
Yes,53331,Business,Service Business,82620,48510,NA,NA,NA,NA,Urban,AMY
Yes,308797,Business,Small Manufacturing,99410,89619,NA,NA,NA,NA,Urban,AMY
Yes,305983,Business,Computer Centre,6436116,5038903,NA,NA,NA,NA,Rural,NO_ELIGIBLE_SCHEME
Yes,95475,Business,Transport,97538,52982,NA,NA,NA,NA,Rural,MFS
Yes,142712,Education,NA,2368966,2010941,12th,Law,Technical,Yes,Rural,ELS
Yes,111004,Education,NA,3761572,2529243,Graduate,MBA,Technical,Yes,Rural,ELS
Yes,330486,Business,Grocery Shop,52968,15508,NA,NA,NA,NA,Rural,AMY
Yes,414261,Business,Transport,3657772,488898,NA,NA,NA,NA,Urban,TERM_LOAN
Yes,395359,Education,NA,2069545,2069545,Postgraduate,Medical,Professional,Yes,Urban,ELS
Yes,165611,Business,Repair Shop,166372,121563,NA,NA,NA,NA,Urban,UNY
Yes,80775,Business,Grocery Shop,7627495,5123411,NA,NA,NA,NA,Rural,NO_ELIGIBLE_SCHEME
Yes,462706,Business,Small Manufacturing,3081085,678103,NA,NA,NA,NA,Rural,TERM_LOAN
Yes,245887,Business,Transport,128007,89395,NA,NA,NA,NA,Urban,MFS
Yes,463329,Education,NA,3125873,1137360,Graduate,Law,Professional,Yes,Rural,ELS
Yes,311569,Business,Repair Shop,155414,58897,NA,NA,NA,NA,Urban,UNY
Yes,288810,Business,Computer Centre,4757115,4328559,NA,NA,NA,NA,Urban,TERM_LOAN
Yes,291014,Business,Fisheries,2921323,1813195,NA,NA,NA,NA,Rural,TERM_LOAN
Yes,467971,Business,Grocery Shop,897107,234578,NA,NA,NA,NA,Rural,TERM_LOAN
Yes,328885,Business,Service Business,445122,377979,NA,NA,NA,NA,Urban,UNY
Yes,208664,Business,Small Manufacturing,7330598,5427787,NA,NA,NA,NA,Urban,NO_ELIGIBLE_SCHEME
Yes,252747,Business,Tailoring,995450,371824,NA,NA,NA,NA,Rural,TERM_LOAN
Yes,122582,Business,Small Manufacturing,5000000,5000000,NA,NA,NA,NA,Urban,NO_ELIGIBLE_SCHEME
Yes,305040,Business,Service Business,5000000,5000000,NA,NA,NA,NA,Urban,NO_ELIGIBLE_SCHEME
Yes,55742,Business,Repair Shop,182585,71830,NA,NA,NA,NA,Rural,UNY
Yes,78716,Business,Transport,435654,318521,NA,NA,NA,NA,Rural,UNY
Yes,259418,Business,Computer Centre,66167,61096,NA,NA,NA,NA,Urban,MFS
Yes,401118,Education,NA,3277993,3585445,Postgraduate,Engineering,Management,No,Urban,NO_ELIGIBLE_SCHEME
Yes,377525,Business,Computer Centre,695514,214637,NA,NA,NA,NA,Urban,TERM_LOAN
Yes,241099,Business,Computer Centre,104128,84299,NA,NA,NA,NA,Urban,MFS
Yes,362581,Business,Computer Centre,489675,323251,NA,NA,NA,NA,Rural,UNY
Yes,160615,Business,Service Business,65093,14337,NA,NA,NA,NA,Urban,MFS
Yes,270776,Business,Fisheries,3006777,2964389,NA,NA,NA,NA,Rural,TERM_LOAN
Yes,471622,Business,Transport,439017,293511,NA,NA,NA,NA,Urban,UNY
Yes,61555,Education,NA,2645612,1803301,12th,Nursing,Medical,Yes,Rural,ELS
Yes,412352,Business,Poultry,634347,544435,NA,NA,NA,NA,Rural,TERM_LOAN
Yes,118786,Business,Poultry,254829,248445,NA,NA,NA,NA,Urban,UNY
Yes,238856,Business,Computer Centre,35170,19521,NA,NA,NA,NA,Urban,MFS
Yes,162769,Business,Poultry,192275,173118,NA,NA,NA,NA,Urban,UNY
No,494358,Business,Repair Shop,172943,256093,NA,NA,NA,NA,Rural,NO_ELIGIBLE_SCHEME
Yes,109247,Business,Computer Centre,3532887,1242077,NA,NA,NA,NA,Rural,TERM_LOAN
Yes,420603,Education,NA,663879,663879,Postgraduate,Nursing,Management,Yes,Urban,ELS
Yes,141797,Business,Food Business,136628,94252,NA,NA,NA,NA,Urban,MFS
Yes,259576,Education,NA,2822213,119510,Postgraduate,Medical,Management,Yes,Urban,ELS
Yes,119478,Business,Small Manufacturing,911884,175022,NA,NA,NA,NA,Urban,TERM_LOAN
Yes,264106,Business,Repair Shop,65985,38801,NA,NA,NA,NA,Rural,MFS
Yes,442319,Business,Transport,128137,37462,NA,NA,NA,NA,Urban,AMY
Yes,366104,Business,Tailoring,118299,89294,NA,NA,NA,NA,Rural,MFS
Yes,460539,Business,Transport,80504,19222,NA,NA,NA,NA,Urban,AMY
Yes,348526,Business,Service Business,353678,280272,NA,NA,NA,NA,Rural,UNY
Yes,462553,Education,NA,3599609,1336119,12th,Engineering,Medical,No,Urban,NO_ELIGIBLE_SCHEME
Yes,216107,Education,NA,3254317,677757,Graduate,Medical,Management,Yes,Urban,ELS
Yes,240402,Business,Service Business,132363,123089,NA,NA,NA,NA,Urban,MFS
Yes,168328,Business,Food Business,3274587,2646253,NA,NA,NA,NA,Urban,TERM_LOAN
Yes,275607,Business,Service Business,2456973,1977516,NA,NA,NA,NA,Rural,TERM_LOAN
Yes,474447,Business,Computer Centre,3597521,1316757,NA,NA,NA,NA,Rural,TERM_LOAN
Yes,214576,Business,Service Business,37251,12750,NA,NA,NA,NA,Urban,MFS
Yes,327976,Business,Grocery Shop,55153,17700,NA,NA,NA,NA,Urban,MFS
Yes,379396,Business,Tailoring,491883,253146,NA,NA,NA,NA,Urban,UNY
Yes,140638,Business,Poultry,45765,39428,NA,NA,NA,NA,Rural,MFS
Yes,419237,Business,Repair Shop,35756,32790,NA,NA,NA,NA,Urban,AMY
Yes,77255,Education,NA,1436229,1019718,Postgraduate,Pharmacy,Medical,Yes,Urban,ELS
Yes,288555,Business,Repair Shop,132769,112908,NA,NA,NA,NA,Urban,MFS
Yes,473408,Business,Repair Shop,182039,48452,NA,NA,NA,NA,Rural,UNY
Yes,208055,Business,Tailoring,50571,28552,NA,NA,NA,NA,Rural,AMY
Yes,305483,Business,Food Business,479023,372426,NA,NA,NA,NA,Urban,UNY
Yes,489972,Business,Fisheries,883902,651839,NA,NA,NA,NA,Rural,TERM_LOAN
Yes,242440,Business,Poultry,52913,14923,NA,NA,NA,NA,Urban,AMY
Yes,383034,Business,Tailoring,7808193,5843801,NA,NA,NA,NA,Urban,NO_ELIGIBLE_SCHEME
Yes,71930,Business,Repair Shop,86333,26704,NA,NA,NA,NA,Urban,MFS
Yes,493936,Business,Grocery Shop,149588,70523,NA,NA,NA,NA,Rural,UNY
Yes,177422,Business,Repair Shop,2044899,1766912,NA,NA,NA,NA,Urban,TERM_LOAN
Yes,340826,Business,Poultry,62285,60002,NA,NA,NA,NA,Urban,MFS
Yes,159471,Education,NA,1776851,1776851,Graduate,BTech,Technical,Yes,Rural,ELS
Yes,358073,Business,Fisheries,108878,36922,NA,NA,NA,NA,Rural,MFS
Yes,213926,Business,Fisheries,3025850,1549376,NA,NA,NA,NA,Urban,TERM_LOAN
Yes,340459,Business,Computer Centre,4573629,1664294,NA,NA,NA,NA,Urban,TERM_LOAN
Yes,338119,Business,Poultry,86324,65945,NA,NA,NA,NA,Rural,AMY
Yes,454586,Education,NA,1914199,1914199,12th,Nursing,Professional,Yes,Urban,ELS
Yes,173830,Business,Computer Centre,150714,63018,NA,NA,NA,NA,Urban,UNY
Yes,347399,Business,Tailoring,77467,60181,NA,NA,NA,NA,Rural,MFS
Yes,334303,Business,Grocery Shop,504440,422054,NA,NA,NA,NA,Rural,TERM_LOAN
No,416684,Business,Tailoring,165036,337946,NA,NA,NA,NA,Urban,NO_ELIGIBLE_SCHEME
Yes,310845,Business,Grocery Shop,104304,92285,NA,NA,NA,NA,Rural,AMY
Yes,110159,Education,NA,1691274,2327496,12th,BCA,Technical,No,Rural,NO_ELIGIBLE_SCHEME
Yes,448710,Business,Repair Shop,238935,179398,NA,NA,NA,NA,Rural,UNY
Yes,263387,Business,Grocery Shop,2927428,1288673,NA,NA,NA,NA,Rural,TERM_LOAN
Yes,73442,Business,Repair Shop,286883,94050,NA,NA,NA,NA,Urban,UNY
Yes,367114,Education,NA,2856575,462053,12th,Pharmacy,Technical,Yes,Urban,ELS
Yes,469097,Business,Fisheries,879743,152432,NA,NA,NA,NA,Urban,TERM_LOAN
Yes,331464,Business,Tailoring,143209,124679,NA,NA,NA,NA,Rural,UNY
Yes,242856,Business,Tailoring,4921862,3160945,NA,NA,NA,NA,Urban,TERM_LOAN
Yes,242958,Business,Repair Shop,6687193,6015255,NA,NA,NA,NA,Urban,NO_ELIGIBLE_SCHEME
Yes,183562,Business,Small Manufacturing,78139,62857,NA,NA,NA,NA,Rural,AMY
Yes,97181,Education,NA,3128342,502733,12th,BCA,Technical,Yes,Rural,ELS
Yes,272633,Business,Poultry,158461,99616,NA,NA,NA,NA,Rural,TERM_LOAN
Yes,354917,Business,Computer Centre,75794,20567,NA,NA,NA,NA,Rural,AMY
Yes,323401,Business,Computer Centre,109700,60002,NA,NA,NA,NA,Rural,AMY
Yes,287579,Business,Computer Centre,105030,10683,NA,NA,NA,NA,Rural,MFS
Yes,98665,Business,Tailoring,4366420,694491,NA,NA,NA,NA,Urban,TERM_LOAN
Yes,299204,Business,Repair Shop,3662306,2388629,NA,NA,NA,NA,Rural,TERM_LOAN
Yes,338228,Education,NA,3671089,3671089,Postgraduate,Pharmacy,Management,Yes,Urban,ELS
Yes,110382,Business,Poultry,188722,184566,NA,NA,NA,NA,Urban,UNY
Yes,125922,Education,NA,3822870,3361587,12th,MCA,Technical,Yes,Rural,ELS
Yes,220737,Education,NA,565407,565407,Graduate,Law,Management,Yes,Urban,ELS
Yes,133276,Business,Tailoring,4424771,4007133,NA,NA,NA,NA,Urban,TERM_LOAN
Yes,389332,Business,Small Manufacturing,99111,92517,NA,NA,NA,NA,Rural,MFS
No,485086,Business,Food Business,50611,109661,NA,NA,NA,NA,Urban,NO_ELIGIBLE_SCHEME
Yes,423974,Business,Tailoring,53784,11780,NA,NA,NA,NA,Urban,MFS
Yes,381027,Business,Repair Shop,91462,67961,NA,NA,NA,NA,Urban,MFS
Yes,167378,Education,NA,2880762,2880762,12th,Engineering,Management,Yes,Rural,ELS
Yes,453944,Business,Poultry,119517,82321,NA,NA,NA,NA,Urban,AMY
Yes,451021,Education,NA,4208552,2995775,Postgraduate,Nursing,Professional,Yes,Rural,ELS
Yes,243279,Business,Small Manufacturing,89593,17530,NA,NA,NA,NA,Rural,AMY
Yes,219682,Business,Repair Shop,1803682,559469,NA,NA,NA,NA,Rural,TERM_LOAN
Yes,155901,Business,Poultry,85314,14850,NA,NA,NA,NA,Urban,MFS
Yes,650438,Business,Small Manufacturing,331412,82231,NA,NA,NA,NA,Urban,NO_ELIGIBLE_SCHEME
Yes,161547,Business,Tailoring,130820,87337,NA,NA,NA,NA,Urban,MFS
Yes,274953,Business,Repair Shop,452571,260600,NA,NA,NA,NA,Rural,UNY
Yes,425257,Business,Tailoring,224802,210376,NA,NA,NA,NA,Urban,TERM_LOAN
Yes,351537,Business,Service Business,98044,46471,NA,NA,NA,NA,Urban,AMY
Yes,489415,Business,Transport,5000000,5000000,NA,NA,NA,NA,Rural,NO_ELIGIBLE_SCHEME
Yes,326759,Education,NA,1231308,184327,Graduate,Nursing,Medical,Yes,Rural,ELS
Yes,399349,Business,Transport,121875,42421,NA,NA,NA,NA,Rural,AMY
Yes,147781,Business,Poultry,4986685,4184640,NA,NA,NA,NA,Urban,TERM_LOAN
Yes,120340,Education,NA,3871407,2553088,12th,Medical,Technical,Yes,Urban,ELS
Yes,205191,Business,Food Business,206614,166605,NA,NA,NA,NA,Rural,UNY
Yes,476616,Business,Transport,103755,17656,NA,NA,NA,NA,Rural,AMY
Yes,164254,Business,Computer Centre,5000000,5000000,NA,NA,NA,NA,Rural,NO_ELIGIBLE_SCHEME
Yes,168710,Business,Fisheries,822026,254144,NA,NA,NA,NA,Urban,TERM_LOAN
Yes,483264,Business,Service Business,50658,29937,NA,NA,NA,NA,Rural,MFS
Yes,246020,Business,Computer Centre,135026,31155,NA,NA,NA,NA,Urban,AMY
Yes,173565,Business,Food Business,45496,30185,NA,NA,NA,NA,Urban,AMY
Yes,458186,Business,Service Business,193385,180234,NA,NA,NA,NA,Urban,UNY
Yes,195604,Business,Food Business,250487,190522,NA,NA,NA,NA,Urban,TERM_LOAN
Yes,341158,Business,Transport,135393,40907,NA,NA,NA,NA,Urban,MFS
Yes,306391,Education,NA,2318544,1007819,12th,MCA,Professional,Yes,Rural,ELS
Yes,315734,Education,NA,1656431,1656431,Graduate,BTech,Management,Yes,Urban,ELS
Yes,349991,Business,Transport,73920,21168,NA,NA,NA,NA,Rural,AMY
Yes,115028,Business,Food Business,1984159,1807829,NA,NA,NA,NA,Urban,TERM_LOAN
Yes,438653,Business,Small Manufacturing,75242,62827,NA,NA,NA,NA,Urban,AMY
Yes,476981,Business,Tailoring,364015,181323,NA,NA,NA,NA,Rural,UNY
Yes,276092,Business,Small Manufacturing,254237,163677,NA,NA,NA,NA,Urban,UNY
Yes,72254,Business,Repair Shop,7479467,6104901,NA,NA,NA,NA,Urban,NO_ELIGIBLE_SCHEME
Yes,731034,Business,Tailoring,240279,39428,NA,NA,NA,NA,Urban,NO_ELIGIBLE_SCHEME
Yes,344722,Education,NA,3405521,246582,Graduate,MBA,Medical,Yes,Rural,ELS
Yes,720134,Business,Grocery Shop,441043,275382,NA,NA,NA,NA,Urban,NO_ELIGIBLE_SCHEME
Yes,427358,Business,Repair Shop,116951,26334,NA,NA,NA,NA,Urban,MFS
Yes,364554,Business,Service Business,39556,35419,NA,NA,NA,NA,Urban,MFS
Yes,240414,Business,Transport,148840,105758,NA,NA,NA,NA,Urban,UNY
Yes,451263,Business,Food Business,421683,347320,NA,NA,NA,NA,Rural,UNY
Yes,59358,Education,NA,2353730,2353730,Postgraduate,Nursing,Medical,Yes,Urban,ELS
Yes,239178,Business,Tailoring,50131,13572,NA,NA,NA,NA,Urban,MFS
Yes,280695,Education,NA,219166,219166,Graduate,BCA,Medical,Yes,Rural,ELS
Yes,91892,Business,Service Business,393689,146280,NA,NA,NA,NA,Rural,UNY
Yes,451590,Business,Service Business,130246,103519,NA,NA,NA,NA,Urban,MFS
Yes,355288,Business,Food Business,202404,118078,NA,NA,NA,NA,Urban,UNY
Yes,279757,Education,NA,2912834,2912834,12th,Engineering,Technical,Yes,Rural,ELS
Yes,448967,Business,Repair Shop,1173567,415324,NA,NA,NA,NA,Rural,TERM_LOAN
Yes,360129,Education,NA,1677856,1646079,Postgraduate,Medical,Technical,Yes,Urban,ELS
Yes,494581,Business,Fisheries,1642749,713111,NA,NA,NA,NA,Urban,TERM_LOAN
Yes,60443,Business,Tailoring,46936,45374,NA,NA,NA,NA,Urban,AMY
Yes,383582,Business,Computer Centre,1192351,645318,NA,NA,NA,NA,Urban,TERM_LOAN
Yes,253687,Business,Transport,57292,20678,NA,NA,NA,NA,Urban,MFS
Yes,210597,Business,Poultry,1424742,1194533,NA,NA,NA,NA,Urban,TERM_LOAN
Yes,423934,Business,Poultry,120001,77314,NA,NA,NA,NA,Rural,AMY
Yes,348474,Business,Fisheries,55492,37418,NA,NA,NA,NA,Urban,AMY
Yes,477795,Education,NA,409697,409697,12th,BCA,Professional,Yes,Rural,ELS
Yes,300614,Education,NA,3101338,3101338,Postgraduate,BCA,Technical,Yes,Urban,ELS
Yes,148855,Business,Computer Centre,2658139,287747,NA,NA,NA,NA,Rural,TERM_LOAN
Yes,335056,Business,Service Business,243072,132287,NA,NA,NA,NA,Rural,UNY
Yes,276757,Business,Transport,89133,71282,NA,NA,NA,NA,Urban,AMY
Yes,73732,Business,Fisheries,2568218,315879,NA,NA,NA,NA,Urban,TERM_LOAN
Yes,367452,Business,Tailoring,3981241,3293283,NA,NA,NA,NA,Urban,TERM_LOAN
Yes,368207,Business,Food Business,223523,126820,NA,NA,NA,NA,Rural,UNY
Yes,339050,Business,Repair Shop,144695,48938,NA,NA,NA,NA,Urban,UNY
Yes,440275,Business,Poultry,94216,61563,NA,NA,NA,NA,Rural,MFS
Yes,333942,Business,Fisheries,241082,202804,NA,NA,NA,NA,Rural,UNY
Yes,388117,Business,Computer Centre,95517,66873,NA,NA,NA,NA,Rural,MFS
Yes,437079,Business,Tailoring,170925,123869,NA,NA,NA,NA,Rural,UNY
Yes,449964,Business,Small Manufacturing,73573,46170,NA,NA,NA,NA,Urban,MFS
Yes,345658,Business,Computer Centre,2431560,1831958,NA,NA,NA,NA,Urban,TERM_LOAN
Yes,482426,Education,NA,4079316,1910705,Graduate,Medical,Technical,Yes,Urban,ELS
Yes,217491,Business,Fisheries,301269,122660,NA,NA,NA,NA,Rural,TERM_LOAN
Yes,366391,Business,Poultry,176598,144162,NA,NA,NA,NA,Urban,TERM_LOAN
Yes,268508,Business,Service Business,65313,57762,NA,NA,NA,NA,Rural,MFS
Yes,251830,Business,Small Manufacturing,3064026,1751490,NA,NA,NA,NA,Urban,TERM_LOAN
Yes,264957,Business,Food Business,881815,700559,NA,NA,NA,NA,Rural,TERM_LOAN
Yes,277357,Education,NA,2960516,2960516,Postgraduate,BTech,Professional,Yes,Rural,ELS
Yes,381779,Business,Food Business,1414607,225570,NA,NA,NA,NA,Urban,TERM_LOAN
Yes,313245,Business,Service Business,81747,14551,NA,NA,NA,NA,Rural,MFS
Yes,121356,Business,Repair Shop,1780524,91550,NA,NA,NA,NA,Rural,TERM_LOAN
No,171100,Business,Computer Centre,408662,339065,NA,NA,NA,NA,Rural,NO_ELIGIBLE_SCHEME
Yes,158155,Business,Poultry,240888,89819,NA,NA,NA,NA,Rural,UNY
Yes,317465,Education,NA,2083800,517944,12th,BTech,Technical,No,Rural,NO_ELIGIBLE_SCHEME
Yes,258054,Education,NA,1705492,367266,12th,BCA,Technical,Yes,Rural,ELS
Yes,193729,Business,Fisheries,76303,63097,NA,NA,NA,NA,Urban,AMY
Yes,148029,Business,Poultry,53255,14880,NA,NA,NA,NA,Rural,MFS
Yes,482309,Education,NA,3004272,59685,Postgraduate,Law,Professional,Yes,Rural,ELS
Yes,405875,Business,Fisheries,3389232,1239635,NA,NA,NA,NA,Rural,TERM_LOAN
Yes,67626,Business,Transport,91689,76088,NA,NA,NA,NA,Urban,MFS
Yes,342122,Business,Computer Centre,332358,237788,NA,NA,NA,NA,Urban,UNY
Yes,56279,Education,NA,1032095,1032095,Graduate,BTech,Management,Yes,Rural,ELS
Yes,316776,Business,Repair Shop,73011,71599,NA,NA,NA,NA,Urban,AMY
Yes,281407,Education,NA,1006011,583644,Graduate,MCA,Medical,Yes,Urban,ELS
Yes,318905,Business,Service Business,5000000,5000000,NA,NA,NA,NA,Urban,NO_ELIGIBLE_SCHEME
Yes,612242,Business,Repair Shop,241061,322568,NA,NA,NA,NA,Urban,NO_ELIGIBLE_SCHEME
Yes,445287,Business,Food Business,4966379,1708462,NA,NA,NA,NA,Urban,TERM_LOAN
Yes,150026,Business,Transport,58220,52321,NA,NA,NA,NA,Urban,AMY
Yes,364615,Business,Grocery Shop,2896804,975572,NA,NA,NA,NA,Rural,TERM_LOAN
Yes,65184,Business,Repair Shop,120075,40783,NA,NA,NA,NA,Urban,AMY
Yes,437953,Business,Computer Centre,676790,589096,NA,NA,NA,NA,Urban,TERM_LOAN
Yes,267053,Education,NA,2150903,2150903,Postgraduate,Nursing,Technical,Yes,Rural,ELS
Yes,448104,Business,Small Manufacturing,4538362,2405222,NA,NA,NA,NA,Rural,TERM_LOAN
Yes,431740,Business,Poultry,46891,35586,NA,NA,NA,NA,Urban,AMY
Yes,239385,Education,NA,463962,463962,12th,BCA,Technical,Yes,Rural,ELS
Yes,126100,Business,Small Manufacturing,92205,44422,NA,NA,NA,NA,Urban,MFS
Yes,236489,Business,Computer Centre,5000000,5000000,NA,NA,NA,NA,Rural,NO_ELIGIBLE_SCHEME
Yes,220107,Business,Service Business,358148,55602,NA,NA,NA,NA,Urban,UNY
Yes,53045,Business,Grocery Shop,7497006,6454466,NA,NA,NA,NA,Urban,NO_ELIGIBLE_SCHEME
Yes,276563,Business,Computer Centre,3147288,1806705,NA,NA,NA,NA,Rural,TERM_LOAN
Yes,382803,Business,Grocery Shop,47274,23013,NA,NA,NA,NA,Rural,AMY
Yes,366469,Business,Repair Shop,7677927,6616759,NA,NA,NA,NA,Urban,NO_ELIGIBLE_SCHEME
Yes,434741,Education,NA,4228348,257664,12th,Nursing,Medical,Yes,Rural,ELS
Yes,250330,Business,Repair Shop,137242,95237,NA,NA,NA,NA,Urban,AMY
Yes,329187,Business,Transport,95838,80205,NA,NA,NA,NA,Rural,AMY
Yes,313834,Business,Food Business,5000000,5000000,NA,NA,NA,NA,Urban,NO_ELIGIBLE_SCHEME
Yes,204936,Business,Poultry,201589,48189,NA,NA,NA,NA,Urban,UNY
Yes,150193,Business,Repair Shop,128735,94790,NA,NA,NA,NA,Urban,MFS
Yes,462167,Business,Computer Centre,45696,12128,NA,NA,NA,NA,Rural,AMY
Yes,182675,Business,Food Business,6433576,6650587,NA,NA,NA,NA,Urban,NO_ELIGIBLE_SCHEME
Yes,337800,Business,Service Business,136375,103429,NA,NA,NA,NA,Urban,AMY
Yes,470827,Business,Service Business,306020,46025,NA,NA,NA,NA,Urban,UNY
Yes,434076,Business,Tailoring,183140,62202,NA,NA,NA,NA,Urban,UNY
Yes,286642,Business,Food Business,813433,752629,NA,NA,NA,NA,Urban,TERM_LOAN
Yes,236100,Business,Food Business,39666,34207,NA,NA,NA,NA,Urban,AMY
Yes,393017,Business,Fisheries,482929,446817,NA,NA,NA,NA,Urban,TERM_LOAN
Yes,467481,Business,Repair Shop,266145,179038,NA,NA,NA,NA,Urban,UNY
Yes,190014,Business,Poultry,391125,287644,NA,NA,NA,NA,Rural,UNY
Yes,298506,Business,Poultry,81788,14039,NA,NA,NA,NA,Rural,MFS
Yes,421381,Business,Food Business,132789,76512,NA,NA,NA,NA,Urban,AMY
Yes,330428,Education,NA,469864,469864,12th,Law,Technical,Yes,Urban,ELS
Yes,60339,Education,NA,3357799,1646593,12th,BCA,Management,Yes,Rural,ELS
Yes,460707,Business,Small Manufacturing,121303,105748,NA,NA,NA,NA,Urban,MFS
Yes,179644,Education,NA,2304882,215366,12th,MBA,Medical,Yes,Rural,ELS
Yes,210073,Business,Small Manufacturing,2572690,2533292,NA,NA,NA,NA,Rural,TERM_LOAN
Yes,189124,Business,Fisheries,186506,167098,NA,NA,NA,NA,Rural,UNY
Yes,353736,Business,Service Business,296166,96567,NA,NA,NA,NA,Rural,UNY
Yes,321307,Education,NA,1989850,1989850,Graduate,MCA,Medical,Yes,Urban,ELS
Yes,312488,Business,Grocery Shop,41854,33679,NA,NA,NA,NA,Rural,MFS
Yes,299968,Business,Tailoring,3677300,422358,NA,NA,NA,NA,Urban,TERM_LOAN
Yes,147363,Business,Fisheries,42930,39965,NA,NA,NA,NA,Urban,AMY
Yes,130993,Education,NA,3641306,3856815,Graduate,Engineering,Medical,No,Urban,NO_ELIGIBLE_SCHEME
Yes,192038,Business,Repair Shop,76112,69473,NA,NA,NA,NA,Urban,MFS
Yes,239510,Business,Poultry,135630,67379,NA,NA,NA,NA,Rural,AMY
Yes,522098,Business,Poultry,293375,332369,NA,NA,NA,NA,Rural,NO_ELIGIBLE_SCHEME
Yes,412717,Business,Food Business,174440,26346,NA,NA,NA,NA,Urban,UNY
Yes,648789,Business,Service Business,405042,257892,NA,NA,NA,NA,Rural,NO_ELIGIBLE_SCHEME
Yes,296882,Business,Transport,1257629,945631,NA,NA,NA,NA,Urban,TERM_LOAN
Yes,196365,Business,Tailoring,139705,70655,NA,NA,NA,NA,Urban,MFS
Yes,319646,Business,Small Manufacturing,97746,59146,NA,NA,NA,NA,Urban,MFS
Yes,268989,Education,NA,2588907,1373935,Postgraduate,Nursing,Technical,Yes,Rural,ELS
Yes,114122,Business,Tailoring,132172,51215,NA,NA,NA,NA,Urban,AMY
Yes,293922,Business,Food Business,3094882,2292522,NA,NA,NA,NA,Rural,TERM_LOAN
Yes,472404,Business,Transport,67831,20734,NA,NA,NA,NA,Urban,MFS
Yes,333859,Business,Small Manufacturing,71793,55729,NA,NA,NA,NA,Rural,AMY
Yes,377916,Business,Small Manufacturing,80711,51996,NA,NA,NA,NA,Rural,AMY
Yes,436287,Business,Poultry,2536885,90294,NA,NA,NA,NA,Rural,TERM_LOAN
Yes,567417,Business,Computer Centre,348801,137125,NA,NA,NA,NA,Rural,NO_ELIGIBLE_SCHEME
Yes,476790,Education,NA,324404,324404,Postgraduate,MBA,Technical,Yes,Rural,ELS
Yes,273540,Business,Food Business,73383,46690,NA,NA,NA,NA,Rural,MFS
Yes,257309,Business,Service Business,235196,106421,NA,NA,NA,NA,Urban,TERM_LOAN
Yes,434478,Business,Fisheries,58261,46238,NA,NA,NA,NA,Rural,AMY
Yes,106677,Business,Food Business,69121,54853,NA,NA,NA,NA,Rural,MFS
Yes,163683,Education,NA,3593593,1893817,12th,Pharmacy,Management,Yes,Rural,ELS
Yes,102145,Business,Poultry,92896,12711,NA,NA,NA,NA,Urban,AMY
Yes,496497,Business,Small Manufacturing,311350,182998,NA,NA,NA,NA,Urban,UNY
Yes,181142,Business,Fisheries,130853,96066,NA,NA,NA,NA,Urban,AMY
Yes,427509,Business,Small Manufacturing,551129,517319,NA,NA,NA,NA,Urban,TERM_LOAN
Yes,346523,Business,Transport,106161,72978,NA,NA,NA,NA,Urban,MFS
Yes,125109,Business,Small Manufacturing,69552,67426,NA,NA,NA,NA,Rural,MFS
Yes,408843,Business,Transport,99865,32950,NA,NA,NA,NA,Rural,AMY
Yes,55649,Business,Food Business,3422126,1998450,NA,NA,NA,NA,Urban,TERM_LOAN
Yes,149896,Education,NA,3325466,2384526,Graduate,Nursing,Technical,Yes,Rural,ELS
Yes,163393,Business,Grocery Shop,3114209,331994,NA,NA,NA,NA,Urban,TERM_LOAN
Yes,279394,Business,Grocery Shop,312714,223804,NA,NA,NA,NA,Urban,UNY
Yes,175680,Business,Food Business,142198,132976,NA,NA,NA,NA,Rural,UNY
Yes,82237,Education,NA,2361187,1899000,12th,Law,Technical,Yes,Rural,ELS
Yes,212922,Business,Small Manufacturing,123032,30758,NA,NA,NA,NA,Rural,MFS
Yes,114398,Education,NA,3991693,1363910,Postgraduate,Law,Management,No,Urban,NO_ELIGIBLE_SCHEME
Yes,213306,Business,Computer Centre,146607,118955,NA,NA,NA,NA,Urban,UNY
Yes,462362,Education,NA,773568,773568,Graduate,BTech,Management,Yes,Urban,ELS
Yes,102501,Business,Poultry,79082,30807,NA,NA,NA,NA,Rural,AMY
Yes,440374,Education,NA,2178091,2038404,12th,BTech,Medical,No,Rural,NO_ELIGIBLE_SCHEME
Yes,329380,Business,Food Business,918569,610341,NA,NA,NA,NA,Rural,TERM_LOAN
Yes,221472,Business,Repair Shop,73841,22830,NA,NA,NA,NA,Urban,AMY
Yes,118617,Business,Repair Shop,64814,35938,NA,NA,NA,NA,Urban,MFS
Yes,191164,Business,Transport,123340,75762,NA,NA,NA,NA,Urban,MFS
Yes,314375,Business,Grocery Shop,43051,18279,NA,NA,NA,NA,Urban,AMY
Yes,94520,Business,Grocery Shop,47195,27694,NA,NA,NA,NA,Rural,AMY
Yes,99040,Business,Repair Shop,98822,80459,NA,NA,NA,NA,Urban,AMY
Yes,314136,Education,NA,1908322,1377623,12th,Engineering,Management,Yes,Rural,ELS
Yes,344861,Business,Service Business,2468385,184680,NA,NA,NA,NA,Rural,TERM_LOAN
Yes,445147,Business,Repair Shop,5000000,5000000,NA,NA,NA,NA,Urban,NO_ELIGIBLE_SCHEME
Yes,411020,Business,Poultry,86072,36518,NA,NA,NA,NA,Urban,MFS
Yes,188129,Education,NA,2164166,907706,Graduate,BTech,Medical,Yes,Rural,ELS
Yes,153622,Business,Poultry,138432,37403,NA,NA,NA,NA,Urban,AMY
Yes,154652,Business,Tailoring,438589,96389,NA,NA,NA,NA,Rural,UNY
Yes,617603,Business,Service Business,333609,343636,NA,NA,NA,NA,Urban,NO_ELIGIBLE_SCHEME
Yes,211613,Business,Poultry,7388742,6171481,NA,NA,NA,NA,Urban,NO_ELIGIBLE_SCHEME
Yes,124626,Business,Poultry,193588,126170,NA,NA,NA,NA,Urban,UNY
Yes,235005,Education,NA,4419782,2274661,Postgraduate,BCA,Medical,Yes,Rural,ELS
Yes,246062,Business,Poultry,123325,95140,NA,NA,NA,NA,Urban,MFS
Yes,79515,Business,Service Business,1943995,1391348,NA,NA,NA,NA,Urban,TERM_LOAN
Yes,121228,Education,NA,3037816,77471,Postgraduate,Engineering,Technical,Yes,Rural,ELS
Yes,499025,Business,Small Manufacturing,277554,194846,NA,NA,NA,NA,Urban,UNY
Yes,214853,Education,NA,296888,296888,Graduate,BTech,Medical,Yes,Rural,ELS
Yes,323794,Business,Grocery Shop,67641,42187,NA,NA,NA,NA,Rural,AMY
Yes,215374,Business,Transport,390446,96789,NA,NA,NA,NA,Rural,UNY
Yes,74025,Business,Fisheries,122349,19116,NA,NA,NA,NA,Urban,MFS
Yes,485354,Business,Fisheries,31567,12020,NA,NA,NA,NA,Rural,MFS
Yes,463521,Business,Service Business,43294,41423,NA,NA,NA,NA,Rural,MFS
Yes,425689,Business,Tailoring,5000000,5000000,NA,NA,NA,NA,Rural,NO_ELIGIBLE_SCHEME
Yes,494383,Business,Small Manufacturing,100643,25891,NA,NA,NA,NA,Rural,AMY
Yes,95981,Business,Tailoring,73399,70318,NA,NA,NA,NA,Rural,MFS
Yes,378152,Education,NA,533286,3388589,12th,BTech,Management,No,Urban,NO_ELIGIBLE_SCHEME
Yes,372635,Business,Transport,68038,35175,NA,NA,NA,NA,Rural,MFS
Yes,303643,Business,Grocery Shop,7906155,6135439,NA,NA,NA,NA,Rural,NO_ELIGIBLE_SCHEME
Yes,592269,Business,Fisheries,418681,307411,NA,NA,NA,NA,Rural,NO_ELIGIBLE_SCHEME
Yes,242132,Business,Service Business,96085,72221,NA,NA,NA,NA,Rural,MFS
Yes,433550,Business,Service Business,91500,47757,NA,NA,NA,NA,Rural,AMY
Yes,201961,Business,Fisheries,224705,128044,NA,NA,NA,NA,Rural,UNY
Yes,120728,Education,NA,3371673,2744949,12th,Nursing,Management,No,Rural,NO_ELIGIBLE_SCHEME
Yes,262598,Education,NA,2838585,1765766,Graduate,Engineering,Technical,Yes,Rural,ELS
Yes,451517,Business,Poultry,129693,79822,NA,NA,NA,NA,Rural,MFS
Yes,226510,Business,Repair Shop,5000000,5000000,NA,NA,NA,NA,Urban,NO_ELIGIBLE_SCHEME
Yes,71573,Business,Computer Centre,489032,446788,NA,NA,NA,NA,Urban,UNY
Yes,142154,Business,Service Business,102308,24264,NA,NA,NA,NA,Rural,MFS
Yes,129912,Business,Grocery Shop,40154,29419,NA,NA,NA,NA,Rural,AMY
Yes,109842,Business,Transport,214114,169734,NA,NA,NA,NA,Rural,TERM_LOAN
Yes,390182,Business,Poultry,134844,65278,NA,NA,NA,NA,Rural,MFS
Yes,194466,Business,Food Business,329332,303236,NA,NA,NA,NA,Urban,UNY
Yes,372416,Business,Repair Shop,2146152,1470590,NA,NA,NA,NA,Urban,TERM_LOAN
Yes,327807,Education,NA,3414370,1683884,Postgraduate,Medical,Technical,No,Rural,NO_ELIGIBLE_SCHEME
Yes,124114,Education,NA,3136909,3136909,Graduate,MBA,Professional,Yes,Urban,ELS
Yes,361689,Business,Transport,223052,167790,NA,NA,NA,NA,Urban,UNY
Yes,540077,Business,Fisheries,362450,71337,NA,NA,NA,NA,Rural,NO_ELIGIBLE_SCHEME
Yes,294862,Education,NA,3162929,2761706,Postgraduate,BCA,Management,Yes,Urban,ELS
Yes,156009,Business,Repair Shop,1939819,77660,NA,NA,NA,NA,Rural,TERM_LOAN
Yes,487686,Business,Tailoring,125401,39188,NA,NA,NA,NA,Rural,MFS
Yes,423772,Business,Fisheries,292464,236959,NA,NA,NA,NA,Rural,UNY
Yes,113563,Business,Computer Centre,32599,23492,NA,NA,NA,NA,Rural,MFS
Yes,408863,Business,Food Business,89714,50683,NA,NA,NA,NA,Urban,MFS
Yes,474631,Business,Food Business,169166,98549,NA,NA,NA,NA,Urban,UNY
Yes,122400,Business,Poultry,7869746,6003325,NA,NA,NA,NA,Urban,NO_ELIGIBLE_SCHEME
Yes,287881,Business,Tailoring,86985,30730,NA,NA,NA,NA,Urban,MFS
No,147537,Business,Repair Shop,298935,92060,NA,NA,NA,NA,Rural,NO_ELIGIBLE_SCHEME
Yes,101352,Business,Transport,65867,10646,NA,NA,NA,NA,Rural,AMY
Yes,194512,Business,Service Business,5000000,5000000,NA,NA,NA,NA,Urban,NO_ELIGIBLE_SCHEME
Yes,369705,Education,NA,787845,787845,12th,Engineering,Technical,Yes,Urban,ELS
Yes,462567,Education,NA,3461077,2111710,Postgraduate,Pharmacy,Medical,Yes,Urban,ELS
Yes,355965,Business,Repair Shop,89606,82174,NA,NA,NA,NA,Urban,AMY
Yes,70070,Business,Small Manufacturing,66487,39791,NA,NA,NA,NA,Rural,AMY
Yes,130383,Education,NA,3848974,3111512,Graduate,Medical,Management,Yes,Urban,ELS
Yes,450034,Business,Poultry,176558,130439,NA,NA,NA,NA,Rural,UNY
Yes,161782,Business,Fisheries,485650,383028,NA,NA,NA,NA,Rural,UNY
Yes,479457,Business,Repair Shop,4610034,595516,NA,NA,NA,NA,Urban,TERM_LOAN
Yes,411252,Education,NA,1746223,1121334,Graduate,Pharmacy,Medical,Yes,Rural,ELS
Yes,125350,Business,Fisheries,295245,27589,NA,NA,NA,NA,Rural,UNY
Yes,346934,Business,Fisheries,476026,73709,NA,NA,NA,NA,Urban,UNY
Yes,370801,Business,Repair Shop,104012,57925,NA,NA,NA,NA,Urban,MFS
Yes,244516,Business,Small Manufacturing,80940,69459,NA,NA,NA,NA,Urban,MFS
Yes,50150,Business,Poultry,61359,52927,NA,NA,NA,NA,Rural,MFS
Yes,348520,Education,NA,4290263,2807111,Graduate,Nursing,Technical,Yes,Urban,ELS
No,258697,Business,Small Manufacturing,119704,318640,NA,NA,NA,NA,Urban,NO_ELIGIBLE_SCHEME
Yes,154164,Business,Computer Centre,131700,12191,NA,NA,NA,NA,Rural,AMY
Yes,67570,Education,NA,3867596,1125460,Graduate,Nursing,Medical,Yes,Urban,ELS
Yes,129534,Business,Poultry,4432754,3874507,NA,NA,NA,NA,Urban,TERM_LOAN
Yes,93120,Education,NA,1682026,1682026,12th,MCA,Professional,Yes,Urban,ELS
Yes,260463,Business,Fisheries,54191,27072,NA,NA,NA,NA,Rural,AMY
Yes,183731,Education,NA,4211115,1779811,Postgraduate,Nursing,Management,Yes,Rural,ELS
Yes,298960,Business,Fisheries,101531,65545,NA,NA,NA,NA,Urban,MFS
Yes,426814,Business,Food Business,71505,51077,NA,NA,NA,NA,Rural,MFS
Yes,511618,Business,Food Business,58731,264473,NA,NA,NA,NA,Rural,NO_ELIGIBLE_SCHEME
Yes,425216,Business,Poultry,48772,30734,NA,NA,NA,NA,Rural,MFS
Yes,407885,Business,Poultry,251517,231080,NA,NA,NA,NA,Rural,UNY
Yes,384662,Business,Small Manufacturing,154912,144896,NA,NA,NA,NA,Rural,TERM_LOAN
Yes,285821,Education,NA,2476715,2476715,Postgraduate,Medical,Management,Yes,Rural,ELS
Yes,150074,Business,Food Business,321520,246245,NA,NA,NA,NA,Rural,TERM_LOAN
Yes,266780,Business,Poultry,1591727,1466001,NA,NA,NA,NA,Urban,TERM_LOAN
Yes,163608,Business,Poultry,216100,80003,NA,NA,NA,NA,Rural,UNY
Yes,268275,Education,NA,1899394,1899394,12th,BTech,Management,Yes,Rural,ELS
Yes,444730,Business,Repair Shop,68874,37911,NA,NA,NA,NA,Rural,MFS
Yes,119555,Business,Computer Centre,261695,48379,NA,NA,NA,NA,Urban,UNY
Yes,382807,Education,NA,2988931,1472768,Graduate,Medical,Professional,Yes,Rural,ELS
Yes,483981,Business,Tailoring,87477,73020,NA,NA,NA,NA,Urban,AMY
Yes,275521,Education,NA,2737993,90052,12th,Nursing,Management,Yes,Urban,ELS
Yes,423253,Business,Repair Shop,5000000,5000000,NA,NA,NA,NA,Rural,NO_ELIGIBLE_SCHEME
Yes,94800,Education,NA,3180367,2024756,Graduate,MBA,Technical,Yes,Urban,ELS
Yes,496301,Business,Repair Shop,52159,33934,NA,NA,NA,NA,Rural,AMY
Yes,386159,Education,NA,4046419,914383,Postgraduate,Pharmacy,Medical,Yes,Urban,ELS
Yes,74285,Education,NA,582653,582653,Postgraduate,MCA,Medical,Yes,Rural,ELS
Yes,289480,Business,Tailoring,7518087,5965281,NA,NA,NA,NA,Rural,NO_ELIGIBLE_SCHEME
Yes,701787,Business,Computer Centre,168125,206122,NA,NA,NA,NA,Urban,NO_ELIGIBLE_SCHEME
Yes,335711,Business,Poultry,152160,49417,NA,NA,NA,NA,Urban,UNY
Yes,153876,Business,Fisheries,2944932,1965427,NA,NA,NA,NA,Rural,TERM_LOAN
Yes,128536,Business,Fisheries,2852626,292253,NA,NA,NA,NA,Rural,TERM_LOAN
Yes,450130,Education,NA,1858706,1858706,Graduate,Pharmacy,Management,Yes,Rural,ELS
Yes,491217,Education,NA,4042335,3806845,Postgraduate,Law,Technical,Yes,Urban,ELS
Yes,53554,Business,Service Business,5000000,5000000,NA,NA,NA,NA,Urban,NO_ELIGIBLE_SCHEME
Yes,284875,Business,Tailoring,60778,55198,NA,NA,NA,NA,Rural,AMY
Yes,400210,Business,Service Business,251459,95546,NA,NA,NA,NA,Rural,UNY
Yes,74693,Business,Service Business,5000000,5000000,NA,NA,NA,NA,Urban,NO_ELIGIBLE_SCHEME
Yes,442187,Education,NA,3877359,716503,Postgraduate,BCA,Technical,Yes,Rural,ELS
Yes,181492,Business,Poultry,50016,32370,NA,NA,NA,NA,Urban,AMY
Yes,171578,Business,Repair Shop,69334,65095,NA,NA,NA,NA,Urban,AMY
Yes,175824,Business,Transport,2859672,2770166,NA,NA,NA,NA,Rural,TERM_LOAN
Yes,116326,Business,Transport,4063348,2587372,NA,NA,NA,NA,Urban,TERM_LOAN
Yes,253092,Business,Repair Shop,422927,217251,NA,NA,NA,NA,Rural,UNY
Yes,88997,Business,Poultry,5000000,5000000,NA,NA,NA,NA,Rural,NO_ELIGIBLE_SCHEME
Yes,214829,Business,Fisheries,248602,135427,NA,NA,NA,NA,Urban,UNY
Yes,162419,Education,NA,516222,516222,Graduate,Nursing,Management,Yes,Rural,ELS
Yes,85849,Business,Small Manufacturing,3910180,1612689,NA,NA,NA,NA,Urban,TERM_LOAN
Yes,411071,Business,Service Business,6684140,5056745,NA,NA,NA,NA,Rural,NO_ELIGIBLE_SCHEME
Yes,265276,Business,Grocery Shop,58384,50220,NA,NA,NA,NA,Rural,AMY
Yes,363985,Business,Computer Centre,49119,12250,NA,NA,NA,NA,Urban,AMY
Yes,276785,Education,NA,2559589,1302113,Graduate,Pharmacy,Medical,Yes,Urban,ELS
Yes,116877,Business,Poultry,295504,138496,NA,NA,NA,NA,Rural,UNY
Yes,217563,Education,NA,3126009,356042,Graduate,Pharmacy,Professional,Yes,Rural,ELS
Yes,133151,Business,Tailoring,276872,274800,NA,NA,NA,NA,Rural,UNY
Yes,378616,Business,Fisheries,72294,46834,NA,NA,NA,NA,Rural,AMY
Yes,259956,Business,Small Manufacturing,919702,488867,NA,NA,NA,NA,Rural,TERM_LOAN
Yes,282673,Business,Small Manufacturing,5000000,5000000,NA,NA,NA,NA,Urban,NO_ELIGIBLE_SCHEME
Yes,792409,Business,Poultry,105434,86634,NA,NA,NA,NA,Urban,NO_ELIGIBLE_SCHEME
Yes,299259,Education,NA,996781,173233,Graduate,MCA,Technical,Yes,Rural,ELS
Yes,153338,Education,NA,3821893,2901576,Graduate,BCA,Management,No,Rural,NO_ELIGIBLE_SCHEME
Yes,358762,Education,NA,1700641,1700641,Postgraduate,Pharmacy,Professional,Yes,Urban,ELS
Yes,415933,Education,NA,3285402,3285402,Postgraduate,Law,Management,Yes,Urban,ELS
Yes,369507,Business,Food Business,2643170,1299688,NA,NA,NA,NA,Urban,TERM_LOAN
Yes,252477,Education,NA,2568788,1754071,12th,Law,Medical,Yes,Rural,ELS
Yes,268354,Education,NA,1713947,1119454,Graduate,MBA,Professional,Yes,Urban,ELS
Yes,222216,Business,Poultry,114343,113764,NA,NA,NA,NA,Rural,MFS
Yes,492146,Business,Computer Centre,102800,60409,NA,NA,NA,NA,Urban,MFS
Yes,473523,Business,Grocery Shop,534977,525710,NA,NA,NA,NA,Rural,TERM_LOAN
Yes,466844,Education,NA,3903221,3903221,Graduate,Pharmacy,Medical,Yes,Rural,ELS
Yes,327365,Education,NA,731615,731615,12th,MBA,Management,Yes,Urban,ELS
Yes,574878,Business,Repair Shop,429616,109495,NA,NA,NA,NA,Rural,NO_ELIGIBLE_SCHEME
Yes,184201,Business,Fisheries,43474,19597,NA,NA,NA,NA,Rural,MFS
Yes,409358,Education,NA,1350174,1350174,Postgraduate,BCA,Technical,Yes,Urban,ELS
Yes,755511,Business,Repair Shop,455728,286840,NA,NA,NA,NA,Urban,NO_ELIGIBLE_SCHEME
Yes,469384,Business,Repair Shop,138774,93055,NA,NA,NA,NA,Urban,MFS
Yes,253256,Education,NA,4309470,1952044,12th,MBA,Management,Yes,Urban,ELS
Yes,177156,Business,Repair Shop,355458,267243,NA,NA,NA,NA,Urban,UNY
Yes,343855,Business,Repair Shop,96338,94188,NA,NA,NA,NA,Rural,AMY
Yes,237382,Business,Service Business,4074497,2206283,NA,NA,NA,NA,Urban,TERM_LOAN
Yes,355999,Business,Service Business,81488,23486,NA,NA,NA,NA,Urban,AMY
Yes,490683,Business,Repair Shop,295455,63218,NA,NA,NA,NA,Urban,UNY
Yes,157759,Business,Grocery Shop,1944660,1178345,NA,NA,NA,NA,Rural,TERM_LOAN
Yes,227140,Business,Poultry,70823,58530,NA,NA,NA,NA,Rural,AMY
Yes,485351,Education,NA,3142740,72813,12th,MBA,Medical,Yes,Rural,ELS
Yes,53788,Business,Service Business,64875,59269,NA,NA,NA,NA,Rural,AMY
Yes,433454,Business,Service Business,4902100,2332612,NA,NA,NA,NA,Rural,TERM_LOAN
Yes,313299,Business,Small Manufacturing,149711,64941,NA,NA,NA,NA,Urban,UNY
Yes,105506,Business,Service Business,276551,133506,NA,NA,NA,NA,Rural,UNY
Yes,449954,Business,Fisheries,55374,17124,NA,NA,NA,NA,Rural,AMY
Yes,386810,Education,NA,4495949,775522,Graduate,MCA,Medical,Yes,Rural,ELS
Yes,116695,Business,Tailoring,56504,32012,NA,NA,NA,NA,Rural,MFS
Yes,386980,Business,Tailoring,224933,133644,NA,NA,NA,NA,Rural,UNY
Yes,590862,Business,Computer Centre,291431,214323,NA,NA,NA,NA,Rural,NO_ELIGIBLE_SCHEME
Yes,416559,Education,NA,215269,82726,12th,Pharmacy,Medical,Yes,Rural,ELS
Yes,417315,Business,Repair Shop,359538,201426,NA,NA,NA,NA,Rural,UNY
Yes,325426,Education,NA,1023599,1023599,Postgraduate,Engineering,Medical,Yes,Urban,ELS
Yes,276011,Business,Food Business,2596496,821706,NA,NA,NA,NA,Rural,TERM_LOAN
Yes,307994,Business,Service Business,917872,277552,NA,NA,NA,NA,Rural,TERM_LOAN
Yes,136290,Business,Service Business,7002131,5112695,NA,NA,NA,NA,Urban,NO_ELIGIBLE_SCHEME
Yes,104149,Business,Service Business,488708,399796,NA,NA,NA,NA,Rural,UNY
Yes,298504,Business,Poultry,4310001,1796669,NA,NA,NA,NA,Urban,TERM_LOAN
Yes,765014,Business,Fisheries,429818,122717,NA,NA,NA,NA,Urban,NO_ELIGIBLE_SCHEME
Yes,112222,Business,Service Business,7488605,5183013,NA,NA,NA,NA,Urban,NO_ELIGIBLE_SCHEME
Yes,230239,Business,Poultry,3154113,179358,NA,NA,NA,NA,Rural,TERM_LOAN
Yes,378629,Business,Food Business,54241,34275,NA,NA,NA,NA,Rural,MFS
Yes,199861,Business,Grocery Shop,219120,180327,NA,NA,NA,NA,Rural,UNY
Yes,239281,Business,Poultry,6894513,5171710,NA,NA,NA,NA,Rural,NO_ELIGIBLE_SCHEME
Yes,498377,Business,Grocery Shop,4171166,464741,NA,NA,NA,NA,Urban,TERM_LOAN
Yes,352855,Business,Computer Centre,63263,30096,NA,NA,NA,NA,Urban,MFS
Yes,274144,Education,NA,2595446,920579,Graduate,MCA,Medical,Yes,Rural,ELS
Yes,399973,Business,Repair Shop,101825,30317,NA,NA,NA,NA,Rural,AMY
Yes,231065,Education,NA,730762,730762,12th,Medical,Technical,Yes,Rural,ELS
Yes,439835,Business,Poultry,5000000,5000000,NA,NA,NA,NA,Urban,NO_ELIGIBLE_SCHEME
Yes,328990,Business,Grocery Shop,61295,14315,NA,NA,NA,NA,Urban,AMY
Yes,213251,Business,Service Business,52449,14668,NA,NA,NA,NA,Urban,MFS
Yes,170596,Business,Poultry,147814,49263,NA,NA,NA,NA,Rural,UNY
No,342318,Business,Transport,366147,179121,NA,NA,NA,NA,Urban,NO_ELIGIBLE_SCHEME
Yes,247276,Business,Repair Shop,129474,96154,NA,NA,NA,NA,Rural,MFS
Yes,53475,Business,Food Business,4685804,4299319,NA,NA,NA,NA,Rural,TERM_LOAN
Yes,250578,Business,Transport,109219,64055,NA,NA,NA,NA,Urban,AMY
Yes,132488,Business,Food Business,7156148,5981004,NA,NA,NA,NA,Urban,NO_ELIGIBLE_SCHEME
Yes,653825,Business,Service Business,388439,378386,NA,NA,NA,NA,Urban,NO_ELIGIBLE_SCHEME
Yes,382729,Business,Tailoring,31877,14684,NA,NA,NA,NA,Rural,AMY
Yes,76250,Business,Grocery Shop,2180501,1817200,NA,NA,NA,NA,Urban,TERM_LOAN
Yes,367914,Business,Service Business,91726,56439,NA,NA,NA,NA,Rural,MFS
Yes,230743,Business,Transport,229784,78115,NA,NA,NA,NA,Rural,UNY
Yes,465479,Business,Poultry,53641,36773,NA,NA,NA,NA,Rural,MFS
Yes,625703,Business,Computer Centre,240443,294975,NA,NA,NA,NA,Urban,NO_ELIGIBLE_SCHEME
No,280614,Business,Tailoring,120923,371646,NA,NA,NA,NA,Urban,NO_ELIGIBLE_SCHEME
Yes,146432,Business,Repair Shop,82525,12933,NA,NA,NA,NA,Rural,AMY
Yes,237110,Business,Transport,53426,29217,NA,NA,NA,NA,Rural,AMY
Yes,239893,Business,Small Manufacturing,6723705,6519499,NA,NA,NA,NA,Urban,NO_ELIGIBLE_SCHEME
Yes,101978,Business,Transport,244884,212542,NA,NA,NA,NA,Urban,UNY
Yes,304642,Education,NA,1244965,1244965,12th,MCA,Professional,Yes,Urban,ELS
Yes,145952,Business,Fisheries,308989,254058,NA,NA,NA,NA,Urban,UNY
Yes,415155,Business,Service Business,445015,232527,NA,NA,NA,NA,Urban,UNY
Yes,317583,Business,Food Business,41919,39454,NA,NA,NA,NA,Rural,MFS
Yes,449033,Education,NA,1730738,1730738,12th,BTech,Technical,Yes,Urban,ELS
Yes,515548,Business,Tailoring,293377,358549,NA,NA,NA,NA,Urban,NO_ELIGIBLE_SCHEME
Yes,247816,Business,Food Business,74279,61206,NA,NA,NA,NA,Rural,MFS
Yes,90862,Business,Poultry,57973,41248,NA,NA,NA,NA,Rural,MFS
Yes,425776,Business,Food Business,447461,350038,NA,NA,NA,NA,Rural,UNY
Yes,118150,Business,Poultry,356186,144643,NA,NA,NA,NA,Urban,UNY
Yes,115230,Business,Tailoring,5000000,5000000,NA,NA,NA,NA,Rural,NO_ELIGIBLE_SCHEME
Yes,340948,Business,Repair Shop,80747,13862,NA,NA,NA,NA,Rural,MFS
Yes,266928,Business,Small Manufacturing,73150,44540,NA,NA,NA,NA,Rural,MFS
Yes,325776,Business,Fisheries,87944,57315,NA,NA,NA,NA,Rural,AMY
Yes,396445,Education,NA,1547269,1320693,Postgraduate,MCA,Management,Yes,Rural,ELS
Yes,198904,Business,Fisheries,52324,13939,NA,NA,NA,NA,Urban,MFS
Yes,71738,Business,Repair Shop,433293,322701,NA,NA,NA,NA,Urban,UNY
Yes,230420,Education,NA,181235,181235,12th,Engineering,Technical,Yes,Rural,ELS
Yes,196992,Business,Service Business,314129,297936,NA,NA,NA,NA,Rural,UNY
Yes,602807,Business,Poultry,319994,252246,NA,NA,NA,NA,Urban,NO_ELIGIBLE_SCHEME
Yes,135081,Business,Grocery Shop,84879,53072,NA,NA,NA,NA,Urban,AMY
Yes,253355,Business,Fisheries,5000000,5000000,NA,NA,NA,NA,Urban,NO_ELIGIBLE_SCHEME
Yes,390937,Business,Tailoring,364877,191662,NA,NA,NA,NA,Rural,UNY
Yes,117833,Business,Tailoring,802956,747435,NA,NA,NA,NA,Urban,TERM_LOAN
Yes,198491,Business,Transport,70088,39727,NA,NA,NA,NA,Urban,AMY
Yes,242803,Business,Repair Shop,430169,60202,NA,NA,NA,NA,Rural,UNY
Yes,279490,Business,Transport,249449,215106,NA,NA,NA,NA,Rural,UNY
Yes,163852,Education,NA,2172515,2172515,Postgraduate,Engineering,Management,Yes,Rural,ELS
Yes,199981,Business,Poultry,842866,137164,NA,NA,NA,NA,Urban,TERM_LOAN
Yes,407709,Education,NA,4340936,715925,Postgraduate,MCA,Medical,Yes,Urban,ELS
Yes,497068,Business,Service Business,3151536,2100447,NA,NA,NA,NA,Urban,TERM_LOAN
Yes,212708,Business,Transport,1898059,742306,NA,NA,NA,NA,Urban,TERM_LOAN
Yes,260294,Business,Computer Centre,2444949,749902,NA,NA,NA,NA,Rural,TERM_LOAN
Yes,472701,Education,NA,4495401,1939116,Graduate,Law,Management,Yes,Urban,ELS
Yes,165812,Business,Service Business,136011,90134,NA,NA,NA,NA,Rural,MFS
Yes,725067,Business,Repair Shop,248633,373875,NA,NA,NA,NA,Rural,NO_ELIGIBLE_SCHEME
Yes,265409,Business,Transport,52521,31415,NA,NA,NA,NA,Rural,AMY
Yes,141114,Education,NA,1146858,1146858,Graduate,Law,Technical,Yes,Urban,ELS
Yes,316413,Education,NA,3005637,627413,12th,Law,Medical,Yes,Rural,ELS
Yes,204981,Business,Repair Shop,115904,75191,NA,NA,NA,NA,Urban,MFS
Yes,108114,Business,Poultry,79277,34217,NA,NA,NA,NA,Urban,MFS
Yes,278814,Business,Grocery Shop,122531,71228,NA,NA,NA,NA,Urban,MFS
Yes,309245,Business,Fisheries,212805,204702,NA,NA,NA,NA,Urban,UNY
Yes,315870,Business,Small Manufacturing,37512,17778,NA,NA,NA,NA,Rural,AMY
Yes,143943,Education,NA,2520795,2520795,Postgraduate,Law,Management,Yes,Rural,ELS
Yes,81082,Business,Repair Shop,47771,36974,NA,NA,NA,NA,Rural,MFS
Yes,228969,Business,Fisheries,84179,24018,NA,NA,NA,NA,Urban,AMY
Yes,248866,Business,Food Business,3853088,2554429,NA,NA,NA,NA,Rural,TERM_LOAN
Yes,488985,Business,Transport,3517201,2554821,NA,NA,NA,NA,Urban,TERM_LOAN
Yes,238227,Business,Small Manufacturing,240012,136112,NA,NA,NA,NA,Urban,UNY
Yes,51130,Business,Transport,51579,34836,NA,NA,NA,NA,Urban,MFS
Yes,410844,Business,Computer Centre,6093873,5134270,NA,NA,NA,NA,Rural,NO_ELIGIBLE_SCHEME
Yes,116865,Business,Poultry,41855,20585,NA,NA,NA,NA,Urban,AMY
Yes,286871,Education,NA,2313870,2562784,12th,Medical,Management,No,Rural,NO_ELIGIBLE_SCHEME
Yes,349755,Business,Tailoring,6807121,5261526,NA,NA,NA,NA,Rural,NO_ELIGIBLE_SCHEME
Yes,241624,Business,Small Manufacturing,1360827,1126602,NA,NA,NA,NA,Urban,TERM_LOAN
Yes,393121,Business,Service Business,2513354,2475741,NA,NA,NA,NA,Rural,TERM_LOAN
Yes,93960,Business,Computer Centre,1789552,573152,NA,NA,NA,NA,Urban,TERM_LOAN
Yes,255077,Business,Food Business,115766,86569,NA,NA,NA,NA,Rural,MFS
Yes,388160,Business,Tailoring,72914,42394,NA,NA,NA,NA,Rural,MFS
Yes,159890,Education,NA,3171130,2432180,Graduate,Law,Medical,Yes,Urban,ELS
Yes,381708,Business,Service Business,115019,55542,NA,NA,NA,NA,Urban,AMY
Yes,432485,Business,Food Business,945441,316847,NA,NA,NA,NA,Urban,TERM_LOAN
Yes,57986,Business,Tailoring,189938,43282,NA,NA,NA,NA,Rural,UNY
No,464887,Business,Service Business,121154,366955,NA,NA,NA,NA,Rural,NO_ELIGIBLE_SCHEME
Yes,272993,Business,Computer Centre,5000000,5000000,NA,NA,NA,NA,Rural,NO_ELIGIBLE_SCHEME
Yes,257592,Education,NA,268916,268916,12th,Law,Management,Yes,Rural,ELS
Yes,188516,Business,Computer Centre,44860,16236,NA,NA,NA,NA,Urban,AMY
Yes,542289,Business,Grocery Shop,88938,351531,NA,NA,NA,NA,Rural,NO_ELIGIBLE_SCHEME
Yes,142346,Business,Grocery Shop,218451,98936,NA,NA,NA,NA,Rural,UNY
Yes,158621,Business,Poultry,2180863,356811,NA,NA,NA,NA,Urban,TERM_LOAN
Yes,415555,Education,NA,1596814,1596814,Postgraduate,Pharmacy,Medical,Yes,Rural,ELS
Yes,499499,Education,NA,3627076,3204220,Graduate,BTech,Management,Yes,Urban,ELS
Yes,171503,Business,Grocery Shop,58681,41958,NA,NA,NA,NA,Urban,MFS
Yes,210254,Business,Transport,113313,21395,NA,NA,NA,NA,Urban,AMY
Yes,373523,Education,NA,3998804,181486,Postgraduate,BTech,Medical,Yes,Rural,ELS
Yes,435830,Business,Repair Shop,117876,68077,NA,NA,NA,NA,Rural,MFS
Yes,375085,Education,NA,2694858,3988567,Postgraduate,Engineering,Medical,No,Urban,NO_ELIGIBLE_SCHEME
Yes,480153,Business,Poultry,134151,86368,NA,NA,NA,NA,Urban,MFS
Yes,228240,Business,Grocery Shop,95951,48568,NA,NA,NA,NA,Urban,MFS
Yes,314084,Business,Service Business,43119,15813,NA,NA,NA,NA,Rural,AMY
Yes,217488,Business,Computer Centre,48045,42806,NA,NA,NA,NA,Urban,AMY
Yes,466429,Business,Tailoring,2396488,1581692,NA,NA,NA,NA,Urban,TERM_LOAN
Yes,494162,Business,Grocery Shop,100345,11071,NA,NA,NA,NA,Urban,MFS
Yes,370542,Business,Repair Shop,58974,14176,NA,NA,NA,NA,Urban,AMY
Yes,224218,Business,Tailoring,183505,137225,NA,NA,NA,NA,Rural,UNY
Yes,267786,Education,NA,2178310,1421923,Graduate,Engineering,Professional,No,Urban,NO_ELIGIBLE_SCHEME
Yes,182147,Business,Poultry,132729,46418,NA,NA,NA,NA,Urban,MFS
Yes,52191,Business,Tailoring,50280,22427,NA,NA,NA,NA,Urban,AMY
Yes,54052,Business,Food Business,73007,17863,NA,NA,NA,NA,Urban,MFS
Yes,215321,Business,Food Business,4624359,2885656,NA,NA,NA,NA,Urban,TERM_LOAN
Yes,398390,Business,Service Business,134832,91889,NA,NA,NA,NA,Urban,MFS
Yes,299624,Education,NA,4219700,1826368,Postgraduate,Medical,Medical,Yes,Urban,ELS
Yes,472738,Business,Transport,5000000,5000000,NA,NA,NA,NA,Rural,NO_ELIGIBLE_SCHEME
Yes,356750,Business,Tailoring,203723,127420,NA,NA,NA,NA,Urban,UNY
Yes,733714,Business,Grocery Shop,59552,121327,NA,NA,NA,NA,Rural,NO_ELIGIBLE_SCHEME
Yes,374557,Business,Transport,927990,844182,NA,NA,NA,NA,Rural,TERM_LOAN
Yes,216481,Business,Tailoring,47598,28227,NA,NA,NA,NA,Urban,AMY
Yes,127493,Business,Small Manufacturing,334200,190477,NA,NA,NA,NA,Urban,UNY
Yes,228050,Education,NA,2068037,254332,Graduate,Law,Professional,Yes,Rural,ELS
Yes,716275,Business,Food Business,449170,121127,NA,NA,NA,NA,Rural,NO_ELIGIBLE_SCHEME
Yes,408697,Business,Poultry,135714,90482,NA,NA,NA,NA,Rural,MFS
Yes,178605,Business,Service Business,179350,79837,NA,NA,NA,NA,Urban,UNY
Yes,94579,Education,NA,653285,653285,Graduate,MBA,Technical,Yes,Rural,ELS
Yes,473661,Business,Transport,467410,325267,NA,NA,NA,NA,Urban,UNY
Yes,67348,Business,Computer Centre,53699,44562,NA,NA,NA,NA,Rural,MFS
Yes,393945,Education,NA,2326449,3878311,Postgraduate,BCA,Medical,No,Urban,NO_ELIGIBLE_SCHEME
Yes,451765,Business,Service Business,116760,54140,NA,NA,NA,NA,Rural,MFS
Yes,299484,Business,Service Business,5000000,5000000,NA,NA,NA,NA,Urban,NO_ELIGIBLE_SCHEME
Yes,443124,Business,Grocery Shop,91845,27600,NA,NA,NA,NA,Urban,AMY
Yes,396307,Education,NA,147750,147750,Graduate,BTech,Technical,Yes,Rural,ELS
Yes,283044,Business,Small Manufacturing,2195235,1695900,NA,NA,NA,NA,Urban,TERM_LOAN
Yes,166020,Business,Poultry,181560,153865,NA,NA,NA,NA,Urban,TERM_LOAN
Yes,446412,Education,NA,281731,281731,Postgraduate,BTech,Management,Yes,Urban,ELS
Yes,385103,Business,Fisheries,401235,360659,NA,NA,NA,NA,Urban,UNY
Yes,352580,Business,Grocery Shop,1580580,797279,NA,NA,NA,NA,Rural,TERM_LOAN
Yes,481677,Business,Fisheries,99721,59712,NA,NA,NA,NA,Rural,MFS
Yes,127143,Business,Poultry,1398820,94464,NA,NA,NA,NA,Rural,TERM_LOAN
Yes,253235,Business,Poultry,5000000,5000000,NA,NA,NA,NA,Rural,NO_ELIGIBLE_SCHEME
Yes,349518,Business,Food Business,854605,646377,NA,NA,NA,NA,Urban,TERM_LOAN
Yes,655280,Business,Service Business,460657,190388,NA,NA,NA,NA,Rural,NO_ELIGIBLE_SCHEME
Yes,423110,Business,Repair Shop,37850,14665,NA,NA,NA,NA,Rural,MFS
Yes,436388,Business,Small Manufacturing,351637,324515,NA,NA,NA,NA,Rural,UNY
Yes,122180,Business,Tailoring,54369,25935,NA,NA,NA,NA,Rural,AMY
Yes,309942,Business,Transport,127674,116038,NA,NA,NA,NA,Urban,AMY
Yes,176337,Business,Poultry,225464,129684,NA,NA,NA,NA,Rural,UNY
Yes,160211,Education,NA,2652091,1305710,Graduate,MCA,Management,No,Urban,NO_ELIGIBLE_SCHEME
Yes,444597,Business,Tailoring,186911,74678,NA,NA,NA,NA,Urban,UNY
Yes,111907,Business,Food Business,248657,66262,NA,NA,NA,NA,Urban,UNY
Yes,472843,Business,Small Manufacturing,30221,27036,NA,NA,NA,NA,Rural,MFS
Yes,61810,Business,Food Business,2364143,680394,NA,NA,NA,NA,Urban,TERM_LOAN
Yes,65532,Business,Repair Shop,131391,52778,NA,NA,NA,NA,Urban,MFS
Yes,374076,Education,NA,2711221,1645144,Graduate,BCA,Medical,No,Urban,NO_ELIGIBLE_SCHEME
Yes,122335,Business,Food Business,491779,417142,NA,NA,NA,NA,Urban,UNY
Yes,117968,Business,Fisheries,2235573,206678,NA,NA,NA,NA,Urban,TERM_LOAN
Yes,483294,Business,Poultry,66780,66276,NA,NA,NA,NA,Rural,MFS
Yes,248778,Education,NA,2038630,540613,12th,Nursing,Professional,Yes,Urban,ELS
Yes,237907,Business,Repair Shop,58574,18697,NA,NA,NA,NA,Rural,MFS
Yes,59838,Business,Food Business,131874,68442,NA,NA,NA,NA,Rural,MFS
Yes,466593,Education,NA,4213506,2069637,Graduate,Law,Medical,Yes,Rural,ELS
Yes,435598,Business,Food Business,7867722,6482129,NA,NA,NA,NA,Urban,NO_ELIGIBLE_SCHEME
Yes,480974,Business,Transport,2242026,1054748,NA,NA,NA,NA,Rural,TERM_LOAN
Yes,290530,Business,Fisheries,81011,37887,NA,NA,NA,NA,Rural,AMY
Yes,411653,Education,NA,2516192,2516192,12th,Medical,Technical,Yes,Rural,ELS
Yes,239333,Business,Repair Shop,93469,20082,NA,NA,NA,NA,Rural,MFS
Yes,498739,Business,Transport,145614,82349,NA,NA,NA,NA,Rural,UNY
Yes,89454,Business,Food Business,350496,128855,NA,NA,NA,NA,Urban,UNY
Yes,496527,Business,Fisheries,83788,80975,NA,NA,NA,NA,Urban,AMY
Yes,433590,Business,Food Business,120327,24721,NA,NA,NA,NA,Rural,MFS
Yes,170983,Education,NA,1125259,1125259,Postgraduate,MBA,Management,Yes,Rural,ELS
Yes,272907,Business,Transport,5000000,5000000,NA,NA,NA,NA,Rural,NO_ELIGIBLE_SCHEME
Yes,264675,Business,Repair Shop,41593,10216,NA,NA,NA,NA,Urban,MFS
Yes,449494,Business,Tailoring,89409,13584,NA,NA,NA,NA,Rural,MFS
Yes,392224,Business,Poultry,463650,336290,NA,NA,NA,NA,Urban,UNY
Yes,267607,Business,Fisheries,110350,32954,NA,NA,NA,NA,Rural,AMY
Yes,159190,Business,Service Business,246481,104971,NA,NA,NA,NA,Rural,UNY
Yes,127361,Education,NA,1443664,1443664,Postgraduate,Law,Medical,Yes,Rural,ELS
Yes,446016,Education,NA,1485563,1485467,Graduate,Engineering,Professional,Yes,Rural,ELS
Yes,73887,Business,Poultry,3018599,1353869,NA,NA,NA,NA,Urban,TERM_LOAN
Yes,474262,Education,NA,3329908,1424439,Graduate,Engineering,Professional,Yes,Rural,ELS
Yes,187790,Business,Computer Centre,34224,24736,NA,NA,NA,NA,Rural,MFS
Yes,428567,Business,Food Business,51712,23489,NA,NA,NA,NA,Urban,AMY
Yes,359792,Business,Transport,5000000,5000000,NA,NA,NA,NA,Rural,NO_ELIGIBLE_SCHEME
Yes,176996,Business,Poultry,82390,45101,NA,NA,NA,NA,Rural,AMY
Yes,534517,Business,Service Business,359713,319229,NA,NA,NA,NA,Rural,NO_ELIGIBLE_SCHEME
Yes,384427,Business,Food Business,121411,26551,NA,NA,NA,NA,Rural,MFS
Yes,143678,Business,Food Business,243090,145525,NA,NA,NA,NA,Urban,UNY
Yes,70275,Business,Food Business,33581,22450,NA,NA,NA,NA,Rural,AMY
No,435540,Business,Small Manufacturing,182082,126416,NA,NA,NA,NA,Urban,NO_ELIGIBLE_SCHEME
Yes,274679,Business,Food Business,49666,45413,NA,NA,NA,NA,Rural,AMY
Yes,435518,Business,Tailoring,58591,22822,NA,NA,NA,NA,Urban,AMY
Yes,116232,Business,Fisheries,4751291,3009766,NA,NA,NA,NA,Rural,TERM_LOAN
Yes,295124,Business,Service Business,350142,185404,NA,NA,NA,NA,Urban,UNY
Yes,173134,Business,Fisheries,95404,36170,NA,NA,NA,NA,Urban,MFS
Yes,482707,Education,NA,2494246,2204470,Graduate,MBA,Medical,Yes,Urban,ELS
Yes,261916,Business,Small Manufacturing,3637998,549415,NA,NA,NA,NA,Rural,TERM_LOAN
Yes,102954,Business,Small Manufacturing,127183,76005,NA,NA,NA,NA,Rural,AMY
Yes,483591,Business,Tailoring,89193,69886,NA,NA,NA,NA,Rural,MFS
Yes,368846,Business,Fisheries,72777,13606,NA,NA,NA,NA,Rural,MFS
Yes,118748,Business,Grocery Shop,178141,86976,NA,NA,NA,NA,Urban,UNY
Yes,463056,Education,NA,2847691,2847691,Postgraduate,BCA,Technical,Yes,Urban,ELS
Yes,145253,Education,NA,276709,1107205,12th,BTech,Technical,No,Urban,NO_ELIGIBLE_SCHEME
Yes,355607,Business,Poultry,377560,158821,NA,NA,NA,NA,Urban,UNY
Yes,542093,Business,Tailoring,91039,107897,NA,NA,NA,NA,Rural,NO_ELIGIBLE_SCHEME
Yes,415067,Education,NA,2906187,2203772,Postgraduate,Engineering,Technical,No,Urban,NO_ELIGIBLE_SCHEME
Yes,263927,Education,NA,2923451,1832675,12th,Engineering,Medical,Yes,Rural,ELS
Yes,313768,Business,Poultry,386417,118126,NA,NA,NA,NA,Urban,UNY
Yes,346400,Business,Grocery Shop,217035,111600,NA,NA,NA,NA,Urban,UNY
Yes,297054,Business,Service Business,115699,12498,NA,NA,NA,NA,Rural,MFS
Yes,499798,Business,Service Business,51207,40099,NA,NA,NA,NA,Rural,MFS
Yes,497784,Business,Tailoring,221142,123665,NA,NA,NA,NA,Urban,UNY
Yes,328057,Business,Service Business,211244,103305,NA,NA,NA,NA,Urban,UNY
Yes,444392,Business,Food Business,5000000,5000000,NA,NA,NA,NA,Rural,NO_ELIGIBLE_SCHEME
Yes,615957,Business,Computer Centre,77595,238654,NA,NA,NA,NA,Urban,NO_ELIGIBLE_SCHEME
Yes,350990,Business,Service Business,172993,139785,NA,NA,NA,NA,Urban,UNY
Yes,414921,Business,Fisheries,44668,11041,NA,NA,NA,NA,Rural,MFS
Yes,327320,Business,Grocery Shop,104890,92441,NA,NA,NA,NA,Urban,MFS
Yes,342953,Education,NA,1879457,1158989,Postgraduate,Medical,Technical,Yes,Rural,ELS
Yes,204364,Business,Repair Shop,246094,100994,NA,NA,NA,NA,Urban,UNY
Yes,242248,Business,Transport,5000000,5000000,NA,NA,NA,NA,Rural,NO_ELIGIBLE_SCHEME
Yes,469946,Education,NA,2762779,2762779,Graduate,MCA,Technical,Yes,Urban,ELS
Yes,429992,Business,Transport,452514,87757,NA,NA,NA,NA,Rural,UNY
Yes,124131,Business,Transport,3533174,2296247,NA,NA,NA,NA,Rural,TERM_LOAN
Yes,289979,Business,Computer Centre,1189778,369744,NA,NA,NA,NA,Urban,TERM_LOAN
Yes,418330,Education,NA,4325626,3868599,Graduate,Nursing,Professional,Yes,Urban,ELS
Yes,363897,Business,Tailoring,3980348,1313234,NA,NA,NA,NA,Urban,TERM_LOAN
Yes,307133,Business,Computer Centre,48331,47818,NA,NA,NA,NA,Urban,AMY
Yes,206267,Business,Computer Centre,113105,28884,NA,NA,NA,NA,Rural,MFS
Yes,240484,Education,NA,3506129,532267,12th,BTech,Medical,Yes,Rural,ELS
Yes,406378,Business,Poultry,247139,104870,NA,NA,NA,NA,Urban,UNY
Yes,404384,Education,NA,4140550,1548401,Postgraduate,Medical,Professional,Yes,Urban,ELS
Yes,203605,Business,Poultry,4526859,3711449,NA,NA,NA,NA,Urban,TERM_LOAN
Yes,159104,Business,Transport,46387,33130,NA,NA,NA,NA,Urban,AMY
Yes,281758,Business,Transport,93656,89570,NA,NA,NA,NA,Urban,MFS
Yes,468050,Business,Small Manufacturing,3635028,2843377,NA,NA,NA,NA,Rural,TERM_LOAN
Yes,212317,Business,Small Manufacturing,360201,98159,NA,NA,NA,NA,Urban,UNY
Yes,57766,Education,NA,3876421,2553466,Graduate,Engineering,Medical,Yes,Rural,ELS
Yes,403428,Education,NA,1708473,965750,12th,MBA,Technical,Yes,Urban,ELS
Yes,190977,Education,NA,2849697,2803765,Postgraduate,Nursing,Technical,Yes,Rural,ELS
Yes,379258,Education,NA,1254008,2766399,12th,MCA,Technical,No,Rural,NO_ELIGIBLE_SCHEME
Yes,298288,Business,Fisheries,125807,62341,NA,NA,NA,NA,Urban,AMY
Yes,428409,Business,Small Manufacturing,326007,51701,NA,NA,NA,NA,Urban,UNY
Yes,122074,Business,Fisheries,369082,110641,NA,NA,NA,NA,Urban,UNY
Yes,203462,Business,Computer Centre,138137,79177,NA,NA,NA,NA,Rural,AMY
Yes,499142,Education,NA,3387373,1365763,Postgraduate,Pharmacy,Professional,No,Urban,NO_ELIGIBLE_SCHEME
Yes,267465,Business,Food Business,6077582,5224431,NA,NA,NA,NA,Urban,NO_ELIGIBLE_SCHEME
Yes,77679,Business,Poultry,3531048,189420,NA,NA,NA,NA,Rural,TERM_LOAN
Yes,344359,Education,NA,494683,494683,Postgraduate,MBA,Management,Yes,Rural,ELS
Yes,95373,Education,NA,1525196,1848266,Postgraduate,MBA,Management,No,Rural,NO_ELIGIBLE_SCHEME
Yes,332185,Business,Small Manufacturing,143290,108205,NA,NA,NA,NA,Rural,UNY
Yes,427771,Education,NA,1507807,1507807,Graduate,Medical,Technical,Yes,Rural,ELS
Yes,440185,Education,NA,4035007,711430,Graduate,BTech,Technical,Yes,Rural,ELS
Yes,377467,Education,NA,3223719,497571,12th,Law,Technical,Yes,Rural,ELS
Yes,137087,Business,Poultry,32859,13816,NA,NA,NA,NA,Urban,MFS
Yes,260438,Business,Food Business,7767132,5816580,NA,NA,NA,NA,Rural,NO_ELIGIBLE_SCHEME
Yes,287833,Education,NA,3279724,3889197,Postgraduate,Pharmacy,Management,No,Rural,NO_ELIGIBLE_SCHEME
Yes,347894,Business,Food Business,93483,45486,NA,NA,NA,NA,Urban,AMY
Yes,291903,Business,Fisheries,153630,129664,NA,NA,NA,NA,Urban,UNY
Yes,722454,Business,Repair Shop,139404,171551,NA,NA,NA,NA,Urban,NO_ELIGIBLE_SCHEME
Yes,625663,Business,Computer Centre,267080,95259,NA,NA,NA,NA,Rural,NO_ELIGIBLE_SCHEME
Yes,228111,Business,Food Business,76032,20691,NA,NA,NA,NA,Rural,AMY
Yes,444197,Business,Transport,52380,30840,NA,NA,NA,NA,Rural,AMY
Yes,475890,Business,Grocery Shop,218245,32360,NA,NA,NA,NA,Rural,UNY
Yes,290206,Business,Tailoring,66202,44058,NA,NA,NA,NA,Urban,MFS
Yes,80665,Business,Food Business,167326,122858,NA,NA,NA,NA,Urban,UNY
Yes,337725,Business,Food Business,427574,65693,NA,NA,NA,NA,Rural,UNY
Yes,171249,Business,Grocery Shop,453239,217239,NA,NA,NA,NA,Rural,UNY
Yes,174114,Business,Computer Centre,246810,214366,NA,NA,NA,NA,Urban,UNY
Yes,168114,Business,Fisheries,411878,407523,NA,NA,NA,NA,Urban,UNY
Yes,354489,Business,Tailoring,58522,19104,NA,NA,NA,NA,Rural,MFS
Yes,387606,Business,Service Business,6765903,6652060,NA,NA,NA,NA,Rural,NO_ELIGIBLE_SCHEME
Yes,229359,Business,Poultry,51271,19555,NA,NA,NA,NA,Rural,AMY
Yes,374332,Business,Repair Shop,41232,35302,NA,NA,NA,NA,Rural,MFS
No,329327,Business,Grocery Shop,369188,43806,NA,NA,NA,NA,Urban,NO_ELIGIBLE_SCHEME
Yes,194410,Business,Fisheries,95860,70156,NA,NA,NA,NA,Rural,AMY
Yes,387309,Education,NA,2442524,1286951,Graduate,Law,Medical,Yes,Rural,ELS
Yes,338423,Business,Food Business,85193,74103,NA,NA,NA,NA,Rural,AMY
Yes,443167,Business,Repair Shop,456139,316788,NA,NA,NA,NA,Rural,UNY
Yes,157265,Business,Fisheries,4696164,1757419,NA,NA,NA,NA,Urban,TERM_LOAN
Yes,255446,Business,Fisheries,71450,10338,NA,NA,NA,NA,Urban,MFS
Yes,450088,Business,Poultry,105529,15273,NA,NA,NA,NA,Urban,MFS
Yes,150801,Business,Fisheries,109963,73462,NA,NA,NA,NA,Urban,MFS
Yes,283836,Business,Tailoring,62597,28129,NA,NA,NA,NA,Urban,AMY
Yes,349455,Business,Transport,56626,28470,NA,NA,NA,NA,Urban,AMY
Yes,402446,Business,Repair Shop,88114,28665,NA,NA,NA,NA,Urban,AMY
No,420823,Business,Small Manufacturing,358151,186232,NA,NA,NA,NA,Urban,NO_ELIGIBLE_SCHEME
Yes,452046,Business,Repair Shop,164338,162017,NA,NA,NA,NA,Rural,UNY
Yes,315665,Business,Poultry,55359,30338,NA,NA,NA,NA,Rural,AMY
Yes,352633,Business,Computer Centre,2703680,2029501,NA,NA,NA,NA,Rural,TERM_LOAN
Yes,85172,Business,Repair Shop,1605785,376245,NA,NA,NA,NA,Rural,TERM_LOAN
Yes,370729,Education,NA,1970692,1970692,Graduate,BCA,Professional,Yes,Urban,ELS
Yes,229081,Business,Computer Centre,134314,47602,NA,NA,NA,NA,Rural,AMY
Yes,159505,Business,Fisheries,3564185,2568592,NA,NA,NA,NA,Rural,TERM_LOAN
Yes,154020,Education,NA,1047320,1047320,12th,Law,Professional,Yes,Urban,ELS
Yes,257166,Education,NA,3678632,3020944,Graduate,Medical,Medical,Yes,Urban,ELS
Yes,337125,Business,Small Manufacturing,38094,37157,NA,NA,NA,NA,Rural,MFS
Yes,322157,Business,Small Manufacturing,117797,54341,NA,NA,NA,NA,Rural,MFS
Yes,403239,Education,NA,808499,140130,Graduate,Engineering,Management,Yes,Urban,ELS
No,291278,Business,Small Manufacturing,91592,40863,NA,NA,NA,NA,Rural,NO_ELIGIBLE_SCHEME
Yes,177427,Business,Service Business,126938,17148,NA,NA,NA,NA,Rural,MFS
Yes,323311,Business,Food Business,130376,111931,NA,NA,NA,NA,Rural,MFS
Yes,97974,Business,Grocery Shop,452309,236408,NA,NA,NA,NA,Rural,UNY
Yes,124785,Business,Fisheries,169592,55907,NA,NA,NA,NA,Urban,UNY
Yes,109809,Business,Grocery Shop,367760,306215,NA,NA,NA,NA,Rural,UNY
Yes,305544,Business,Tailoring,83833,26232,NA,NA,NA,NA,Rural,AMY
Yes,350802,Business,Food Business,7476138,5315556,NA,NA,NA,NA,Urban,NO_ELIGIBLE_SCHEME
Yes,399189,Education,NA,2633701,2372819,Postgraduate,MCA,Medical,Yes,Rural,ELS
Yes,54615,Business,Grocery Shop,103575,95105,NA,NA,NA,NA,Urban,MFS
Yes,418505,Business,Grocery Shop,121746,26254,NA,NA,NA,NA,Rural,AMY
Yes,173451,Business,Fisheries,225320,161698,NA,NA,NA,NA,Rural,UNY
Yes,379816,Education,NA,4392625,2347463,12th,MBA,Professional,Yes,Urban,ELS
No,119350,Business,Grocery Shop,206151,371450,NA,NA,NA,NA,Urban,NO_ELIGIBLE_SCHEME
Yes,269204,Business,Transport,106042,95603,NA,NA,NA,NA,Urban,AMY
Yes,418509,Business,Service Business,65398,11478,NA,NA,NA,NA,Urban,AMY
Yes,382318,Education,NA,3394332,2533226,Graduate,Medical,Professional,No,Rural,NO_ELIGIBLE_SCHEME
Yes,398654,Business,Fisheries,100688,17087,NA,NA,NA,NA,Rural,AMY
Yes,469647,Business,Small Manufacturing,5000000,5000000,NA,NA,NA,NA,Urban,NO_ELIGIBLE_SCHEME
Yes,458377,Business,Poultry,485224,331446,NA,NA,NA,NA,Urban,UNY
Yes,288485,Business,Grocery Shop,232817,129241,NA,NA,NA,NA,Rural,UNY
Yes,496570,Business,Computer Centre,115175,20527,NA,NA,NA,NA,Urban,MFS
Yes,219401,Business,Tailoring,4325053,1562885,NA,NA,NA,NA,Urban,TERM_LOAN
Yes,349588,Business,Repair Shop,229586,161766,NA,NA,NA,NA,Urban,UNY
Yes,105483,Education,NA,3132923,269098,12th,Law,Professional,No,Rural,NO_ELIGIBLE_SCHEME
Yes,280930,Education,NA,1217310,1217310,Postgraduate,Law,Professional,Yes,Rural,ELS
Yes,300547,Business,Transport,4191104,1006529,NA,NA,NA,NA,Rural,TERM_LOAN
Yes,476159,Business,Service Business,55901,43744,NA,NA,NA,NA,Urban,AMY
Yes,168032,Business,Small Manufacturing,289587,197688,NA,NA,NA,NA,Rural,UNY
Yes,334879,Business,Grocery Shop,230636,210484,NA,NA,NA,NA,Rural,UNY
Yes,426350,Business,Repair Shop,585027,138634,NA,NA,NA,NA,Rural,TERM_LOAN
Yes,287408,Business,Tailoring,1751532,949242,NA,NA,NA,NA,Urban,TERM_LOAN
Yes,240566,Business,Food Business,568764,324502,NA,NA,NA,NA,Rural,TERM_LOAN
Yes,359832,Business,Fisheries,136200,108738,NA,NA,NA,NA,Rural,AMY
Yes,224323,Business,Computer Centre,1960701,1474559,NA,NA,NA,NA,Urban,TERM_LOAN
Yes,211090,Business,Repair Shop,375006,263083,NA,NA,NA,NA,Urban,UNY
Yes,367061,Business,Transport,293538,48680,NA,NA,NA,NA,Urban,UNY
Yes,343894,Business,Computer Centre,70784,27941,NA,NA,NA,NA,Rural,AMY
Yes,345161,Business,Poultry,2593930,1143704,NA,NA,NA,NA,Rural,TERM_LOAN
Yes,310359,Business,Small Manufacturing,43639,12333,NA,NA,NA,NA,Rural,AMY
Yes,103894,Business,Service Business,2755206,708447,NA,NA,NA,NA,Urban,TERM_LOAN
Yes,104361,Business,Grocery Shop,3740091,2496428,NA,NA,NA,NA,Rural,TERM_LOAN
Yes,141121,Business,Transport,2298625,475737,NA,NA,NA,NA,Rural,TERM_LOAN
Yes,98294,Business,Computer Centre,3535423,3298056,NA,NA,NA,NA,Rural,TERM_LOAN
Yes,144491,Education,NA,1799611,1799611,12th,Nursing,Medical,Yes,Urban,ELS
Yes,457001,Business,Poultry,1111498,741246,NA,NA,NA,NA,Urban,TERM_LOAN
Yes,352411,Business,Fisheries,307834,295593,NA,NA,NA,NA,Urban,UNY
No,397399,Business,Service Business,64021,203576,NA,NA,NA,NA,Urban,NO_ELIGIBLE_SCHEME
Yes,470294,Education,NA,120389,120389,Graduate,Law,Medical,Yes,Urban,ELS
Yes,383055,Business,Repair Shop,1523857,1082845,NA,NA,NA,NA,Rural,TERM_LOAN
Yes,301401,Education,NA,3529206,3529206,Graduate,Nursing,Management,Yes,Urban,ELS
Yes,129750,Education,NA,4014092,2922410,Postgraduate,Engineering,Medical,Yes,Urban,ELS
Yes,255004,Education,NA,223659,385652,Graduate,MBA,Technical,No,Urban,NO_ELIGIBLE_SCHEME
Yes,566113,Business,Tailoring,51563,325864,NA,NA,NA,NA,Urban,NO_ELIGIBLE_SCHEME
Yes,441436,Business,Transport,213165,107168,NA,NA,NA,NA,Rural,UNY
Yes,185606,Business,Transport,105361,39837,NA,NA,NA,NA,Urban,MFS
Yes,351775,Business,Repair Shop,448104,341985,NA,NA,NA,NA,Urban,UNY
Yes,729038,Business,Transport,449462,373233,NA,NA,NA,NA,Rural,NO_ELIGIBLE_SCHEME
Yes,144237,Business,Tailoring,45765,44855,NA,NA,NA,NA,Urban,MFS
Yes,342533,Business,Transport,73213,16193,NA,NA,NA,NA,Urban,MFS
Yes,368610,Education,NA,1246994,1246994,Postgraduate,Nursing,Technical,Yes,Urban,ELS
No,267593,Business,Repair Shop,480828,332137,NA,NA,NA,NA,Urban,NO_ELIGIBLE_SCHEME
Yes,166054,Education,NA,3259610,3028810,Graduate,BTech,Management,Yes,Urban,ELS
Yes,357605,Business,Service Business,4397951,4380325,NA,NA,NA,NA,Rural,TERM_LOAN
Yes,322313,Business,Transport,2676411,2351479,NA,NA,NA,NA,Urban,TERM_LOAN
Yes,214113,Business,Poultry,1527609,441119,NA,NA,NA,NA,Urban,TERM_LOAN
Yes,438746,Business,Grocery Shop,57762,22453,NA,NA,NA,NA,Urban,MFS
Yes,61553,Business,Fisheries,54780,14125,NA,NA,NA,NA,Urban,MFS
Yes,195103,Business,Grocery Shop,79509,26342,NA,NA,NA,NA,Urban,AMY
Yes,206209,Education,NA,671954,660869,Graduate,BCA,Professional,No,Urban,NO_ELIGIBLE_SCHEME
Yes,190036,Business,Fisheries,3879398,96726,NA,NA,NA,NA,Rural,TERM_LOAN
Yes,411232,Business,Repair Shop,35789,25597,NA,NA,NA,NA,Rural,AMY
Yes,76989,Business,Service Business,95367,40221,NA,NA,NA,NA,Urban,AMY
Yes,397706,Business,Poultry,5000000,5000000,NA,NA,NA,NA,Urban,NO_ELIGIBLE_SCHEME
Yes,272596,Education,NA,2312386,2312386,Postgraduate,Nursing,Professional,Yes,Urban,ELS
Yes,308068,Business,Tailoring,96879,47963,NA,NA,NA,NA,Urban,AMY
Yes,486838,Education,NA,2761363,2467190,12th,Nursing,Medical,No,Urban,NO_ELIGIBLE_SCHEME
Yes,404110,Business,Fisheries,680148,552775,NA,NA,NA,NA,Urban,TERM_LOAN
Yes,413747,Business,Service Business,5000000,5000000,NA,NA,NA,NA,Rural,NO_ELIGIBLE_SCHEME
Yes,163020,Business,Transport,128344,12102,NA,NA,NA,NA,Rural,AMY
Yes,384469,Education,NA,1755427,1755427,Graduate,Medical,Technical,Yes,Urban,ELS
Yes,246848,Business,Poultry,74801,21148,NA,NA,NA,NA,Rural,MFS
Yes,273199,Business,Transport,59555,37469,NA,NA,NA,NA,Urban,AMY
Yes,452768,Education,NA,1739714,708320,Graduate,Pharmacy,Medical,Yes,Urban,ELS
Yes,412293,Business,Poultry,44663,14931,NA,NA,NA,NA,Rural,MFS
Yes,287912,Business,Computer Centre,626803,570021,NA,NA,NA,NA,Rural,TERM_LOAN
Yes,405912,Business,Repair Shop,94369,67345,NA,NA,NA,NA,Rural,AMY
Yes,92958,Business,Food Business,113648,48248,NA,NA,NA,NA,Rural,MFS
Yes,359798,Business,Fisheries,71311,64709,NA,NA,NA,NA,Urban,AMY
Yes,119475,Business,Food Business,2206253,1121022,NA,NA,NA,NA,Urban,TERM_LOAN
Yes,189086,Business,Food Business,118257,35647,NA,NA,NA,NA,Rural,AMY
Yes,718087,Business,Computer Centre,341030,257327,NA,NA,NA,NA,Rural,NO_ELIGIBLE_SCHEME
Yes,134947,Education,NA,2750997,2486501,Postgraduate,BTech,Management,No,Rural,NO_ELIGIBLE_SCHEME
Yes,475115,Business,Tailoring,161926,55163,NA,NA,NA,NA,Rural,TERM_LOAN
Yes,395496,Business,Transport,42363,13176,NA,NA,NA,NA,Urban,MFS
Yes,526403,Business,Poultry,491955,329418,NA,NA,NA,NA,Rural,NO_ELIGIBLE_SCHEME
Yes,441722,Business,Transport,2263766,1120003,NA,NA,NA,NA,Rural,TERM_LOAN
Yes,165630,Business,Computer Centre,4890145,150113,NA,NA,NA,NA,Urban,TERM_LOAN
Yes,59341,Education,NA,961067,961067,12th,Nursing,Medical,Yes,Urban,ELS
Yes,259875,Business,Computer Centre,442674,250430,NA,NA,NA,NA,Urban,UNY
Yes,217690,Education,NA,3260047,372731,12th,Nursing,Management,Yes,Urban,ELS
Yes,314188,Business,Fisheries,201229,126498,NA,NA,NA,NA,Rural,UNY
Yes,496709,Business,Poultry,35888,10967,NA,NA,NA,NA,Rural,AMY
Yes,92214,Business,Repair Shop,4059543,1537683,NA,NA,NA,NA,Urban,TERM_LOAN
Yes,330135,Business,Tailoring,396026,292672,NA,NA,NA,NA,Rural,UNY
Yes,320700,Business,Computer Centre,1004944,472907,NA,NA,NA,NA,Urban,TERM_LOAN
Yes,148486,Business,Grocery Shop,120094,89668,NA,NA,NA,NA,Rural,AMY
Yes,74291,Business,Transport,2006993,513022,NA,NA,NA,NA,Urban,TERM_LOAN
Yes,70240,Business,Service Business,104852,61721,NA,NA,NA,NA,Urban,AMY
Yes,265304,Business,Fisheries,1311966,94021,NA,NA,NA,NA,Rural,TERM_LOAN
Yes,90219,Business,Service Business,6416825,6769473,NA,NA,NA,NA,Rural,NO_ELIGIBLE_SCHEME
Yes,327186,Business,Poultry,350823,103759,NA,NA,NA,NA,Urban,UNY
Yes,472989,Education,NA,299887,1832542,Postgraduate,Medical,Management,No,Rural,NO_ELIGIBLE_SCHEME
Yes,296580,Business,Fisheries,112685,12207,NA,NA,NA,NA,Rural,AMY
Yes,341692,Business,Repair Shop,5000000,5000000,NA,NA,NA,NA,Urban,NO_ELIGIBLE_SCHEME
Yes,252436,Business,Grocery Shop,484380,216561,NA,NA,NA,NA,Urban,UNY
Yes,508754,Business,Small Manufacturing,204354,67083,NA,NA,NA,NA,Rural,NO_ELIGIBLE_SCHEME
Yes,78137,Business,Grocery Shop,217737,212724,NA,NA,NA,NA,Rural,UNY
Yes,325628,Business,Grocery Shop,4449190,2210390,NA,NA,NA,NA,Urban,TERM_LOAN
Yes,487647,Business,Transport,78056,49268,NA,NA,NA,NA,Rural,AMY
Yes,339512,Education,NA,2460610,459653,12th,BCA,Management,Yes,Rural,ELS
Yes,476889,Business,Poultry,44322,32570,NA,NA,NA,NA,Urban,AMY
Yes,346386,Business,Service Business,72132,55154,NA,NA,NA,NA,Urban,AMY
No,311073,Business,Computer Centre,53353,48659,NA,NA,NA,NA,Rural,NO_ELIGIBLE_SCHEME
Yes,776303,Business,Fisheries,441382,153043,NA,NA,NA,NA,Urban,NO_ELIGIBLE_SCHEME
Yes,294001,Business,Repair Shop,117528,25495,NA,NA,NA,NA,Rural,MFS
Yes,197810,Education,NA,2277092,1282036,Postgraduate,MCA,Management,No,Rural,NO_ELIGIBLE_SCHEME
No,98962,Business,Computer Centre,62013,374728,NA,NA,NA,NA,Urban,NO_ELIGIBLE_SCHEME
Yes,205318,Business,Fisheries,43176,22721,NA,NA,NA,NA,Urban,MFS
Yes,185653,Business,Fisheries,31382,13231,NA,NA,NA,NA,Rural,MFS
No,398773,Business,Grocery Shop,419117,146949,NA,NA,NA,NA,Urban,NO_ELIGIBLE_SCHEME
Yes,110931,Business,Small Manufacturing,1288739,833454,NA,NA,NA,NA,Urban,TERM_LOAN
Yes,169834,Business,Grocery Shop,105483,99916,NA,NA,NA,NA,Urban,MFS
Yes,461790,Education,NA,1471768,1471768,Graduate,MCA,Technical,Yes,Rural,ELS
Yes,192457,Business,Poultry,1737197,1454390,NA,NA,NA,NA,Urban,TERM_LOAN
Yes,466855,Business,Computer Centre,5000000,5000000,NA,NA,NA,NA,Rural,NO_ELIGIBLE_SCHEME
Yes,291257,Business,Transport,115957,72537,NA,NA,NA,NA,Urban,MFS
Yes,197782,Education,NA,1561839,1561839,12th,MCA,Technical,Yes,Urban,ELS
Yes,287172,Business,Service Business,4789343,2297950,NA,NA,NA,NA,Rural,TERM_LOAN
Yes,349167,Business,Repair Shop,111043,89123,NA,NA,NA,NA,Urban,AMY
Yes,228719,Education,NA,126710,126710,Graduate,BTech,Medical,Yes,Rural,ELS
Yes,299616,Business,Computer Centre,5000000,5000000,NA,NA,NA,NA,Rural,NO_ELIGIBLE_SCHEME
Yes,381412,Business,Transport,166100,41611,NA,NA,NA,NA,Rural,UNY
Yes,335326,Business,Tailoring,461766,333482,NA,NA,NA,NA,Rural,UNY
Yes,373581,Business,Food Business,195227,66791,NA,NA,NA,NA,Rural,TERM_LOAN
Yes,249987,Business,Computer Centre,54232,34315,NA,NA,NA,NA,Rural,MFS
Yes,127325,Business,Food Business,49727,40058,NA,NA,NA,NA,Urban,AMY
Yes,210131,Education,NA,2373173,2373173,12th,Medical,Technical,Yes,Rural,ELS
Yes,229371,Business,Transport,4169373,1068032,NA,NA,NA,NA,Rural,TERM_LOAN
Yes,153097,Business,Fisheries,4150353,586269,NA,NA,NA,NA,Rural,TERM_LOAN
Yes,308284,Business,Tailoring,424548,278284,NA,NA,NA,NA,Urban,UNY
Yes,331425,Business,Computer Centre,5000000,5000000,NA,NA,NA,NA,Rural,NO_ELIGIBLE_SCHEME
No,140091,Business,Small Manufacturing,187654,311820,NA,NA,NA,NA,Rural,NO_ELIGIBLE_SCHEME
Yes,353520,Business,Service Business,45713,26135,NA,NA,NA,NA,Rural,MFS
Yes,86741,Business,Service Business,357111,96063,NA,NA,NA,NA,Urban,UNY
Yes,347106,Business,Transport,298216,170824,NA,NA,NA,NA,Urban,UNY
Yes,283761,Education,NA,3356209,2258194,Postgraduate,BCA,Management,Yes,Rural,ELS
Yes,103052,Business,Tailoring,53078,27156,NA,NA,NA,NA,Rural,AMY
Yes,122789,Business,Poultry,1456796,1308791,NA,NA,NA,NA,Rural,TERM_LOAN
Yes,94417,Business,Repair Shop,107993,102908,NA,NA,NA,NA,Urban,MFS
No,392232,Business,Food Business,249381,109331,NA,NA,NA,NA,Rural,NO_ELIGIBLE_SCHEME
Yes,383271,Business,Repair Shop,311651,103496,NA,NA,NA,NA,Urban,UNY
Yes,51423,Education,NA,592063,592063,Graduate,MBA,Technical,Yes,Urban,ELS
Yes,92939,Business,Poultry,2257105,2207004,NA,NA,NA,NA,Rural,TERM_LOAN
Yes,409040,Business,Repair Shop,1947837,589808,NA,NA,NA,NA,Rural,TERM_LOAN
Yes,458321,Education,NA,3495093,77806,12th,Engineering,Technical,Yes,Urban,ELS
Yes,336088,Business,Transport,283136,281642,NA,NA,NA,NA,Rural,UNY
Yes,397388,Business,Poultry,50701,49985,NA,NA,NA,NA,Urban,AMY
Yes,98412,Education,NA,1200811,1200811,Postgraduate,Nursing,Medical,Yes,Rural,ELS
Yes,132527,Business,Computer Centre,89460,54681,NA,NA,NA,NA,Urban,MFS
No,280011,Business,Poultry,218772,36693,NA,NA,NA,NA,Urban,NO_ELIGIBLE_SCHEME
Yes,53625,Business,Computer Centre,347612,311753,NA,NA,NA,NA,Urban,UNY
Yes,338959,Education,NA,1805376,1805376,Postgraduate,Law,Management,Yes,Urban,ELS
Yes,469003,Business,Grocery Shop,189849,168064,NA,NA,NA,NA,Rural,UNY
Yes,465132,Business,Tailoring,837982,468286,NA,NA,NA,NA,Rural,TERM_LOAN
Yes,266416,Business,Grocery Shop,147888,29784,NA,NA,NA,NA,Urban,UNY
Yes,411428,Business,Transport,4905108,965408,NA,NA,NA,NA,Rural,TERM_LOAN
Yes,226889,Education,NA,982786,162410,12th,Engineering,Medical,No,Rural,NO_ELIGIBLE_SCHEME
Yes,433183,Business,Food Business,72193,60635,NA,NA,NA,NA,Rural,AMY
Yes,125154,Education,NA,3523044,3850093,Postgraduate,MCA,Technical,No,Rural,NO_ELIGIBLE_SCHEME
Yes,184975,Business,Tailoring,123657,43954,NA,NA,NA,NA,Urban,AMY
Yes,250357,Education,NA,146791,146791,Postgraduate,MBA,Professional,Yes,Rural,ELS
Yes,375287,Education,NA,3047313,2635458,Graduate,BTech,Professional,Yes,Rural,ELS
Yes,193473,Education,NA,649837,649837,12th,Pharmacy,Management,Yes,Rural,ELS
Yes,105169,Business,Fisheries,67001,50305,NA,NA,NA,NA,Rural,AMY
Yes,249283,Business,Tailoring,273678,261291,NA,NA,NA,NA,Urban,TERM_LOAN
Yes,84233,Business,Service Business,92027,79414,NA,NA,NA,NA,Urban,AMY
Yes,472304,Business,Poultry,3233721,316815,NA,NA,NA,NA,Urban,TERM_LOAN
Yes,375627,Business,Poultry,145955,68189,NA,NA,NA,NA,Rural,UNY
Yes,283209,Business,Poultry,7311654,5026384,NA,NA,NA,NA,Urban,NO_ELIGIBLE_SCHEME
Yes,57076,Business,Tailoring,112232,88595,NA,NA,NA,NA,Rural,AMY
Yes,359271,Education,NA,4296075,3965377,Postgraduate,Law,Medical,Yes,Rural,ELS
Yes,500104,Business,Service Business,373163,94029,NA,NA,NA,NA,Urban,NO_ELIGIBLE_SCHEME
Yes,256604,Business,Fisheries,381533,336214,NA,NA,NA,NA,Rural,UNY
Yes,197704,Education,NA,4399151,2375349,Postgraduate,BTech,Management,Yes,Rural,ELS
Yes,230265,Business,Computer Centre,94456,84289,NA,NA,NA,NA,Rural,AMY
Yes,461837,Business,Small Manufacturing,497779,168640,NA,NA,NA,NA,Urban,UNY
Yes,187935,Business,Fisheries,41552,12099,NA,NA,NA,NA,Urban,MFS
Yes,450572,Business,Transport,2384046,2096506,NA,NA,NA,NA,Rural,TERM_LOAN
Yes,351751,Education,NA,4023050,2707917,Postgraduate,MCA,Professional,Yes,Rural,ELS
Yes,106977,Education,NA,2315228,2300436,Graduate,Engineering,Medical,No,Urban,NO_ELIGIBLE_SCHEME
Yes,228979,Business,Repair Shop,128861,104372,NA,NA,NA,NA,Rural,AMY
Yes,325178,Education,NA,2641277,2641277,12th,Nursing,Medical,Yes,Urban,ELS
Yes,233135,Business,Computer Centre,257393,189934,NA,NA,NA,NA,Rural,UNY
Yes,50004,Business,Repair Shop,31469,18986,NA,NA,NA,NA,Urban,AMY
Yes,249865,Business,Poultry,7350819,6534551,NA,NA,NA,NA,Urban,NO_ELIGIBLE_SCHEME
Yes,400002,Business,Small Manufacturing,47477,40450,NA,NA,NA,NA,Urban,MFS
Yes,187362,Business,Poultry,52825,24348,NA,NA,NA,NA,Urban,AMY
Yes,73911,Business,Small Manufacturing,252467,137304,NA,NA,NA,NA,Urban,UNY
Yes,467367,Business,Food Business,401819,198447,NA,NA,NA,NA,Urban,UNY
Yes,418817,Business,Poultry,7765065,6765453,NA,NA,NA,NA,Urban,NO_ELIGIBLE_SCHEME
Yes,197749,Education,NA,785037,2173420,Graduate,MCA,Technical,No,Urban,NO_ELIGIBLE_SCHEME
Yes,164831,Business,Repair Shop,400158,113194,NA,NA,NA,NA,Urban,UNY
Yes,100253,Education,NA,1605909,1391584,Graduate,BCA,Technical,Yes,Rural,ELS
Yes,75031,Business,Service Business,216601,83858,NA,NA,NA,NA,Urban,UNY
Yes,99650,Business,Small Manufacturing,223609,187465,NA,NA,NA,NA,Rural,UNY
Yes,441129,Business,Grocery Shop,457634,429423,NA,NA,NA,NA,Rural,UNY
Yes,82545,Business,Grocery Shop,883323,813751,NA,NA,NA,NA,Urban,TERM_LOAN
Yes,469371,Business,Poultry,61029,20649,NA,NA,NA,NA,Urban,MFS
Yes,188933,Education,NA,2770476,2770476,12th,MCA,Professional,Yes,Rural,ELS
Yes,409012,Business,Grocery Shop,37433,13649,NA,NA,NA,NA,Urban,AMY
Yes,483146,Education,NA,3610982,277242,Graduate,BCA,Management,Yes,Urban,ELS
Yes,147946,Business,Food Business,80678,54438,NA,NA,NA,NA,Urban,MFS
Yes,407110,Business,Tailoring,96682,58604,NA,NA,NA,NA,Rural,AMY
Yes,391914,Business,Tailoring,7778057,5159922,NA,NA,NA,NA,Rural,NO_ELIGIBLE_SCHEME
Yes,472641,Business,Computer Centre,3330223,818306,NA,NA,NA,NA,Rural,TERM_LOAN
Yes,278504,Education,NA,2044864,1681026,Graduate,MBA,Medical,Yes,Rural,ELS
Yes,256462,Business,Small Manufacturing,83127,12588,NA,NA,NA,NA,Urban,AMY
Yes,293898,Education,NA,3186251,860763,Postgraduate,Pharmacy,Management,Yes,Rural,ELS
Yes,123660,Education,NA,3821944,3003865,Postgraduate,Pharmacy,Technical,Yes,Urban,ELS
Yes,362818,Business,Transport,30659,28766,NA,NA,NA,NA,Rural,MFS
Yes,536490,Business,Grocery Shop,251960,104707,NA,NA,NA,NA,Rural,NO_ELIGIBLE_SCHEME
Yes,288384,Business,Service Business,202088,37340,NA,NA,NA,NA,Rural,UNY
Yes,73949,Business,Tailoring,103890,73413,NA,NA,NA,NA,Urban,AMY
Yes,79094,Business,Fisheries,209286,77451,NA,NA,NA,NA,Urban,UNY
Yes,306902,Education,NA,1784135,680742,Graduate,BCA,Medical,Yes,Urban,ELS
Yes,478957,Business,Fisheries,87732,15882,NA,NA,NA,NA,Rural,MFS
Yes,311439,Business,Tailoring,2860142,2291106,NA,NA,NA,NA,Urban,TERM_LOAN
Yes,490524,Business,Transport,1179918,935054,NA,NA,NA,NA,Urban,TERM_LOAN
Yes,66349,Business,Fisheries,66989,66733,NA,NA,NA,NA,Urban,MFS
Yes,277351,Business,Transport,3304949,2215707,NA,NA,NA,NA,Urban,TERM_LOAN
Yes,487387,Business,Food Business,95494,79984,NA,NA,NA,NA,Rural,MFS
Yes,153545,Business,Grocery Shop,5000000,5000000,NA,NA,NA,NA,Urban,NO_ELIGIBLE_SCHEME
Yes,698715,Business,Tailoring,485065,158416,NA,NA,NA,NA,Rural,NO_ELIGIBLE_SCHEME
Yes,176341,Education,NA,3042981,1009196,12th,Nursing,Professional,Yes,Urban,ELS
Yes,355660,Education,NA,3106488,773215,12th,BCA,Management,No,Rural,NO_ELIGIBLE_SCHEME
Yes,122999,Business,Fisheries,51755,50380,NA,NA,NA,NA,Rural,MFS
Yes,416238,Education,NA,3925478,2012867,Postgraduate,Medical,Medical,Yes,Rural,ELS
Yes,368942,Education,NA,1755796,375493,Postgraduate,BTech,Management,Yes,Urban,ELS
Yes,435570,Business,Transport,3146537,439968,NA,NA,NA,NA,Urban,TERM_LOAN
Yes,379432,Business,Tailoring,498872,171119,NA,NA,NA,NA,Urban,UNY
Yes,79313,Business,Poultry,105008,29249,NA,NA,NA,NA,Urban,MFS
Yes,292831,Business,Small Manufacturing,3565907,1492016,NA,NA,NA,NA,Urban,TERM_LOAN
Yes,136262,Business,Fisheries,128720,48915,NA,NA,NA,NA,Urban,AMY
Yes,246359,Education,NA,2548392,2548392,Graduate,BCA,Management,Yes,Urban,ELS
Yes,331256,Business,Computer Centre,50072,39767,NA,NA,NA,NA,Rural,AMY
Yes,383382,Business,Tailoring,51068,35500,NA,NA,NA,NA,Rural,MFS
Yes,407797,Business,Food Business,4878558,4360442,NA,NA,NA,NA,Urban,TERM_LOAN
Yes,204618,Business,Grocery Shop,3930973,3231344,NA,NA,NA,NA,Rural,TERM_LOAN
Yes,435705,Business,Poultry,44869,11698,NA,NA,NA,NA,Urban,MFS
Yes,105906,Business,Grocery Shop,2997519,1079319,NA,NA,NA,NA,Rural,TERM_LOAN
Yes,633729,Business,Computer Centre,325575,395415,NA,NA,NA,NA,Urban,NO_ELIGIBLE_SCHEME
Yes,245719,Business,Small Manufacturing,132613,28660,NA,NA,NA,NA,Rural,MFS
Yes,148744,Business,Transport,137162,74325,NA,NA,NA,NA,Rural,AMY
Yes,233354,Business,Poultry,44046,10337,NA,NA,NA,NA,Urban,AMY
Yes,137393,Business,Tailoring,3428032,2274664,NA,NA,NA,NA,Rural,TERM_LOAN
Yes,253957,Business,Fisheries,1580665,291003,NA,NA,NA,NA,Rural,TERM_LOAN
Yes,311353,Business,Food Business,111609,109148,NA,NA,NA,NA,Rural,MFS
Yes,307549,Education,NA,2212325,322149,12th,Pharmacy,Technical,Yes,Urban,ELS
No,397626,Business,Transport,375998,256480,NA,NA,NA,NA,Rural,NO_ELIGIBLE_SCHEME
No,65320,Business,Computer Centre,244232,24893,NA,NA,NA,NA,Rural,NO_ELIGIBLE_SCHEME
Yes,319089,Business,Transport,89432,27294,NA,NA,NA,NA,Urban,MFS
Yes,140600,Business,Computer Centre,80165,65923,NA,NA,NA,NA,Rural,MFS
Yes,312693,Business,Transport,112388,103405,NA,NA,NA,NA,Urban,MFS
Yes,738172,Business,Computer Centre,449320,152027,NA,NA,NA,NA,Urban,NO_ELIGIBLE_SCHEME
Yes,404905,Business,Poultry,64184,33399,NA,NA,NA,NA,Rural,MFS
Yes,468526,Business,Computer Centre,7971491,6599164,NA,NA,NA,NA,Rural,NO_ELIGIBLE_SCHEME
Yes,345703,Business,Service Business,5000000,5000000,NA,NA,NA,NA,Rural,NO_ELIGIBLE_SCHEME
Yes,312026,Education,NA,1364252,597285,Postgraduate,MCA,Professional,No,Urban,NO_ELIGIBLE_SCHEME
Yes,255044,Education,NA,3614523,481203,Graduate,Engineering,Management,No,Rural,NO_ELIGIBLE_SCHEME
Yes,460332,Business,Poultry,120880,18523,NA,NA,NA,NA,Rural,MFS
Yes,196884,Business,Service Business,67397,40936,NA,NA,NA,NA,Rural,AMY
Yes,490557,Business,Repair Shop,1070129,210632,NA,NA,NA,NA,Urban,TERM_LOAN
Yes,332599,Business,Transport,749782,484185,NA,NA,NA,NA,Rural,TERM_LOAN
Yes,310152,Business,Food Business,146676,31793,NA,NA,NA,NA,Urban,UNY
Yes,188024,Business,Poultry,53049,22957,NA,NA,NA,NA,Rural,AMY
Yes,350124,Business,Computer Centre,145413,26930,NA,NA,NA,NA,Rural,UNY
Yes,227734,Business,Computer Centre,402046,397600,NA,NA,NA,NA,Urban,UNY
Yes,209167,Business,Grocery Shop,4983049,4433169,NA,NA,NA,NA,Rural,TERM_LOAN
Yes,360102,Education,NA,2822123,938115,12th,BCA,Professional,Yes,Rural,ELS
Yes,413443,Business,Service Business,337686,37254,NA,NA,NA,NA,Rural,UNY
Yes,330367,Business,Poultry,397515,239870,NA,NA,NA,NA,Rural,UNY
Yes,727651,Business,Computer Centre,270142,182776,NA,NA,NA,NA,Rural,NO_ELIGIBLE_SCHEME
Yes,294561,Education,NA,2541337,1142247,Graduate,BTech,Management,Yes,Rural,ELS
Yes,404588,Business,Transport,128848,39571,NA,NA,NA,NA,Urban,MFS
Yes,408767,Education,NA,3064725,3064725,12th,BTech,Technical,Yes,Rural,ELS
Yes,92579,Education,NA,2704550,1758349,Graduate,BCA,Management,Yes,Urban,ELS
Yes,91174,Business,Grocery Shop,7772369,5631708,NA,NA,NA,NA,Rural,NO_ELIGIBLE_SCHEME
Yes,64934,Education,NA,813653,1672526,Postgraduate,BCA,Technical,No,Rural,NO_ELIGIBLE_SCHEME
Yes,210476,Education,NA,1512782,817719,Graduate,Medical,Management,No,Rural,NO_ELIGIBLE_SCHEME
Yes,493305,Business,Food Business,119526,86489,NA,NA,NA,NA,Rural,AMY
Yes,54869,Business,Tailoring,98084,68335,NA,NA,NA,NA,Urban,MFS
Yes,142986,Business,Service Business,48446,26318,NA,NA,NA,NA,Rural,AMY
Yes,201764,Business,Tailoring,128173,124332,NA,NA,NA,NA,Rural,MFS
No,461643,Business,Service Business,149147,173256,NA,NA,NA,NA,Rural,NO_ELIGIBLE_SCHEME
Yes,236191,Education,NA,2242115,1871976,12th,Nursing,Technical,Yes,Urban,ELS
Yes,345868,Business,Poultry,3044612,332897,NA,NA,NA,NA,Urban,TERM_LOAN
Yes,206540,Business,Computer Centre,46346,43170,NA,NA,NA,NA,Rural,AMY
Yes,320485,Business,Grocery Shop,123244,120872,NA,NA,NA,NA,Urban,MFS
Yes,228537,Business,Computer Centre,273184,260272,NA,NA,NA,NA,Rural,UNY
Yes,50048,Business,Transport,105454,46394,NA,NA,NA,NA,Urban,AMY
Yes,502522,Business,Fisheries,130036,166399,NA,NA,NA,NA,Rural,NO_ELIGIBLE_SCHEME
Yes,131265,Business,Transport,432505,272976,NA,NA,NA,NA,Rural,UNY
Yes,422081,Business,Poultry,73327,40561,NA,NA,NA,NA,Rural,MFS
Yes,63072,Business,Grocery Shop,468644,333970,NA,NA,NA,NA,Rural,UNY
Yes,456611,Education,NA,2113107,1687605,Postgraduate,Medical,Professional,No,Urban,NO_ELIGIBLE_SCHEME
Yes,332941,Business,Fisheries,75504,41565,NA,NA,NA,NA,Rural,MFS
Yes,591695,Business,Transport,149705,197048,NA,NA,NA,NA,Urban,NO_ELIGIBLE_SCHEME
Yes,194259,Business,Tailoring,84206,49387,NA,NA,NA,NA,Rural,MFS
Yes,273949,Business,Tailoring,198979,117958,NA,NA,NA,NA,Urban,UNY
Yes,369494,Business,Fisheries,122812,87704,NA,NA,NA,NA,Rural,AMY
Yes,393518,Business,Poultry,277346,42778,NA,NA,NA,NA,Rural,UNY
Yes,487142,Business,Repair Shop,458485,152117,NA,NA,NA,NA,Urban,UNY
No,367832,Business,Tailoring,350818,127511,NA,NA,NA,NA,Urban,NO_ELIGIBLE_SCHEME
Yes,311613,Business,Poultry,1696438,246732,NA,NA,NA,NA,Rural,TERM_LOAN
Yes,352721,Business,Computer Centre,4320982,4048254,NA,NA,NA,NA,Rural,TERM_LOAN
Yes,280466,Education,NA,852874,852874,Postgraduate,MCA,Medical,Yes,Urban,ELS
Yes,288547,Business,Repair Shop,2394801,279229,NA,NA,NA,NA,Rural,TERM_LOAN
Yes,799990,Business,Transport,126602,189445,NA,NA,NA,NA,Urban,NO_ELIGIBLE_SCHEME
Yes,463298,Business,Computer Centre,104205,73614,NA,NA,NA,NA,Rural,MFS
Yes,347425,Business,Service Business,53419,53231,NA,NA,NA,NA,Rural,AMY
Yes,119384,Business,Computer Centre,122704,54843,NA,NA,NA,NA,Urban,AMY
Yes,399782,Business,Transport,106389,84794,NA,NA,NA,NA,Urban,MFS
Yes,144388,Education,NA,571683,571683,Graduate,MCA,Medical,Yes,Urban,ELS
Yes,160083,Business,Grocery Shop,6841744,5512723,NA,NA,NA,NA,Rural,NO_ELIGIBLE_SCHEME
Yes,116215,Business,Fisheries,239837,41492,NA,NA,NA,NA,Rural,UNY
Yes,478126,Business,Food Business,59154,23079,NA,NA,NA,NA,Urban,MFS
Yes,193263,Business,Poultry,73714,60991,NA,NA,NA,NA,Rural,AMY
Yes,146254,Education,NA,4168761,240847,12th,Engineering,Professional,Yes,Rural,ELS
Yes,233504,Education,NA,2210427,2210427,12th,Medical,Technical,Yes,Urban,ELS
Yes,297189,Business,Tailoring,118452,40647,NA,NA,NA,NA,Urban,MFS
Yes,301880,Business,Service Business,76965,17683,NA,NA,NA,NA,Rural,AMY
Yes,290431,Business,Service Business,1714158,549867,NA,NA,NA,NA,Rural,TERM_LOAN
Yes,311573,Education,NA,2952246,1368653,Graduate,MCA,Technical,Yes,Urban,ELS
Yes,199318,Business,Service Business,1920621,626237,NA,NA,NA,NA,Urban,TERM_LOAN
Yes,303202,Business,Fisheries,114136,49596,NA,NA,NA,NA,Urban,MFS
Yes,499503,Business,Fisheries,134202,97428,NA,NA,NA,NA,Rural,AMY
Yes,337701,Business,Food Business,139098,98219,NA,NA,NA,NA,Rural,AMY
Yes,247210,Education,NA,1915149,3557836,12th,Pharmacy,Technical,No,Urban,NO_ELIGIBLE_SCHEME
Yes,351268,Business,Tailoring,4944816,2312494,NA,NA,NA,NA,Urban,TERM_LOAN
Yes,114824,Business,Transport,65711,59146,NA,NA,NA,NA,Urban,AMY
Yes,362420,Business,Grocery Shop,44540,40089,NA,NA,NA,NA,Rural,AMY
Yes,423806,Education,NA,2404165,2404165,Graduate,Engineering,Professional,Yes,Urban,ELS
Yes,263090,Business,Tailoring,458443,52324,NA,NA,NA,NA,Urban,UNY
Yes,189974,Education,NA,4315911,3525524,Graduate,Medical,Management,Yes,Urban,ELS
Yes,131408,Business,Grocery Shop,64400,50507,NA,NA,NA,NA,Urban,MFS
Yes,122741,Business,Computer Centre,178144,174584,NA,NA,NA,NA,Urban,UNY
Yes,70916,Business,Computer Centre,134349,122814,NA,NA,NA,NA,Rural,MFS
Yes,478505,Business,Repair Shop,102964,79602,NA,NA,NA,NA,Rural,AMY
Yes,404200,Education,NA,406763,406763,Graduate,Law,Professional,Yes,Rural,ELS
Yes,385856,Business,Computer Centre,74077,28119,NA,NA,NA,NA,Urban,MFS
Yes,116655,Business,Service Business,1726107,593405,NA,NA,NA,NA,Rural,TERM_LOAN
Yes,385675,Business,Computer Centre,1276134,858664,NA,NA,NA,NA,Urban,TERM_LOAN
Yes,190030,Business,Grocery Shop,73904,27716,NA,NA,NA,NA,Urban,MFS
Yes,209474,Education,NA,4177568,2371320,Postgraduate,MBA,Medical,Yes,Urban,ELS
Yes,467252,Business,Transport,2634546,1427856,NA,NA,NA,NA,Urban,TERM_LOAN
Yes,322375,Education,NA,2701140,1855751,12th,BTech,Technical,Yes,Rural,ELS
Yes,401823,Business,Fisheries,314988,129314,NA,NA,NA,NA,Urban,UNY
Yes,380552,Business,Tailoring,162468,121163,NA,NA,NA,NA,Urban,UNY
Yes,173705,Business,Transport,351110,285290,NA,NA,NA,NA,Rural,UNY
Yes,344296,Business,Computer Centre,112756,73771,NA,NA,NA,NA,Rural,AMY
Yes,597395,Business,Grocery Shop,435544,76477,NA,NA,NA,NA,Rural,NO_ELIGIBLE_SCHEME
Yes,57424,Business,Service Business,296844,292092,NA,NA,NA,NA,Urban,UNY
Yes,129183,Business,Tailoring,38908,33172,NA,NA,NA,NA,Rural,MFS
Yes,248061,Education,NA,1470451,1470451,12th,Engineering,Technical,Yes,Rural,ELS
Yes,192670,Education,NA,1171895,1171895,Graduate,Nursing,Medical,Yes,Rural,ELS
Yes,103090,Business,Transport,321780,85654,NA,NA,NA,NA,Urban,UNY
Yes,80079,Education,NA,3457773,3210615,Postgraduate,Nursing,Medical,Yes,Rural,ELS
Yes,329076,Education,NA,626669,626669,Postgraduate,Medical,Professional,Yes,Rural,ELS
Yes,371925,Business,Grocery Shop,339465,65890,NA,NA,NA,NA,Urban,UNY
Yes,395947,Business,Grocery Shop,295673,284335,NA,NA,NA,NA,Rural,UNY
Yes,85249,Business,Fisheries,34561,14136,NA,NA,NA,NA,Urban,MFS
Yes,279088,Business,Transport,46315,34118,NA,NA,NA,NA,Urban,MFS
Yes,460663,Business,Poultry,352042,224890,NA,NA,NA,NA,Rural,UNY
Yes,276532,Business,Food Business,110967,106107,NA,NA,NA,NA,Urban,AMY
Yes,92208,Business,Service Business,48162,42988,NA,NA,NA,NA,Urban,AMY
Yes,275529,Education,NA,562576,562576,Postgraduate,BCA,Management,Yes,Urban,ELS
Yes,307331,Business,Food Business,114659,103302,NA,NA,NA,NA,Rural,MFS
Yes,477063,Business,Tailoring,5000000,5000000,NA,NA,NA,NA,Urban,NO_ELIGIBLE_SCHEME
Yes,180913,Business,Tailoring,289662,41978,NA,NA,NA,NA,Rural,UNY
Yes,422608,Education,NA,1296686,1296686,Postgraduate,MBA,Management,Yes,Urban,ELS
Yes,390013,Education,NA,4368888,1589441,12th,BCA,Medical,Yes,Urban,ELS
Yes,100259,Business,Repair Shop,74996,21992,NA,NA,NA,NA,Urban,AMY
Yes,271510,Education,NA,3642987,2999571,Postgraduate,Engineering,Technical,Yes,Urban,ELS
Yes,414835,Business,Tailoring,116153,109264,NA,NA,NA,NA,Urban,AMY
Yes,387232,Business,Grocery Shop,543210,485925,NA,NA,NA,NA,Rural,TERM_LOAN
Yes,420817,Business,Transport,41181,27164,NA,NA,NA,NA,Rural,MFS
Yes,100295,Education,NA,1615260,1615260,Graduate,Nursing,Technical,Yes,Rural,ELS
Yes,174868,Business,Transport,56895,44721,NA,NA,NA,NA,Urban,MFS
Yes,408440,Business,Service Business,90187,42118,NA,NA,NA,NA,Urban,AMY
Yes,386370,Business,Poultry,80164,27451,NA,NA,NA,NA,Rural,MFS
Yes,245745,Business,Poultry,74708,57497,NA,NA,NA,NA,Urban,AMY
Yes,77825,Business,Food Business,313460,200108,NA,NA,NA,NA,Urban,UNY
Yes,171021,Business,Service Business,181022,70361,NA,NA,NA,NA,Urban,UNY
Yes,441786,Business,Fisheries,131279,68437,NA,NA,NA,NA,Rural,AMY
Yes,336879,Business,Tailoring,6237065,5423277,NA,NA,NA,NA,Rural,NO_ELIGIBLE_SCHEME
Yes,414332,Business,Food Business,117164,31339,NA,NA,NA,NA,Urban,AMY
Yes,153803,Business,Food Business,470760,380877,NA,NA,NA,NA,Rural,UNY
Yes,485349,Business,Transport,52356,24376,NA,NA,NA,NA,Rural,MFS
Yes,339013,Business,Transport,2765716,1522820,NA,NA,NA,NA,Rural,TERM_LOAN
Yes,66448,Business,Poultry,73636,46128,NA,NA,NA,NA,Rural,AMY
Yes,442828,Business,Computer Centre,1449427,280355,NA,NA,NA,NA,Rural,TERM_LOAN
Yes,146169,Education,NA,2682161,1237234,Postgraduate,MBA,Technical,Yes,Rural,ELS
Yes,358051,Business,Tailoring,2458279,2279374,NA,NA,NA,NA,Rural,TERM_LOAN
Yes,244761,Business,Transport,37165,36323,NA,NA,NA,NA,Rural,AMY
Yes,409556,Business,Tailoring,31061,28544,NA,NA,NA,NA,Urban,MFS
Yes,127682,Business,Tailoring,93818,53850,NA,NA,NA,NA,Rural,AMY
Yes,278551,Business,Poultry,168780,149256,NA,NA,NA,NA,Urban,UNY
Yes,398495,Business,Computer Centre,41435,18610,NA,NA,NA,NA,Urban,AMY
Yes,343346,Business,Service Business,2208741,646958,NA,NA,NA,NA,Urban,TERM_LOAN
Yes,215863,Business,Transport,85009,30118,NA,NA,NA,NA,Urban,AMY
Yes,392171,Business,Poultry,105377,37030,NA,NA,NA,NA,Rural,AMY
Yes,188042,Business,Food Business,88428,15848,NA,NA,NA,NA,Urban,MFS
Yes,230624,Business,Poultry,91057,77811,NA,NA,NA,NA,Rural,MFS
Yes,145268,Business,Food Business,387222,279887,NA,NA,NA,NA,Rural,UNY
Yes,142818,Business,Service Business,47709,45342,NA,NA,NA,NA,Urban,MFS
Yes,418137,Business,Transport,147049,104362,NA,NA,NA,NA,Urban,UNY
Yes,495899,Business,Poultry,401110,213311,NA,NA,NA,NA,Rural,UNY
Yes,64031,Business,Small Manufacturing,443716,92579,NA,NA,NA,NA,Urban,TERM_LOAN
Yes,234757,Business,Tailoring,2492917,2424140,NA,NA,NA,NA,Urban,TERM_LOAN
Yes,412258,Business,Food Business,5000000,5000000,NA,NA,NA,NA,Urban,NO_ELIGIBLE_SCHEME
Yes,104553,Education,NA,1377543,1122618,Postgraduate,MBA,Medical,No,Urban,NO_ELIGIBLE_SCHEME
Yes,414063,Business,Food Business,190895,108853,NA,NA,NA,NA,Rural,UNY
Yes,406824,Education,NA,1839562,1839562,Postgraduate,MBA,Technical,Yes,Rural,ELS
Yes,143038,Business,Computer Centre,247315,73059,NA,NA,NA,NA,Rural,UNY
Yes,227043,Business,Small Manufacturing,56137,24232,NA,NA,NA,NA,Rural,AMY
Yes,476047,Business,Tailoring,124349,42757,NA,NA,NA,NA,Rural,AMY
Yes,480746,Business,Repair Shop,5000000,5000000,NA,NA,NA,NA,Urban,NO_ELIGIBLE_SCHEME
Yes,276816,Business,Small Manufacturing,130634,26912,NA,NA,NA,NA,Rural,MFS
No,258935,Business,Computer Centre,125701,116253,NA,NA,NA,NA,Urban,NO_ELIGIBLE_SCHEME
Yes,189024,Education,NA,113127,113127,Postgraduate,Medical,Technical,Yes,Urban,ELS
Yes,464329,Business,Tailoring,5000000,5000000,NA,NA,NA,NA,Rural,NO_ELIGIBLE_SCHEME
Yes,139553,Business,Tailoring,2261164,1206683,NA,NA,NA,NA,Rural,TERM_LOAN
Yes,141413,Business,Computer Centre,4308669,3443962,NA,NA,NA,NA,Rural,TERM_LOAN
Yes,406570,Business,Computer Centre,236930,204828,NA,NA,NA,NA,Rural,TERM_LOAN
Yes,64205,Education,NA,1317822,1317822,Postgraduate,Nursing,Technical,Yes,Rural,ELS
Yes,60857,Business,Fisheries,296022,108148,NA,NA,NA,NA,Urban,UNY
Yes,436749,Business,Fisheries,3537686,364120,NA,NA,NA,NA,Rural,TERM_LOAN
Yes,219908,Business,Poultry,41820,18194,NA,NA,NA,NA,Rural,MFS
Yes,495128,Business,Transport,228647,222814,NA,NA,NA,NA,Rural,TERM_LOAN
Yes,458051,Business,Small Manufacturing,3207046,1576985,NA,NA,NA,NA,Urban,TERM_LOAN
Yes,380480,Business,Transport,163901,52515,NA,NA,NA,NA,Rural,UNY
Yes,380648,Business,Grocery Shop,62142,40962,NA,NA,NA,NA,Urban,MFS
Yes,317623,Business,Food Business,4593035,4316941,NA,NA,NA,NA,Urban,TERM_LOAN
Yes,215694,Business,Tailoring,279053,101025,NA,NA,NA,NA,Rural,UNY
Yes,453259,Business,Grocery Shop,163134,40570,NA,NA,NA,NA,Rural,UNY
Yes,437992,Business,Tailoring,240851,76196,NA,NA,NA,NA,Rural,UNY
Yes,715589,Business,Grocery Shop,391201,53398,NA,NA,NA,NA,Rural,NO_ELIGIBLE_SCHEME
Yes,459229,Business,Tailoring,2295698,468269,NA,NA,NA,NA,Urban,TERM_LOAN
Yes,581728,Business,Tailoring,275535,187860,NA,NA,NA,NA,Urban,NO_ELIGIBLE_SCHEME
Yes,445151,Business,Computer Centre,66002,30787,NA,NA,NA,NA,Urban,AMY
Yes,455019,Business,Service Business,5000000,5000000,NA,NA,NA,NA,Rural,NO_ELIGIBLE_SCHEME
Yes,376617,Business,Fisheries,270377,76891,NA,NA,NA,NA,Rural,UNY
Yes,272218,Business,Fisheries,64591,49174,NA,NA,NA,NA,Rural,AMY
Yes,248417,Business,Tailoring,167452,87400,NA,NA,NA,NA,Urban,UNY
Yes,432059,Business,Service Business,95748,77672,NA,NA,NA,NA,Urban,AMY
Yes,271800,Business,Service Business,463666,241009,NA,NA,NA,NA,Urban,UNY
Yes,197237,Business,Food Business,66357,35773,NA,NA,NA,NA,Urban,AMY
Yes,309934,Education,NA,2302645,2302645,Postgraduate,Pharmacy,Management,Yes,Rural,ELS
Yes,329666,Business,Service Business,43224,11718,NA,NA,NA,NA,Rural,AMY
Yes,175192,Business,Computer Centre,131714,91290,NA,NA,NA,NA,Rural,MFS
Yes,448420,Business,Computer Centre,254311,156696,NA,NA,NA,NA,Rural,UNY
Yes,424214,Education,NA,1243811,909640,12th,Engineering,Professional,Yes,Rural,ELS
Yes,361397,Business,Tailoring,38819,13306,NA,NA,NA,NA,Urban,MFS
Yes,384768,Business,Repair Shop,63202,41537,NA,NA,NA,NA,Rural,MFS
Yes,51321,Business,Transport,383060,155588,NA,NA,NA,NA,Rural,UNY
Yes,299685,Business,Transport,2420837,953638,NA,NA,NA,NA,Urban,TERM_LOAN
No,111608,Business,Transport,466624,45708,NA,NA,NA,NA,Urban,NO_ELIGIBLE_SCHEME
Yes,114715,Business,Tailoring,138196,87735,NA,NA,NA,NA,Urban,AMY
Yes,716248,Business,Poultry,109659,174650,NA,NA,NA,NA,Urban,NO_ELIGIBLE_SCHEME
Yes,371104,Business,Food Business,491578,397379,NA,NA,NA,NA,Rural,UNY
Yes,105206,Education,NA,2281885,1449405,12th,Medical,Medical,Yes,Urban,ELS
Yes,546424,Business,Tailoring,102550,104146,NA,NA,NA,NA,Urban,NO_ELIGIBLE_SCHEME
Yes,383286,Business,Service Business,7279305,5088728,NA,NA,NA,NA,Urban,NO_ELIGIBLE_SCHEME
Yes,53852,Business,Small Manufacturing,106609,23410,NA,NA,NA,NA,Urban,MFS
Yes,80725,Education,NA,2882171,2466674,Graduate,Law,Technical,Yes,Rural,ELS
Yes,70898,Business,Transport,40543,29596,NA,NA,NA,NA,Urban,MFS
Yes,93762,Education,NA,3232678,3941401,Graduate,Pharmacy,Professional,No,Rural,NO_ELIGIBLE_SCHEME
Yes,59155,Business,Service Business,97901,80028,NA,NA,NA,NA,Rural,AMY
Yes,318278,Business,Repair Shop,279275,143766,NA,NA,NA,NA,Rural,UNY
Yes,377282,Education,NA,3482669,1576672,Graduate,Nursing,Medical,Yes,Rural,ELS
Yes,237494,Education,NA,3091406,3085518,12th,BTech,Technical,No,Urban,NO_ELIGIBLE_SCHEME
Yes,487378,Business,Grocery Shop,82194,77809,NA,NA,NA,NA,Urban,AMY
Yes,67499,Business,Transport,3415894,1896829,NA,NA,NA,NA,Rural,TERM_LOAN
Yes,256216,Business,Repair Shop,110258,16169,NA,NA,NA,NA,Urban,AMY
Yes,338332,Business,Service Business,375172,175266,NA,NA,NA,NA,Rural,UNY
Yes,319848,Business,Poultry,5000000,5000000,NA,NA,NA,NA,Rural,NO_ELIGIBLE_SCHEME
Yes,169895,Education,NA,3705198,2552852,Postgraduate,Law,Technical,No,Urban,NO_ELIGIBLE_SCHEME
Yes,259248,Education,NA,1696196,692464,12th,BTech,Technical,No,Urban,NO_ELIGIBLE_SCHEME
Yes,211976,Business,Fisheries,297810,191060,NA,NA,NA,NA,Rural,UNY
Yes,407742,Business,Fisheries,348978,122641,NA,NA,NA,NA,Urban,UNY
Yes,284994,Business,Fisheries,212544,109848,NA,NA,NA,NA,Urban,UNY
Yes,389088,Education,NA,376864,376864,12th,Law,Medical,Yes,Rural,ELS
Yes,323144,Education,NA,1784064,1784064,Graduate,Pharmacy,Technical,Yes,Urban,ELS
Yes,318983,Business,Grocery Shop,75722,61199,NA,NA,NA,NA,Rural,AMY
Yes,462461,Business,Small Manufacturing,457915,192772,NA,NA,NA,NA,Urban,UNY
Yes,67130,Business,Tailoring,30544,23584,NA,NA,NA,NA,Rural,AMY
Yes,296585,Business,Transport,257781,59222,NA,NA,NA,NA,Rural,UNY
Yes,487965,Business,Service Business,89793,32372,NA,NA,NA,NA,Rural,MFS
Yes,320979,Business,Grocery Shop,425409,31883,NA,NA,NA,NA,Urban,UNY
Yes,430298,Business,Fisheries,2685696,1890414,NA,NA,NA,NA,Rural,TERM_LOAN
Yes,338401,Business,Computer Centre,76179,51307,NA,NA,NA,NA,Urban,MFS
Yes,435041,Education,NA,2846383,1928737,12th,MCA,Professional,Yes,Urban,ELS
Yes,399707,Business,Tailoring,2205902,1505546,NA,NA,NA,NA,Urban,TERM_LOAN
Yes,491504,Business,Food Business,5000000,5000000,NA,NA,NA,NA,Rural,NO_ELIGIBLE_SCHEME
Yes,430626,Business,Poultry,450670,50786,NA,NA,NA,NA,Urban,UNY
Yes,340000,Business,Poultry,6451053,5286157,NA,NA,NA,NA,Rural,NO_ELIGIBLE_SCHEME
Yes,232484,Business,Tailoring,343223,141501,NA,NA,NA,NA,Urban,UNY
Yes,296808,Business,Food Business,3763119,2302523,NA,NA,NA,NA,Rural,TERM_LOAN
Yes,68922,Business,Grocery Shop,4744632,2250030,NA,NA,NA,NA,Rural,TERM_LOAN
Yes,192882,Business,Poultry,99579,75771,NA,NA,NA,NA,Urban,MFS
Yes,189983,Business,Tailoring,428640,97324,NA,NA,NA,NA,Rural,UNY
Yes,156064,Business,Repair Shop,360039,312432,NA,NA,NA,NA,Rural,UNY
Yes,194822,Business,Poultry,4558734,618742,NA,NA,NA,NA,Rural,TERM_LOAN
Yes,139430,Education,NA,3302368,3302368,12th,MBA,Medical,Yes,Urban,ELS
Yes,186834,Business,Computer Centre,61034,29115,NA,NA,NA,NA,Urban,MFS
Yes,331484,Business,Poultry,134792,124292,NA,NA,NA,NA,Urban,MFS
Yes,451994,Business,Small Manufacturing,2222997,1850214,NA,NA,NA,NA,Urban,TERM_LOAN
Yes,423602,Business,Fisheries,62244,24218,NA,NA,NA,NA,Rural,AMY
Yes,466466,Business,Repair Shop,69286,47373,NA,NA,NA,NA,Urban,MFS
Yes,173060,Business,Transport,102933,74324,NA,NA,NA,NA,Rural,AMY
Yes,102658,Business,Small Manufacturing,35027,24200,NA,NA,NA,NA,Urban,AMY
Yes,143868,Education,NA,844807,138702,Postgraduate,Engineering,Technical,Yes,Urban,ELS
Yes,257495,Business,Repair Shop,98676,20308,NA,NA,NA,NA,Urban,MFS
Yes,462359,Business,Small Manufacturing,56318,18661,NA,NA,NA,NA,Urban,MFS
Yes,406730,Business,Fisheries,2474042,2068209,NA,NA,NA,NA,Urban,TERM_LOAN
Yes,251185,Business,Small Manufacturing,459724,222297,NA,NA,NA,NA,Rural,UNY
Yes,221226,Business,Computer Centre,35326,12507,NA,NA,NA,NA,Rural,AMY
Yes,460019,Business,Transport,57149,11226,NA,NA,NA,NA,Rural,AMY
Yes,71471,Business,Fisheries,32043,24872,NA,NA,NA,NA,Urban,AMY
Yes,472101,Education,NA,3063020,1204182,12th,Law,Technical,Yes,Rural,ELS
Yes,54461,Business,Service Business,538661,192711,NA,NA,NA,NA,Rural,TERM_LOAN
Yes,434139,Business,Small Manufacturing,138209,119434,NA,NA,NA,NA,Urban,AMY
Yes,347886,Business,Grocery Shop,74754,40556,NA,NA,NA,NA,Urban,AMY
Yes,296369,Business,Small Manufacturing,70388,66058,NA,NA,NA,NA,Urban,AMY
Yes,410153,Education,NA,3716536,372982,Postgraduate,BCA,Technical,Yes,Urban,ELS
Yes,219195,Business,Grocery Shop,4632320,3170176,NA,NA,NA,NA,Rural,TERM_LOAN
Yes,381138,Business,Service Business,234586,55019,NA,NA,NA,NA,Rural,UNY
Yes,404251,Business,Poultry,47878,24650,NA,NA,NA,NA,Urban,AMY
Yes,363472,Education,NA,3207609,2836293,Graduate,MCA,Professional,Yes,Rural,ELS
Yes,155480,Business,Repair Shop,31480,30991,NA,NA,NA,NA,Urban,MFS
Yes,370238,Education,NA,2681108,2681108,Postgraduate,Medical,Medical,Yes,Urban,ELS
Yes,310740,Business,Transport,55920,11420,NA,NA,NA,NA,Rural,AMY
No,100527,Business,Computer Centre,249842,341400,NA,NA,NA,NA,Rural,NO_ELIGIBLE_SCHEME
Yes,424894,Business,Small Manufacturing,6094551,5402083,NA,NA,NA,NA,Urban,NO_ELIGIBLE_SCHEME
No,394802,Business,Small Manufacturing,393583,368621,NA,NA,NA,NA,Urban,NO_ELIGIBLE_SCHEME
Yes,289394,Education,NA,2048246,1527576,Postgraduate,MBA,Professional,Yes,Rural,ELS
Yes,225491,Business,Poultry,4962120,4034118,NA,NA,NA,NA,Rural,TERM_LOAN
Yes,117788,Education,NA,2300500,2300500,Graduate,BTech,Management,Yes,Rural,ELS
Yes,224291,Business,Poultry,114255,50712,NA,NA,NA,NA,Rural,AMY
Yes,125163,Business,Small Manufacturing,102987,31115,NA,NA,NA,NA,Urban,AMY
Yes,367387,Business,Computer Centre,70944,69620,NA,NA,NA,NA,Urban,MFS
Yes,377835,Business,Small Manufacturing,1788494,1612266,NA,NA,NA,NA,Rural,TERM_LOAN
Yes,252041,Business,Fisheries,402984,344508,NA,NA,NA,NA,Rural,UNY
Yes,256298,Business,Computer Centre,381944,199754,NA,NA,NA,NA,Urban,UNY
Yes,449428,Business,Food Business,7230857,6480449,NA,NA,NA,NA,Rural,NO_ELIGIBLE_SCHEME
Yes,277950,Business,Transport,4873681,346273,NA,NA,NA,NA,Urban,TERM_LOAN
Yes,225164,Education,NA,1355682,1153361,Postgraduate,Pharmacy,Management,Yes,Urban,ELS
Yes,417698,Business,Computer Centre,4876583,3465481,NA,NA,NA,NA,Urban,TERM_LOAN
Yes,470617,Business,Service Business,84529,73265,NA,NA,NA,NA,Urban,MFS
Yes,270863,Business,Food Business,81088,78386,NA,NA,NA,NA,Urban,AMY
Yes,236993,Business,Grocery Shop,117422,42931,NA,NA,NA,NA,Rural,AMY
Yes,73215,Business,Fisheries,1111337,758898,NA,NA,NA,NA,Urban,TERM_LOAN
Yes,133106,Education,NA,1803099,1803099,Postgraduate,MCA,Technical,Yes,Rural,ELS
Yes,199075,Business,Food Business,31607,28810,NA,NA,NA,NA,Urban,MFS
Yes,219167,Business,Fisheries,51581,20614,NA,NA,NA,NA,Urban,MFS
Yes,481961,Business,Poultry,2487161,924392,NA,NA,NA,NA,Urban,TERM_LOAN
Yes,162791,Business,Transport,127794,79531,NA,NA,NA,NA,Urban,MFS
Yes,319870,Business,Computer Centre,126437,17184,NA,NA,NA,NA,Rural,MFS
Yes,121397,Business,Poultry,73525,45973,NA,NA,NA,NA,Rural,AMY
Yes,199434,Education,NA,621135,621135,Graduate,BTech,Medical,Yes,Urban,ELS
Yes,177850,Business,Transport,2252439,1311504,NA,NA,NA,NA,Urban,TERM_LOAN
Yes,208195,Business,Small Manufacturing,5000000,5000000,NA,NA,NA,NA,Urban,NO_ELIGIBLE_SCHEME
Yes,235546,Business,Service Business,229557,185336,NA,NA,NA,NA,Rural,UNY
Yes,369141,Business,Repair Shop,155937,153859,NA,NA,NA,NA,Rural,UNY
Yes,174894,Business,Computer Centre,5000000,5000000,NA,NA,NA,NA,Urban,NO_ELIGIBLE_SCHEME
Yes,423666,Business,Transport,128599,117569,NA,NA,NA,NA,Rural,MFS
Yes,178187,Education,NA,1590938,1590938,12th,BTech,Management,Yes,Urban,ELS
Yes,289357,Business,Computer Centre,287635,200380,NA,NA,NA,NA,Urban,UNY
Yes,325717,Education,NA,1523615,1523615,Postgraduate,Pharmacy,Management,Yes,Rural,ELS
Yes,494049,Education,NA,3943414,1444185,Graduate,Law,Management,Yes,Urban,ELS
Yes,224975,Business,Small Manufacturing,69470,56540,NA,NA,NA,NA,Urban,AMY
Yes,262804,Business,Poultry,340606,181193,NA,NA,NA,NA,Rural,UNY
Yes,614173,Business,Service Business,265418,285305,NA,NA,NA,NA,Rural,NO_ELIGIBLE_SCHEME
Yes,226742,Education,NA,379426,467062,Graduate,BTech,Management,No,Rural,NO_ELIGIBLE_SCHEME
Yes,173087,Business,Repair Shop,110931,18968,NA,NA,NA,NA,Rural,MFS
Yes,352525,Business,Tailoring,94454,19710,NA,NA,NA,NA,Rural,MFS
Yes,103951,Business,Service Business,63438,60680,NA,NA,NA,NA,Rural,MFS
Yes,388808,Business,Grocery Shop,7104134,6359225,NA,NA,NA,NA,Urban,NO_ELIGIBLE_SCHEME
Yes,425835,Business,Service Business,202316,117347,NA,NA,NA,NA,Urban,UNY
Yes,312882,Education,NA,2204786,2622973,Postgraduate,MCA,Professional,No,Rural,NO_ELIGIBLE_SCHEME
Yes,469431,Education,NA,2817987,1799393,12th,Engineering,Medical,Yes,Rural,ELS
Yes,117567,Business,Computer Centre,361903,182911,NA,NA,NA,NA,Urban,UNY
Yes,133163,Business,Food Business,2782924,870269,NA,NA,NA,NA,Rural,TERM_LOAN
Yes,265340,Business,Service Business,236742,68459,NA,NA,NA,NA,Rural,UNY
Yes,325372,Business,Tailoring,81662,80275,NA,NA,NA,NA,Rural,MFS
Yes,249992,Business,Transport,68655,65700,NA,NA,NA,NA,Rural,MFS
Yes,408356,Education,NA,2825267,584038,Postgraduate,Nursing,Professional,Yes,Rural,ELS
Yes,456907,Business,Transport,189312,84323,NA,NA,NA,NA,Rural,TERM_LOAN
Yes,634786,Business,Grocery Shop,476110,232344,NA,NA,NA,NA,Rural,NO_ELIGIBLE_SCHEME
Yes,143040,Business,Computer Centre,74663,56985,NA,NA,NA,NA,Rural,MFS
Yes,545316,Business,Tailoring,130861,219570,NA,NA,NA,NA,Rural,NO_ELIGIBLE_SCHEME
Yes,175669,Business,Poultry,81583,15723,NA,NA,NA,NA,Urban,AMY
Yes,447801,Business,Small Manufacturing,2942394,1728811,NA,NA,NA,NA,Rural,TERM_LOAN
Yes,444193,Business,Grocery Shop,71441,70884,NA,NA,NA,NA,Rural,MFS
Yes,360565,Business,Service Business,4275473,3171245,NA,NA,NA,NA,Urban,TERM_LOAN
Yes,61529,Education,NA,2837688,68367,Graduate,MCA,Technical,Yes,Rural,ELS
Yes,396596,Business,Small Manufacturing,129637,20029,NA,NA,NA,NA,Urban,MFS
Yes,246562,Business,Fisheries,80615,20696,NA,NA,NA,NA,Rural,MFS
Yes,358661,Business,Fisheries,126247,98065,NA,NA,NA,NA,Urban,MFS
Yes,388870,Business,Fisheries,44311,13268,NA,NA,NA,NA,Rural,AMY
Yes,200630,Business,Repair Shop,395732,381569,NA,NA,NA,NA,Rural,UNY
Yes,376759,Education,NA,546515,245400,12th,BTech,Management,Yes,Rural,ELS
Yes,389374,Business,Transport,178706,28418,NA,NA,NA,NA,Urban,UNY
Yes,186493,Business,Computer Centre,383407,193217,NA,NA,NA,NA,Urban,UNY
Yes,139343,Business,Computer Centre,92517,91062,NA,NA,NA,NA,Rural,AMY
Yes,278864,Business,Tailoring,55381,32487,NA,NA,NA,NA,Rural,AMY
Yes,428107,Business,Service Business,98712,92447,NA,NA,NA,NA,Urban,MFS
Yes,414964,Business,Small Manufacturing,132069,86735,NA,NA,NA,NA,Rural,MFS
Yes,351631,Business,Tailoring,42272,15410,NA,NA,NA,NA,Rural,AMY
Yes,430756,Business,Transport,102130,80971,NA,NA,NA,NA,Urban,AMY
Yes,228459,Education,NA,113448,1040285,12th,BTech,Medical,No,Rural,NO_ELIGIBLE_SCHEME
Yes,55030,Business,Computer Centre,113354,100893,NA,NA,NA,NA,Rural,MFS
Yes,301126,Business,Transport,148858,114816,NA,NA,NA,NA,Rural,UNY
Yes,259919,Education,NA,3426710,3800613,Postgraduate,BTech,Medical,No,Urban,NO_ELIGIBLE_SCHEME
Yes,389409,Business,Poultry,92140,27342,NA,NA,NA,NA,Rural,MFS
Yes,377294,Business,Computer Centre,4830497,1931196,NA,NA,NA,NA,Rural,TERM_LOAN
Yes,300898,Business,Food Business,3634478,1384125,NA,NA,NA,NA,Urban,TERM_LOAN
Yes,86029,Business,Food Business,498929,121036,NA,NA,NA,NA,Urban,UNY
Yes,108253,Business,Food Business,66779,18945,NA,NA,NA,NA,Urban,MFS
Yes,74107,Business,Food Business,31610,18013,NA,NA,NA,NA,Urban,MFS
Yes,232586,Business,Computer Centre,7182474,5585963,NA,NA,NA,NA,Rural,NO_ELIGIBLE_SCHEME
Yes,234479,Business,Service Business,115972,29844,NA,NA,NA,NA,Urban,AMY
Yes,343112,Education,NA,3595347,940928,12th,Law,Medical,Yes,Rural,ELS
Yes,196222,Education,NA,3116254,630519,Graduate,MCA,Management,Yes,Urban,ELS
Yes,114053,Business,Poultry,4155088,1593906,NA,NA,NA,NA,Urban,TERM_LOAN
Yes,388862,Business,Computer Centre,112429,66919,NA,NA,NA,NA,Urban,AMY
Yes,54419,Business,Service Business,261923,213077,NA,NA,NA,NA,Rural,UNY
Yes,139710,Business,Fisheries,102371,25611,NA,NA,NA,NA,Rural,AMY
No,106263,Business,Poultry,454631,212589,NA,NA,NA,NA,Rural,NO_ELIGIBLE_SCHEME
Yes,438964,Business,Computer Centre,349613,37619,NA,NA,NA,NA,Urban,UNY
Yes,245160,Business,Grocery Shop,55969,36252,NA,NA,NA,NA,Urban,MFS
Yes,327445,Education,NA,3238279,1646697,12th,Engineering,Medical,Yes,Urban,ELS
Yes,363678,Business,Fisheries,7531187,6145436,NA,NA,NA,NA,Urban,NO_ELIGIBLE_SCHEME
Yes,248914,Education,NA,251095,251095,Postgraduate,BTech,Management,Yes,Rural,ELS
Yes,303111,Business,Grocery Shop,75215,11609,NA,NA,NA,NA,Urban,MFS
Yes,89348,Business,Tailoring,4307865,2666305,NA,NA,NA,NA,Rural,TERM_LOAN
Yes,192763,Business,Transport,267864,176146,NA,NA,NA,NA,Urban,UNY
Yes,365317,Business,Poultry,377506,108973,NA,NA,NA,NA,Urban,UNY
Yes,479412,Business,Grocery Shop,171816,133305,NA,NA,NA,NA,Rural,TERM_LOAN
Yes,277637,Business,Tailoring,271649,146043,NA,NA,NA,NA,Rural,UNY
Yes,481754,Business,Food Business,65910,34140,NA,NA,NA,NA,Urban,MFS
Yes,196442,Business,Fisheries,3687325,1927953,NA,NA,NA,NA,Rural,TERM_LOAN
Yes,466713,Business,Service Business,6480671,6746549,NA,NA,NA,NA,Rural,NO_ELIGIBLE_SCHEME
Yes,210195,Business,Grocery Shop,2999584,1699495,NA,NA,NA,NA,Rural,TERM_LOAN
Yes,88639,Education,NA,1544447,1838605,Graduate,MCA,Technical,No,Urban,NO_ELIGIBLE_SCHEME
Yes,253176,Business,Food Business,806314,322852,NA,NA,NA,NA,Urban,TERM_LOAN
Yes,324492,Business,Small Manufacturing,2505076,2338412,NA,NA,NA,NA,Urban,TERM_LOAN
Yes,406286,Business,Small Manufacturing,4048598,2257825,NA,NA,NA,NA,Rural,TERM_LOAN
Yes,240470,Business,Food Business,123933,96136,NA,NA,NA,NA,Rural,MFS
Yes,372838,Education,NA,1458135,1522819,Postgraduate,Engineering,Technical,No,Rural,NO_ELIGIBLE_SCHEME
Yes,162400,Business,Grocery Shop,517792,160444,NA,NA,NA,NA,Rural,TERM_LOAN
Yes,256696,Education,NA,1143334,1143334,12th,MBA,Professional,Yes,Rural,ELS
Yes,153050,Education,NA,938187,938187,Graduate,MCA,Technical,Yes,Rural,ELS
Yes,263459,Business,Poultry,104692,76578,NA,NA,NA,NA,Urban,AMY
Yes,478023,Business,Food Business,30841,15518,NA,NA,NA,NA,Rural,AMY
Yes,454277,Business,Service Business,138966,100812,NA,NA,NA,NA,Rural,MFS
Yes,147940,Business,Fisheries,50017,44973,NA,NA,NA,NA,Rural,AMY
Yes,282996,Business,Transport,44367,17860,NA,NA,NA,NA,Urban,AMY
Yes,387488,Business,Grocery Shop,327421,91573,NA,NA,NA,NA,Urban,UNY
Yes,414347,Business,Repair Shop,48920,14732,NA,NA,NA,NA,Rural,AMY
Yes,82477,Business,Tailoring,286097,263820,NA,NA,NA,NA,Urban,UNY
Yes,260902,Business,Food Business,127064,15798,NA,NA,NA,NA,Rural,MFS
Yes,268302,Business,Tailoring,117096,62844,NA,NA,NA,NA,Rural,AMY
Yes,361282,Business,Computer Centre,81505,49221,NA,NA,NA,NA,Urban,MFS
Yes,65078,Business,Grocery Shop,52571,29967,NA,NA,NA,NA,Rural,MFS
Yes,366734,Business,Fisheries,3546784,1654110,NA,NA,NA,NA,Urban,TERM_LOAN
Yes,397871,Business,Computer Centre,98136,21921,NA,NA,NA,NA,Urban,AMY
Yes,262416,Business,Transport,421459,37163,NA,NA,NA,NA,Urban,UNY
Yes,333421,Business,Repair Shop,92410,71235,NA,NA,NA,NA,Urban,MFS
Yes,379869,Business,Repair Shop,3927498,1157740,NA,NA,NA,NA,Urban,TERM_LOAN
Yes,125729,Business,Poultry,191795,191275,NA,NA,NA,NA,Urban,UNY
Yes,82795,Business,Grocery Shop,6078696,5701024,NA,NA,NA,NA,Rural,NO_ELIGIBLE_SCHEME
Yes,481645,Business,Tailoring,1877965,1398472,NA,NA,NA,NA,Urban,TERM_LOAN
Yes,111590,Education,NA,1470299,158028,12th,Law,Professional,Yes,Urban,ELS
Yes,242847,Education,NA,4204570,3283203,Graduate,Medical,Management,Yes,Rural,ELS
Yes,81745,Business,Transport,399762,65596,NA,NA,NA,NA,Rural,UNY
Yes,300060,Business,Small Manufacturing,6351910,6379595,NA,NA,NA,NA,Urban,NO_ELIGIBLE_SCHEME
Yes,476726,Business,Service Business,74658,23647,NA,NA,NA,NA,Urban,MFS
Yes,91958,Business,Food Business,2096038,1817392,NA,NA,NA,NA,Rural,TERM_LOAN
Yes,158072,Education,NA,3903832,3903832,Postgraduate,MBA,Professional,Yes,Urban,ELS
Yes,428882,Business,Tailoring,392264,373431,NA,NA,NA,NA,Rural,UNY
Yes,444194,Education,NA,966695,892064,12th,Pharmacy,Technical,No,Rural,NO_ELIGIBLE_SCHEME
Yes,281488,Business,Computer Centre,128295,19552,NA,NA,NA,NA,Rural,AMY
Yes,462625,Business,Grocery Shop,75938,43640,NA,NA,NA,NA,Rural,MFS
Yes,229688,Business,Fisheries,126059,53420,NA,NA,NA,NA,Rural,AMY
Yes,311153,Business,Grocery Shop,62264,60348,NA,NA,NA,NA,Urban,MFS
Yes,225931,Business,Computer Centre,375398,349992,NA,NA,NA,NA,Rural,UNY
Yes,282363,Business,Computer Centre,42395,40320,NA,NA,NA,NA,Rural,AMY
Yes,324125,Business,Food Business,2402993,808946,NA,NA,NA,NA,Urban,TERM_LOAN
Yes,113416,Business,Service Business,234743,35971,NA,NA,NA,NA,Rural,UNY
Yes,543810,Business,Poultry,241786,279920,NA,NA,NA,NA,Urban,NO_ELIGIBLE_SCHEME
Yes,464420,Education,NA,2293017,2293017,12th,BCA,Medical,Yes,Rural,ELS
Yes,54935,Business,Transport,4777994,905683,NA,NA,NA,NA,Rural,TERM_LOAN
Yes,123324,Business,Food Business,5000000,5000000,NA,NA,NA,NA,Urban,NO_ELIGIBLE_SCHEME
Yes,320933,Business,Grocery Shop,4407836,2166660,NA,NA,NA,NA,Urban,TERM_LOAN
Yes,369549,Business,Transport,52946,15175,NA,NA,NA,NA,Rural,MFS
Yes,199455,Business,Fisheries,114523,57735,NA,NA,NA,NA,Urban,MFS
Yes,80595,Business,Poultry,5000000,5000000,NA,NA,NA,NA,Urban,NO_ELIGIBLE_SCHEME
Yes,222100,Business,Repair Shop,308340,69094,NA,NA,NA,NA,Urban,UNY
Yes,140356,Business,Repair Shop,104369,97424,NA,NA,NA,NA,Rural,AMY
Yes,396622,Business,Tailoring,54955,46580,NA,NA,NA,NA,Rural,AMY
Yes,108212,Business,Small Manufacturing,5000000,5000000,NA,NA,NA,NA,Rural,NO_ELIGIBLE_SCHEME
Yes,304311,Business,Small Manufacturing,132956,13809,NA,NA,NA,NA,Rural,MFS
Yes,138279,Business,Poultry,40749,20946,NA,NA,NA,NA,Rural,AMY
Yes,509472,Business,Small Manufacturing,108523,136653,NA,NA,NA,NA,Rural,NO_ELIGIBLE_SCHEME
Yes,255964,Business,Poultry,49884,32399,NA,NA,NA,NA,Rural,MFS
Yes,250191,Business,Tailoring,275555,106803,NA,NA,NA,NA,Urban,UNY
Yes,144774,Education,NA,2913457,2479682,Graduate,BTech,Management,Yes,Urban,ELS
Yes,195378,Business,Tailoring,51229,14849,NA,NA,NA,NA,Urban,MFS
Yes,399124,Business,Poultry,118356,86645,NA,NA,NA,NA,Urban,AMY
Yes,346673,Business,Small Manufacturing,4669392,4009216,NA,NA,NA,NA,Urban,TERM_LOAN
Yes,466982,Business,Fisheries,5000000,5000000,NA,NA,NA,NA,Urban,NO_ELIGIBLE_SCHEME
Yes,295372,Business,Service Business,195243,141731,NA,NA,NA,NA,Rural,UNY
Yes,234037,Business,Transport,77654,46773,NA,NA,NA,NA,Rural,AMY
Yes,299586,Business,Food Business,495531,28675,NA,NA,NA,NA,Urban,UNY
Yes,495540,Business,Fisheries,225041,102212,NA,NA,NA,NA,Urban,UNY
Yes,485143,Business,Transport,6740732,5645611,NA,NA,NA,NA,Urban,NO_ELIGIBLE_SCHEME
Yes,218531,Education,NA,1512712,1512712,12th,Engineering,Management,Yes,Rural,ELS
Yes,229521,Business,Small Manufacturing,120626,74182,NA,NA,NA,NA,Rural,AMY
Yes,445531,Business,Small Manufacturing,79343,34101,NA,NA,NA,NA,Urban,MFS
Yes,132676,Business,Grocery Shop,192303,90320,NA,NA,NA,NA,Rural,UNY
Yes,146409,Business,Tailoring,84262,31930,NA,NA,NA,NA,Rural,MFS
Yes,229204,Business,Grocery Shop,2757670,90716,NA,NA,NA,NA,Rural,TERM_LOAN
Yes,137562,Business,Poultry,418308,211786,NA,NA,NA,NA,Rural,UNY
Yes,464769,Business,Fisheries,56422,12870,NA,NA,NA,NA,Rural,MFS
Yes,56404,Education,NA,3639073,1138540,12th,Nursing,Management,Yes,Rural,ELS
Yes,459850,Business,Grocery Shop,4784673,779476,NA,NA,NA,NA,Rural,TERM_LOAN
Yes,787895,Business,Computer Centre,212913,161723,NA,NA,NA,NA,Rural,NO_ELIGIBLE_SCHEME
Yes,147817,Business,Service Business,314952,195886,NA,NA,NA,NA,Rural,TERM_LOAN
Yes,272454,Business,Small Manufacturing,2218287,1542558,NA,NA,NA,NA,Rural,TERM_LOAN
Yes,199765,Business,Computer Centre,2043413,50986,NA,NA,NA,NA,Rural,TERM_LOAN
Yes,93215,Business,Small Manufacturing,121987,62727,NA,NA,NA,NA,Rural,MFS
Yes,352995,Business,Small Manufacturing,76090,23579,NA,NA,NA,NA,Rural,MFS
Yes,102117,Business,Small Manufacturing,5000000,5000000,NA,NA,NA,NA,Urban,NO_ELIGIBLE_SCHEME
Yes,446731,Business,Service Business,7846157,6749258,NA,NA,NA,NA,Rural,NO_ELIGIBLE_SCHEME
Yes,123843,Business,Food Business,221879,31722,NA,NA,NA,NA,Rural,UNY
Yes,498724,Business,Grocery Shop,152134,100975,NA,NA,NA,NA,Urban,UNY
Yes,323438,Business,Computer Centre,164584,77205,NA,NA,NA,NA,Rural,UNY
Yes,700371,Business,Fisheries,152540,130486,NA,NA,NA,NA,Rural,NO_ELIGIBLE_SCHEME
Yes,469266,Business,Fisheries,5000000,5000000,NA,NA,NA,NA,Urban,NO_ELIGIBLE_SCHEME
Yes,264918,Business,Fisheries,7363412,5846710,NA,NA,NA,NA,Rural,NO_ELIGIBLE_SCHEME
Yes,368088,Business,Service Business,62747,28359,NA,NA,NA,NA,Urban,AMY
Yes,141776,Business,Repair Shop,258893,84412,NA,NA,NA,NA,Rural,UNY
Yes,425555,Business,Grocery Shop,110427,97612,NA,NA,NA,NA,Urban,AMY
Yes,446511,Business,Transport,225991,144901,NA,NA,NA,NA,Rural,UNY
Yes,419182,Business,Food Business,312247,179629,NA,NA,NA,NA,Urban,UNY
Yes,417418,Business,Repair Shop,5000000,5000000,NA,NA,NA,NA,Urban,NO_ELIGIBLE_SCHEME
Yes,238310,Business,Tailoring,6671966,5803890,NA,NA,NA,NA,Rural,NO_ELIGIBLE_SCHEME
Yes,435016,Business,Grocery Shop,3824200,1921277,NA,NA,NA,NA,Urban,TERM_LOAN
Yes,542037,Business,Fisheries,125377,163581,NA,NA,NA,NA,Rural,NO_ELIGIBLE_SCHEME
Yes,474681,Business,Repair Shop,103446,83071,NA,NA,NA,NA,Urban,MFS
Yes,417697,Business,Small Manufacturing,114485,30174,NA,NA,NA,NA,Rural,MFS
Yes,411251,Business,Tailoring,150248,143350,NA,NA,NA,NA,Urban,UNY
Yes,366669,Education,NA,4481385,2346579,12th,Pharmacy,Technical,Yes,Urban,ELS
Yes,277794,Business,Small Manufacturing,5000000,5000000,NA,NA,NA,NA,Urban,NO_ELIGIBLE_SCHEME
Yes,375060,Education,NA,3130170,2177549,12th,BCA,Professional,Yes,Urban,ELS
Yes,229069,Business,Food Business,5000000,5000000,NA,NA,NA,NA,Urban,NO_ELIGIBLE_SCHEME
Yes,283150,Education,NA,146466,146466,12th,Nursing,Management,Yes,Urban,ELS
Yes,491442,Business,Food Business,54523,30616,NA,NA,NA,NA,Rural,MFS
Yes,94812,Business,Service Business,7738560,5724827,NA,NA,NA,NA,Rural,NO_ELIGIBLE_SCHEME
Yes,110853,Business,Poultry,84522,21253,NA,NA,NA,NA,Urban,MFS
Yes,114207,Business,Grocery Shop,7675641,6261730,NA,NA,NA,NA,Urban,NO_ELIGIBLE_SCHEME
Yes,352536,Business,Small Manufacturing,91463,43827,NA,NA,NA,NA,Urban,AMY
Yes,123208,Business,Tailoring,384609,371125,NA,NA,NA,NA,Rural,UNY
Yes,391823,Business,Computer Centre,220722,123104,NA,NA,NA,NA,Urban,UNY
Yes,238278,Business,Food Business,132487,103502,NA,NA,NA,NA,Urban,MFS
Yes,419481,Business,Computer Centre,41829,35573,NA,NA,NA,NA,Urban,AMY
Yes,498864,Business,Small Manufacturing,90874,64404,NA,NA,NA,NA,Urban,AMY
Yes,185721,Business,Grocery Shop,3371165,2393003,NA,NA,NA,NA,Urban,TERM_LOAN
Yes,211260,Business,Grocery Shop,250198,128423,NA,NA,NA,NA,Urban,UNY
No,247660,Business,Tailoring,194050,93716,NA,NA,NA,NA,Urban,NO_ELIGIBLE_SCHEME
Yes,190862,Education,NA,2465988,597469,Graduate,Nursing,Technical,Yes,Urban,ELS
Yes,400752,Business,Small Manufacturing,254571,175895,NA,NA,NA,NA,Urban,UNY
Yes,230857,Business,Tailoring,75934,39626,NA,NA,NA,NA,Rural,AMY
Yes,95994,Business,Poultry,309491,122553,NA,NA,NA,NA,Urban,UNY
Yes,218428,Education,NA,3504315,2559106,Postgraduate,Medical,Medical,No,Urban,NO_ELIGIBLE_SCHEME
Yes,356176,Business,Repair Shop,47048,20546,NA,NA,NA,NA,Rural,MFS
Yes,480418,Education,NA,3428909,1616641,Graduate,Engineering,Medical,Yes,Rural,ELS
Yes,249398,Education,NA,1646541,1631267,Postgraduate,BCA,Medical,Yes,Rural,ELS
Yes,87576,Business,Tailoring,3884736,773614,NA,NA,NA,NA,Urban,TERM_LOAN
Yes,86381,Education,NA,3411372,3814349,12th,Engineering,Medical,No,Urban,NO_ELIGIBLE_SCHEME
Yes,482922,Business,Service Business,90931,67091,NA,NA,NA,NA,Urban,MFS
Yes,400609,Business,Small Manufacturing,657603,525142,NA,NA,NA,NA,Rural,TERM_LOAN
Yes,347606,Business,Repair Shop,123826,30749,NA,NA,NA,NA,Urban,AMY
Yes,93077,Education,NA,3576474,2021402,12th,BTech,Management,Yes,Rural,ELS
Yes,166605,Business,Service Business,86917,85951,NA,NA,NA,NA,Rural,MFS
No,346542,Business,Transport,250559,56666,NA,NA,NA,NA,Urban,NO_ELIGIBLE_SCHEME
Yes,438445,Business,Grocery Shop,1550962,654622,NA,NA,NA,NA,Rural,TERM_LOAN
Yes,367702,Business,Service Business,4016051,3457347,NA,NA,NA,NA,Urban,TERM_LOAN
Yes,87582,Business,Service Business,110666,78955,NA,NA,NA,NA,Urban,AMY
Yes,401185,Business,Small Manufacturing,61779,13326,NA,NA,NA,NA,Rural,MFS
Yes,417601,Business,Small Manufacturing,92114,23508,NA,NA,NA,NA,Rural,AMY
Yes,165318,Business,Tailoring,1314518,800181,NA,NA,NA,NA,Urban,TERM_LOAN
Yes,67248,Business,Repair Shop,319534,30651,NA,NA,NA,NA,Rural,UNY
Yes,396827,Business,Computer Centre,99827,66148,NA,NA,NA,NA,Rural,MFS
Yes,457254,Business,Food Business,930747,540864,NA,NA,NA,NA,Urban,TERM_LOAN
Yes,267902,Education,NA,2166442,2166442,Graduate,MCA,Medical,Yes,Rural,ELS
Yes,211674,Business,Small Manufacturing,1097566,932390,NA,NA,NA,NA,Urban,TERM_LOAN
Yes,470025,Education,NA,1956946,1956946,12th,Engineering,Medical,Yes,Urban,ELS
Yes,246453,Business,Grocery Shop,94272,79922,NA,NA,NA,NA,Urban,MFS
Yes,271489,Business,Tailoring,93719,62652,NA,NA,NA,NA,Urban,AMY
No,162383,Business,Food Business,297197,128082,NA,NA,NA,NA,Rural,NO_ELIGIBLE_SCHEME
Yes,463115,Business,Grocery Shop,3950107,3332090,NA,NA,NA,NA,Rural,TERM_LOAN
Yes,119817,Business,Computer Centre,3267810,3036406,NA,NA,NA,NA,Urban,TERM_LOAN
Yes,53002,Business,Service Business,5000000,5000000,NA,NA,NA,NA,Rural,NO_ELIGIBLE_SCHEME
Yes,324415,Business,Service Business,110804,72064,NA,NA,NA,NA,Rural,AMY
Yes,365953,Business,Grocery Shop,32252,16402,NA,NA,NA,NA,Rural,AMY
Yes,138927,Business,Repair Shop,5000000,5000000,NA,NA,NA,NA,Urban,NO_ELIGIBLE_SCHEME
Yes,292872,Business,Food Business,6858350,5518487,NA,NA,NA,NA,Urban,NO_ELIGIBLE_SCHEME
Yes,475358,Business,Tailoring,285692,70585,NA,NA,NA,NA,Rural,UNY
Yes,163432,Business,Service Business,145741,137667,NA,NA,NA,NA,Rural,UNY
Yes,165893,Business,Grocery Shop,3511096,219352,NA,NA,NA,NA,Urban,TERM_LOAN
Yes,347565,Business,Repair Shop,48700,34825,NA,NA,NA,NA,Rural,AMY
Yes,117268,Business,Service Business,402409,245268,NA,NA,NA,NA,Urban,UNY
Yes,259243,Business,Service Business,237185,224338,NA,NA,NA,NA,Rural,UNY
Yes,479731,Business,Grocery Shop,499181,113980,NA,NA,NA,NA,Urban,UNY
Yes,312860,Business,Poultry,109299,72341,NA,NA,NA,NA,Rural,MFS
Yes,147597,Business,Food Business,4683091,2884713,NA,NA,NA,NA,Rural,TERM_LOAN
Yes,287803,Business,Food Business,351174,87387,NA,NA,NA,NA,Rural,UNY
Yes,447827,Education,NA,2776763,2776763,Graduate,MCA,Professional,Yes,Urban,ELS
Yes,208525,Business,Small Manufacturing,4350613,2810914,NA,NA,NA,NA,Urban,TERM_LOAN
Yes,164563,Education,NA,1682039,1682039,Postgraduate,Nursing,Management,Yes,Rural,ELS
Yes,289878,Business,Poultry,123007,49855,NA,NA,NA,NA,Rural,AMY
Yes,297929,Business,Small Manufacturing,450240,299580,NA,NA,NA,NA,Rural,UNY
Yes,456355,Business,Grocery Shop,2828285,2348958,NA,NA,NA,NA,Rural,TERM_LOAN
Yes,431645,Education,NA,2432822,674528,Graduate,MBA,Medical,Yes,Urban,ELS
Yes,196855,Education,NA,1176754,136402,12th,BTech,Professional,Yes,Urban,ELS
Yes,385176,Business,Service Business,296888,123320,NA,NA,NA,NA,Urban,UNY
Yes,262607,Business,Transport,2555784,753773,NA,NA,NA,NA,Rural,TERM_LOAN
Yes,376296,Education,NA,1847046,1847046,Postgraduate,Pharmacy,Technical,Yes,Rural,ELS
Yes,756431,Business,Repair Shop,269096,104084,NA,NA,NA,NA,Rural,NO_ELIGIBLE_SCHEME
Yes,472640,Business,Grocery Shop,348665,302393,NA,NA,NA,NA,Urban,UNY
Yes,264633,Business,Grocery Shop,6570160,6509058,NA,NA,NA,NA,Rural,NO_ELIGIBLE_SCHEME
Yes,328005,Business,Tailoring,118931,51377,NA,NA,NA,NA,Rural,MFS
Yes,75961,Business,Computer Centre,451931,313748,NA,NA,NA,NA,Urban,UNY
Yes,112914,Business,Grocery Shop,78145,11520,NA,NA,NA,NA,Rural,AMY
Yes,389305,Business,Small Manufacturing,5000000,5000000,NA,NA,NA,NA,Urban,NO_ELIGIBLE_SCHEME
Yes,107890,Business,Repair Shop,56717,37092,NA,NA,NA,NA,Rural,AMY
Yes,457904,Business,Computer Centre,92422,68756,NA,NA,NA,NA,Rural,MFS
Yes,787672,Business,Repair Shop,499636,256468,NA,NA,NA,NA,Rural,NO_ELIGIBLE_SCHEME
Yes,145552,Business,Service Business,147806,75322,NA,NA,NA,NA,Urban,UNY
Yes,60400,Business,Computer Centre,5000000,5000000,NA,NA,NA,NA,Urban,NO_ELIGIBLE_SCHEME
Yes,305215,Education,NA,1323955,1323955,Postgraduate,BTech,Management,Yes,Urban,ELS
Yes,87655,Business,Small Manufacturing,1301847,315174,NA,NA,NA,NA,Rural,TERM_LOAN
Yes,340214,Business,Grocery Shop,459675,293543,NA,NA,NA,NA,Rural,UNY
No,351911,Business,Service Business,436852,128552,NA,NA,NA,NA,Urban,NO_ELIGIBLE_SCHEME
Yes,117420,Education,NA,377231,377231,12th,MCA,Technical,Yes,Rural,ELS
Yes,449358,Business,Computer Centre,52980,51638,NA,NA,NA,NA,Urban,AMY
Yes,337566,Business,Transport,249181,215481,NA,NA,NA,NA,Urban,UNY
Yes,398633,Business,Repair Shop,369783,308829,NA,NA,NA,NA,Urban,UNY
Yes,491694,Education,NA,2991364,353642,12th,Engineering,Management,Yes,Urban,ELS
Yes,330421,Business,Transport,367088,277382,NA,NA,NA,NA,Rural,UNY
Yes,493704,Business,Grocery Shop,134672,77305,NA,NA,NA,NA,Urban,AMY
Yes,194833,Business,Repair Shop,81252,64695,NA,NA,NA,NA,Rural,AMY
Yes,73217,Business,Grocery Shop,942403,432711,NA,NA,NA,NA,Urban,TERM_LOAN
Yes,190789,Business,Transport,7715367,6257855,NA,NA,NA,NA,Rural,NO_ELIGIBLE_SCHEME
Yes,559525,Business,Fisheries,225778,177297,NA,NA,NA,NA,Urban,NO_ELIGIBLE_SCHEME
No,472863,Business,Fisheries,67346,362315,NA,NA,NA,NA,Urban,NO_ELIGIBLE_SCHEME
Yes,440450,Business,Small Manufacturing,50789,12764,NA,NA,NA,NA,Rural,MFS
Yes,222958,Education,NA,1084930,696082,Graduate,Nursing,Medical,Yes,Rural,ELS
Yes,308538,Business,Poultry,69469,27590,NA,NA,NA,NA,Rural,MFS
Yes,94644,Business,Fisheries,114399,83315,NA,NA,NA,NA,Rural,MFS
Yes,457579,Business,Fisheries,124369,68017,NA,NA,NA,NA,Urban,AMY
Yes,191908,Business,Poultry,41272,33370,NA,NA,NA,NA,Rural,AMY
Yes,194490,Business,Grocery Shop,6443032,6594756,NA,NA,NA,NA,Urban,NO_ELIGIBLE_SCHEME
Yes,270849,Business,Grocery Shop,36133,18992,NA,NA,NA,NA,Rural,AMY
Yes,399406,Education,NA,530501,530501,Postgraduate,Medical,Management,Yes,Rural,ELS
Yes,347821,Business,Tailoring,84141,80283,NA,NA,NA,NA,Rural,AMY
Yes,181162,Business,Service Business,3385584,3340965,NA,NA,NA,NA,Rural,TERM_LOAN
Yes,61042,Education,NA,3196184,2383453,12th,Nursing,Technical,Yes,Urban,ELS
Yes,246358,Business,Food Business,37854,14507,NA,NA,NA,NA,Urban,AMY
Yes,68331,Education,NA,4159302,835583,12th,Medical,Medical,Yes,Rural,ELS
Yes,124616,Education,NA,3470944,2535002,Postgraduate,Law,Medical,Yes,Rural,ELS
Yes,474582,Education,NA,3123769,1112338,Graduate,Law,Professional,Yes,Rural,ELS
Yes,498249,Education,NA,4424255,276945,Postgraduate,MCA,Professional,Yes,Urban,ELS
Yes,141332,Business,Small Manufacturing,115089,51586,NA,NA,NA,NA,Urban,MFS
Yes,411669,Business,Service Business,384793,229684,NA,NA,NA,NA,Urban,UNY
Yes,415693,Business,Food Business,315386,46500,NA,NA,NA,NA,Urban,UNY
Yes,603805,Business,Transport,315990,211813,NA,NA,NA,NA,Rural,NO_ELIGIBLE_SCHEME
Yes,301491,Business,Service Business,72661,57372,NA,NA,NA,NA,Urban,AMY
Yes,475333,Business,Repair Shop,481116,373726,NA,NA,NA,NA,Rural,UNY
Yes,450372,Business,Small Manufacturing,389704,216222,NA,NA,NA,NA,Urban,UNY
Yes,96100,Education,NA,4411089,124440,Graduate,BCA,Professional,Yes,Urban,ELS
Yes,242530,Business,Fisheries,5000000,5000000,NA,NA,NA,NA,Urban,NO_ELIGIBLE_SCHEME
Yes,311873,Education,NA,2825884,2825884,12th,Engineering,Technical,Yes,Rural,ELS
Yes,445515,Business,Tailoring,100747,38477,NA,NA,NA,NA,Rural,MFS
Yes,465277,Business,Transport,112240,30969,NA,NA,NA,NA,Rural,MFS
Yes,398814,Business,Repair Shop,654737,326505,NA,NA,NA,NA,Rural,TERM_LOAN
Yes,434103,Business,Repair Shop,54559,17108,NA,NA,NA,NA,Urban,AMY
Yes,478296,Business,Poultry,155773,76366,NA,NA,NA,NA,Rural,UNY
Yes,231589,Education,NA,1633830,1633830,Graduate,Pharmacy,Management,Yes,Rural,ELS
Yes,455983,Business,Small Manufacturing,173667,159582,NA,NA,NA,NA,Rural,UNY
Yes,288068,Business,Tailoring,100989,58118,NA,NA,NA,NA,Urban,MFS
Yes,456269,Business,Service Business,4849622,3225683,NA,NA,NA,NA,Urban,TERM_LOAN
Yes,235029,Business,Computer Centre,56177,47168,NA,NA,NA,NA,Rural,AMY
Yes,799405,Business,Computer Centre,100559,30879,NA,NA,NA,NA,Rural,NO_ELIGIBLE_SCHEME
Yes,338799,Business,Repair Shop,55729,51619,NA,NA,NA,NA,Rural,MFS
Yes,180123,Education,NA,459811,459811,12th,MBA,Medical,Yes,Urban,ELS
Yes,360595,Business,Service Business,7691952,5462182,NA,NA,NA,NA,Rural,NO_ELIGIBLE_SCHEME
Yes,393574,Business,Transport,2494577,1647263,NA,NA,NA,NA,Urban,TERM_LOAN
Yes,313967,Business,Tailoring,138520,122651,NA,NA,NA,NA,Rural,MFS
Yes,62710,Business,Grocery Shop,41274,29074,NA,NA,NA,NA,Rural,AMY
Yes,488287,Education,NA,1052464,1052464,12th,Engineering,Technical,Yes,Rural,ELS
Yes,434424,Business,Small Manufacturing,2265090,1953303,NA,NA,NA,NA,Urban,TERM_LOAN
Yes,299298,Business,Small Manufacturing,84932,73127,NA,NA,NA,NA,Rural,AMY
Yes,298196,Business,Fisheries,226685,140158,NA,NA,NA,NA,Rural,UNY
Yes,490092,Education,NA,997610,862002,Graduate,MCA,Technical,No,Urban,NO_ELIGIBLE_SCHEME
Yes,206356,Business,Grocery Shop,46671,43898,NA,NA,NA,NA,Rural,AMY
Yes,165687,Business,Computer Centre,4806630,1755471,NA,NA,NA,NA,Urban,TERM_LOAN
Yes,291223,Business,Computer Centre,135030,91018,NA,NA,NA,NA,Rural,MFS
Yes,498622,Business,Fisheries,323818,83660,NA,NA,NA,NA,Urban,UNY
Yes,407690,Business,Computer Centre,343914,256989,NA,NA,NA,NA,Rural,UNY
Yes,488952,Business,Grocery Shop,41484,36409,NA,NA,NA,NA,Rural,AMY
Yes,164528,Business,Service Business,77290,48479,NA,NA,NA,NA,Urban,MFS
Yes,74059,Education,NA,2735919,483522,Postgraduate,MBA,Technical,Yes,Rural,ELS
Yes,235382,Business,Poultry,498544,62129,NA,NA,NA,NA,Rural,TERM_LOAN
Yes,61792,Business,Fisheries,292359,289878,NA,NA,NA,NA,Rural,UNY
Yes,281717,Business,Tailoring,5000000,5000000,NA,NA,NA,NA,Urban,NO_ELIGIBLE_SCHEME
Yes,451514,Business,Transport,53590,18875,NA,NA,NA,NA,Urban,MFS
Yes,263194,Business,Tailoring,2865606,1318721,NA,NA,NA,NA,Rural,TERM_LOAN
Yes,144263,Business,Small Manufacturing,36924,26972,NA,NA,NA,NA,Rural,AMY
Yes,326014,Business,Repair Shop,55156,50617,NA,NA,NA,NA,Urban,MFS
Yes,179035,Education,NA,1282418,97004,12th,Pharmacy,Management,Yes,Urban,ELS
Yes,437386,Education,NA,1276691,278768,Graduate,Law,Technical,Yes,Rural,ELS
Yes,422551,Business,Transport,3368731,2781365,NA,NA,NA,NA,Rural,TERM_LOAN
Yes,98361,Business,Repair Shop,6777169,5742183,NA,NA,NA,NA,Rural,NO_ELIGIBLE_SCHEME
Yes,164515,Education,NA,895683,895683,Postgraduate,MCA,Medical,Yes,Rural,ELS
Yes,91434,Business,Computer Centre,67700,56801,NA,NA,NA,NA,Urban,MFS
Yes,382970,Business,Transport,396235,364499,NA,NA,NA,NA,Rural,UNY
Yes,146775,Business,Food Business,957436,166698,NA,NA,NA,NA,Rural,TERM_LOAN
Yes,119347,Business,Transport,343155,239000,NA,NA,NA,NA,Rural,UNY
Yes,193966,Business,Tailoring,4385901,331740,NA,NA,NA,NA,Rural,TERM_LOAN
Yes,185001,Education,NA,700241,700241,Postgraduate,BTech,Technical,Yes,Rural,ELS
Yes,435720,Business,Repair Shop,129583,84738,NA,NA,NA,NA,Rural,AMY
Yes,427564,Business,Computer Centre,2722133,513935,NA,NA,NA,NA,Urban,TERM_LOAN
Yes,145985,Business,Food Business,67156,24128,NA,NA,NA,NA,Rural,MFS
Yes,471219,Business,Transport,30951,22452,NA,NA,NA,NA,Urban,AMY
Yes,445847,Business,Fisheries,496221,228266,NA,NA,NA,NA,Urban,UNY
Yes,67095,Business,Poultry,89694,72043,NA,NA,NA,NA,Urban,MFS
Yes,203974,Business,Poultry,4972491,2812394,NA,NA,NA,NA,Rural,TERM_LOAN
Yes,124881,Business,Small Manufacturing,1314464,531020,NA,NA,NA,NA,Rural,TERM_LOAN
Yes,469047,Business,Transport,37097,27227,NA,NA,NA,NA,Urban,MFS
Yes,270928,Business,Service Business,803961,225543,NA,NA,NA,NA,Rural,TERM_LOAN
Yes,359378,Business,Poultry,2058348,1564367,NA,NA,NA,NA,Rural,TERM_LOAN
Yes,379721,Business,Service Business,87333,11512,NA,NA,NA,NA,Rural,AMY
Yes,135887,Education,NA,4309408,1391799,Postgraduate,BTech,Management,Yes,Urban,ELS
Yes,439213,Business,Fisheries,84138,39170,NA,NA,NA,NA,Rural,MFS
Yes,401489,Business,Transport,226691,182260,NA,NA,NA,NA,Rural,UNY
Yes,444147,Business,Fisheries,88991,43972,NA,NA,NA,NA,Urban,MFS
Yes,94287,Education,NA,1531508,1350988,12th,Engineering,Management,Yes,Urban,ELS
Yes,368178,Business,Grocery Shop,57370,50002,NA,NA,NA,NA,Rural,AMY
Yes,52999,Business,Tailoring,365944,168968,NA,NA,NA,NA,Rural,UNY
Yes,415592,Business,Fisheries,4323947,769691,NA,NA,NA,NA,Urban,TERM_LOAN
Yes,261126,Business,Poultry,68535,22415,NA,NA,NA,NA,Urban,AMY
Yes,412995,Business,Poultry,84555,72391,NA,NA,NA,NA,Rural,MFS
Yes,496006,Business,Fisheries,1378185,1302934,NA,NA,NA,NA,Rural,TERM_LOAN
Yes,378643,Business,Service Business,83581,67767,NA,NA,NA,NA,Rural,AMY
Yes,397702,Business,Transport,123279,88377,NA,NA,NA,NA,Urban,AMY
Yes,314335,Business,Service Business,482699,70415,NA,NA,NA,NA,Urban,UNY
Yes,66524,Business,Food Business,119013,74400,NA,NA,NA,NA,Urban,AMY
No,57904,Business,Tailoring,100598,119971,NA,NA,NA,NA,Rural,NO_ELIGIBLE_SCHEME
Yes,488206,Education,NA,4367529,3830477,Graduate,Law,Management,Yes,Rural,ELS
Yes,146406,Business,Repair Shop,470414,366290,NA,NA,NA,NA,Urban,UNY
Yes,269239,Business,Service Business,5000000,5000000,NA,NA,NA,NA,Rural,NO_ELIGIBLE_SCHEME
Yes,221197,Business,Small Manufacturing,112775,97155,NA,NA,NA,NA,Rural,AMY
Yes,489838,Business,Transport,3695288,1920719,NA,NA,NA,NA,Urban,TERM_LOAN
Yes,700951,Business,Small Manufacturing,196217,36802,NA,NA,NA,NA,Urban,NO_ELIGIBLE_SCHEME
Yes,300267,Business,Computer Centre,348144,302814,NA,NA,NA,NA,Rural,UNY
Yes,240726,Business,Tailoring,123311,28754,NA,NA,NA,NA,Urban,AMY
Yes,87184,Business,Repair Shop,102895,95124,NA,NA,NA,NA,Urban,MFS
Yes,50575,Business,Food Business,452391,91103,NA,NA,NA,NA,Rural,UNY
Yes,245974,Business,Food Business,338166,68878,NA,NA,NA,NA,Urban,UNY
Yes,720626,Business,Tailoring,382113,219148,NA,NA,NA,NA,Rural,NO_ELIGIBLE_SCHEME
Yes,442657,Business,Repair Shop,287729,234345,NA,NA,NA,NA,Rural,UNY
Yes,487737,Business,Poultry,4489723,410799,NA,NA,NA,NA,Rural,TERM_LOAN
Yes,122227,Business,Service Business,121575,32326,NA,NA,NA,NA,Urban,AMY
Yes,386593,Business,Repair Shop,911934,895948,NA,NA,NA,NA,Urban,TERM_LOAN
Yes,479060,Business,Computer Centre,63228,33500,NA,NA,NA,NA,Urban,AMY
Yes,320386,Business,Grocery Shop,5000000,5000000,NA,NA,NA,NA,Rural,NO_ELIGIBLE_SCHEME
Yes,369635,Business,Grocery Shop,132452,90028,NA,NA,NA,NA,Rural,MFS
Yes,400023,Business,Repair Shop,5000000,5000000,NA,NA,NA,NA,Rural,NO_ELIGIBLE_SCHEME
Yes,287156,Business,Service Business,189172,149348,NA,NA,NA,NA,Rural,UNY
Yes,457680,Business,Computer Centre,113160,92772,NA,NA,NA,NA,Rural,AMY
Yes,54468,Education,NA,3855713,3009685,12th,BCA,Professional,Yes,Urban,ELS
Yes,204917,Business,Service Business,98562,66063,NA,NA,NA,NA,Rural,MFS
Yes,440453,Business,Food Business,758691,506997,NA,NA,NA,NA,Rural,TERM_LOAN
Yes,149724,Business,Small Manufacturing,62591,22556,NA,NA,NA,NA,Urban,MFS
Yes,367328,Business,Food Business,63423,52489,NA,NA,NA,NA,Rural,AMY
Yes,468295,Business,Food Business,299956,258873,NA,NA,NA,NA,Rural,UNY
Yes,398733,Business,Service Business,2698938,650100,NA,NA,NA,NA,Rural,TERM_LOAN
Yes,335522,Business,Poultry,137572,71928,NA,NA,NA,NA,Urban,AMY
Yes,464537,Business,Computer Centre,251850,230434,NA,NA,NA,NA,Urban,UNY
Yes,230709,Business,Food Business,2773716,1594109,NA,NA,NA,NA,Rural,TERM_LOAN
Yes,210276,Education,NA,752284,752284,12th,Pharmacy,Technical,Yes,Rural,ELS
Yes,84958,Business,Tailoring,263923,148897,NA,NA,NA,NA,Urban,TERM_LOAN
Yes,308854,Business,Repair Shop,43225,37261,NA,NA,NA,NA,Rural,MFS
Yes,260919,Business,Repair Shop,7014754,5074244,NA,NA,NA,NA,Rural,NO_ELIGIBLE_SCHEME
Yes,279558,Business,Repair Shop,7902912,5902203,NA,NA,NA,NA,Rural,NO_ELIGIBLE_SCHEME
Yes,209752,Business,Grocery Shop,367570,314485,NA,NA,NA,NA,Rural,UNY
Yes,479711,Business,Service Business,3500847,925040,NA,NA,NA,NA,Urban,TERM_LOAN
Yes,512926,Business,Poultry,481472,325661,NA,NA,NA,NA,Urban,NO_ELIGIBLE_SCHEME
Yes,277020,Education,NA,1047407,1047407,Graduate,Law,Technical,Yes,Urban,ELS
Yes,216724,Business,Tailoring,5000000,5000000,NA,NA,NA,NA,Rural,NO_ELIGIBLE_SCHEME
Yes,293064,Business,Transport,206534,81071,NA,NA,NA,NA,Rural,UNY
Yes,265464,Education,NA,235366,235366,Graduate,BTech,Medical,Yes,Urban,ELS
Yes,132578,Business,Poultry,69315,65794,NA,NA,NA,NA,Urban,MFS
Yes,221253,Business,Poultry,442216,373611,NA,NA,NA,NA,Rural,UNY
No,446548,Business,Fisheries,429452,194428,NA,NA,NA,NA,Rural,NO_ELIGIBLE_SCHEME
Yes,430881,Business,Grocery Shop,5000000,5000000,NA,NA,NA,NA,Rural,NO_ELIGIBLE_SCHEME
Yes,227503,Business,Service Business,91537,44737,NA,NA,NA,NA,Urban,MFS
Yes,358402,Business,Service Business,2447140,1194500,NA,NA,NA,NA,Rural,TERM_LOAN
Yes,68804,Business,Fisheries,78809,28607,NA,NA,NA,NA,Urban,AMY
Yes,189398,Business,Fisheries,204638,143885,NA,NA,NA,NA,Rural,UNY
Yes,454297,Business,Tailoring,5000000,5000000,NA,NA,NA,NA,Rural,NO_ELIGIBLE_SCHEME
Yes,413384,Business,Grocery Shop,4478014,2044262,NA,NA,NA,NA,Rural,TERM_LOAN
Yes,330861,Education,NA,2423840,124504,12th,Law,Technical,Yes,Rural,ELS
Yes,306950,Business,Repair Shop,103464,67887,NA,NA,NA,NA,Rural,AMY
Yes,255180,Education,NA,1696866,1242999,Graduate,BTech,Professional,Yes,Rural,ELS
No,479045,Business,Service Business,448957,344004,NA,NA,NA,NA,Rural,NO_ELIGIBLE_SCHEME
Yes,263139,Business,Poultry,110595,76787,NA,NA,NA,NA,Rural,AMY
Yes,485587,Business,Poultry,2823676,1354621,NA,NA,NA,NA,Urban,TERM_LOAN
Yes,219189,Business,Tailoring,479832,440906,NA,NA,NA,NA,Rural,UNY
Yes,112850,Business,Grocery Shop,50446,16991,NA,NA,NA,NA,Urban,MFS
Yes,354143,Business,Transport,2650910,648532,NA,NA,NA,NA,Rural,TERM_LOAN
Yes,396255,Business,Computer Centre,30070,11708,NA,NA,NA,NA,Rural,AMY
Yes,217584,Business,Computer Centre,80875,65535,NA,NA,NA,NA,Rural,AMY
Yes,447897,Education,NA,2375218,1065159,Graduate,BTech,Professional,Yes,Urban,ELS
Yes,426610,Business,Fisheries,6789096,5160026,NA,NA,NA,NA,Rural,NO_ELIGIBLE_SCHEME
Yes,482812,Business,Service Business,2500948,241220,NA,NA,NA,NA,Urban,TERM_LOAN
Yes,405293,Business,Repair Shop,73648,23040,NA,NA,NA,NA,Urban,AMY
Yes,447665,Business,Fisheries,1584647,1315648,NA,NA,NA,NA,Rural,TERM_LOAN
Yes,244546,Education,NA,2505816,2505816,Postgraduate,BTech,Technical,Yes,Rural,ELS
Yes,52148,Education,NA,509208,509208,Postgraduate,Law,Management,Yes,Rural,ELS
Yes,274497,Business,Small Manufacturing,5000000,5000000,NA,NA,NA,NA,Urban,NO_ELIGIBLE_SCHEME
Yes,314276,Business,Repair Shop,458905,445469,NA,NA,NA,NA,Rural,UNY
Yes,178583,Business,Food Business,39443,23972,NA,NA,NA,NA,Urban,AMY
Yes,215785,Business,Repair Shop,101265,52284,NA,NA,NA,NA,Urban,MFS
Yes,346746,Business,Repair Shop,370938,248100,NA,NA,NA,NA,Rural,TERM_LOAN
Yes,222255,Business,Repair Shop,110678,70339,NA,NA,NA,NA,Urban,AMY
Yes,235714,Education,NA,3719300,190061,Postgraduate,Nursing,Technical,Yes,Rural,ELS
Yes,307072,Business,Computer Centre,198990,81160,NA,NA,NA,NA,Rural,UNY
No,337418,Business,Grocery Shop,310329,369892,NA,NA,NA,NA,Urban,NO_ELIGIBLE_SCHEME
Yes,330067,Business,Service Business,33454,16428,NA,NA,NA,NA,Urban,AMY
Yes,224121,Education,NA,4454944,2017442,Graduate,Engineering,Technical,Yes,Urban,ELS
Yes,336467,Business,Transport,6806013,6957717,NA,NA,NA,NA,Rural,NO_ELIGIBLE_SCHEME
Yes,253738,Business,Repair Shop,4989896,1429487,NA,NA,NA,NA,Urban,TERM_LOAN
Yes,204399,Business,Repair Shop,2677928,999114,NA,NA,NA,NA,Urban,TERM_LOAN
Yes,391834,Education,NA,2231772,2231772,Postgraduate,Nursing,Professional,Yes,Rural,ELS
Yes,345686,Education,NA,2453911,90348,12th,Nursing,Medical,Yes,Rural,ELS
Yes,311757,Business,Small Manufacturing,285639,111650,NA,NA,NA,NA,Urban,UNY
Yes,440339,Business,Small Manufacturing,186888,107072,NA,NA,NA,NA,Rural,UNY
Yes,484667,Education,NA,632777,828791,Graduate,Pharmacy,Management,No,Rural,NO_ELIGIBLE_SCHEME
Yes,204436,Business,Transport,4257628,3242405,NA,NA,NA,NA,Rural,TERM_LOAN
Yes,413533,Business,Computer Centre,1911900,218406,NA,NA,NA,NA,Rural,TERM_LOAN
No,223283,Business,Tailoring,398483,190082,NA,NA,NA,NA,Urban,NO_ELIGIBLE_SCHEME
Yes,280738,Education,NA,320899,320899,Postgraduate,Nursing,Technical,Yes,Rural,ELS
Yes,203864,Business,Service Business,106922,63714,NA,NA,NA,NA,Urban,AMY
Yes,63573,Business,Repair Shop,3538172,1589134,NA,NA,NA,NA,Urban,TERM_LOAN
Yes,124002,Education,NA,3431771,208852,Graduate,BTech,Management,Yes,Rural,ELS
Yes,145876,Business,Grocery Shop,136818,54921,NA,NA,NA,NA,Urban,MFS
Yes,70434,Business,Grocery Shop,4591054,3948645,NA,NA,NA,NA,Urban,TERM_LOAN
Yes,476939,Business,Transport,5000000,5000000,NA,NA,NA,NA,Urban,NO_ELIGIBLE_SCHEME
Yes,496914,Business,Food Business,3055991,298576,NA,NA,NA,NA,Urban,TERM_LOAN
Yes,466017,Business,Transport,5000000,5000000,NA,NA,NA,NA,Rural,NO_ELIGIBLE_SCHEME
Yes,188147,Business,Fisheries,173771,147110,NA,NA,NA,NA,Rural,UNY
Yes,186975,Business,Repair Shop,82312,22863,NA,NA,NA,NA,Urban,AMY
Yes,700050,Business,Tailoring,440943,114413,NA,NA,NA,NA,Urban,NO_ELIGIBLE_SCHEME
Yes,459528,Business,Transport,89512,79168,NA,NA,NA,NA,Rural,AMY
Yes,254844,Business,Tailoring,127863,101943,NA,NA,NA,NA,Urban,AMY
Yes,174427,Education,NA,2536729,222264,Graduate,MBA,Medical,Yes,Rural,ELS
Yes,303115,Business,Grocery Shop,3672173,2793937,NA,NA,NA,NA,Urban,TERM_LOAN
Yes,280378,Business,Poultry,806653,437838,NA,NA,NA,NA,Rural,TERM_LOAN
Yes,352780,Business,Poultry,79112,28212,NA,NA,NA,NA,Urban,AMY
Yes,78007,Business,Grocery Shop,313906,188049,NA,NA,NA,NA,Rural,UNY
Yes,63895,Business,Service Business,701169,181094,NA,NA,NA,NA,Rural,TERM_LOAN
Yes,345767,Business,Small Manufacturing,74710,13164,NA,NA,NA,NA,Urban,AMY
Yes,361718,Business,Poultry,5000000,5000000,NA,NA,NA,NA,Rural,NO_ELIGIBLE_SCHEME
Yes,134097,Education,NA,878147,2525742,12th,MBA,Management,No,Urban,NO_ELIGIBLE_SCHEME
No,476889,Business,Food Business,316694,196572,NA,NA,NA,NA,Rural,NO_ELIGIBLE_SCHEME
Yes,67699,Business,Small Manufacturing,88904,31921,NA,NA,NA,NA,Urban,AMY
Yes,303633,Education,NA,3155180,1683229,12th,Engineering,Professional,Yes,Rural,ELS
Yes,263297,Business,Computer Centre,7973550,6744083,NA,NA,NA,NA,Rural,NO_ELIGIBLE_SCHEME
Yes,182985,Business,Transport,758357,185863,NA,NA,NA,NA,Rural,TERM_LOAN
Yes,469278,Education,NA,3465103,768598,Postgraduate,Nursing,Professional,Yes,Urban,ELS
Yes,221903,Business,Poultry,498860,381793,NA,NA,NA,NA,Urban,UNY
No,96464,Business,Tailoring,248230,243974,NA,NA,NA,NA,Urban,NO_ELIGIBLE_SCHEME
Yes,467737,Business,Small Manufacturing,47875,35624,NA,NA,NA,NA,Urban,MFS
Yes,403788,Business,Transport,404470,388408,NA,NA,NA,NA,Rural,UNY
Yes,421231,Business,Repair Shop,441107,308998,NA,NA,NA,NA,Rural,UNY
Yes,268917,Business,Food Business,2636990,2122876,NA,NA,NA,NA,Rural,TERM_LOAN
Yes,181538,Business,Transport,65822,49181,NA,NA,NA,NA,Urban,MFS
Yes,545033,Business,Poultry,83386,173654,NA,NA,NA,NA,Rural,NO_ELIGIBLE_SCHEME
Yes,496465,Business,Service Business,63029,57430,NA,NA,NA,NA,Rural,MFS
Yes,68767,Education,NA,1934277,1934277,Graduate,BTech,Professional,Yes,Rural,ELS
Yes,141752,Business,Service Business,438704,325625,NA,NA,NA,NA,Rural,UNY
Yes,87833,Education,NA,260263,260263,Graduate,Nursing,Medical,Yes,Urban,ELS
Yes,422751,Business,Tailoring,391626,28611,NA,NA,NA,NA,Rural,UNY
Yes,247633,Business,Service Business,239166,115374,NA,NA,NA,NA,Rural,UNY
Yes,190620,Business,Repair Shop,62976,51230,NA,NA,NA,NA,Urban,AMY
Yes,291767,Education,NA,1927604,1927604,Graduate,MCA,Medical,Yes,Urban,ELS
Yes,426361,Business,Fisheries,267769,122761,NA,NA,NA,NA,Rural,UNY
Yes,250786,Education,NA,3450074,332591,Postgraduate,Law,Management,Yes,Rural,ELS
Yes,462038,Business,Computer Centre,48411,14456,NA,NA,NA,NA,Urban,AMY
Yes,480937,Business,Repair Shop,4554667,3385606,NA,NA,NA,NA,Rural,TERM_LOAN
Yes,243079,Education,NA,411026,411026,12th,Nursing,Medical,Yes,Urban,ELS
Yes,371955,Business,Repair Shop,181085,107316,NA,NA,NA,NA,Urban,UNY
Yes,161233,Business,Small Manufacturing,280395,65339,NA,NA,NA,NA,Urban,UNY
Yes,51438,Education,NA,2368340,1897154,Graduate,Medical,Technical,Yes,Rural,ELS
Yes,262180,Business,Repair Shop,262703,81216,NA,NA,NA,NA,Urban,UNY
Yes,242023,Business,Small Manufacturing,106919,104651,NA,NA,NA,NA,Rural,AMY
Yes,448568,Business,Fisheries,332563,319491,NA,NA,NA,NA,Urban,UNY
Yes,310900,Business,Food Business,31600,25028,NA,NA,NA,NA,Rural,MFS
Yes,108729,Business,Repair Shop,5000000,5000000,NA,NA,NA,NA,Rural,NO_ELIGIBLE_SCHEME
Yes,419284,Business,Repair Shop,65527,19277,NA,NA,NA,NA,Rural,MFS
Yes,71603,Education,NA,2592486,1903685,12th,MBA,Medical,Yes,Rural,ELS
Yes,237206,Business,Small Manufacturing,3265601,1721128,NA,NA,NA,NA,Rural,TERM_LOAN
Yes,132425,Education,NA,2306995,536579,Graduate,MBA,Professional,Yes,Urban,ELS
Yes,263262,Business,Food Business,3098029,2413619,NA,NA,NA,NA,Urban,TERM_LOAN
Yes,192683,Education,NA,1643317,1143181,Postgraduate,Engineering,Management,Yes,Urban,ELS
Yes,393807,Business,Computer Centre,83961,54930,NA,NA,NA,NA,Urban,MFS
Yes,437641,Business,Service Business,52686,15104,NA,NA,NA,NA,Urban,MFS
Yes,207229,Business,Repair Shop,384614,133686,NA,NA,NA,NA,Urban,UNY
Yes,654877,Business,Transport,429817,365234,NA,NA,NA,NA,Rural,NO_ELIGIBLE_SCHEME
Yes,432260,Business,Service Business,66358,18420,NA,NA,NA,NA,Urban,AMY
Yes,282274,Education,NA,3290215,1561163,12th,MBA,Medical,Yes,Urban,ELS
Yes,127293,Business,Service Business,95514,69740,NA,NA,NA,NA,Urban,AMY
Yes,285331,Business,Tailoring,480277,424006,NA,NA,NA,NA,Rural,UNY
Yes,290517,Business,Tailoring,63231,33874,NA,NA,NA,NA,Urban,AMY
Yes,310485,Business,Poultry,6343523,5423531,NA,NA,NA,NA,Rural,NO_ELIGIBLE_SCHEME
Yes,269517,Business,Food Business,297996,26462,NA,NA,NA,NA,Urban,UNY
Yes,143871,Business,Grocery Shop,368652,100932,NA,NA,NA,NA,Rural,UNY
Yes,129180,Business,Service Business,7290144,6059648,NA,NA,NA,NA,Rural,NO_ELIGIBLE_SCHEME
Yes,145775,Business,Fisheries,35750,19905,NA,NA,NA,NA,Urban,AMY
Yes,408873,Business,Fisheries,1140119,803260,NA,NA,NA,NA,Rural,TERM_LOAN
Yes,52575,Business,Service Business,169722,76467,NA,NA,NA,NA,Urban,UNY
No,128022,Business,Service Business,499472,244010,NA,NA,NA,NA,Urban,NO_ELIGIBLE_SCHEME
Yes,88551,Business,Transport,77516,47827,NA,NA,NA,NA,Urban,MFS
Yes,379408,Business,Repair Shop,82515,36224,NA,NA,NA,NA,Urban,MFS
Yes,182589,Business,Service Business,5000000,5000000,NA,NA,NA,NA,Rural,NO_ELIGIBLE_SCHEME
Yes,485159,Education,NA,2223096,2223096,12th,Pharmacy,Medical,Yes,Urban,ELS
Yes,217067,Business,Food Business,309163,211818,NA,NA,NA,NA,Urban,UNY
Yes,216724,Business,Food Business,755993,500181,NA,NA,NA,NA,Rural,TERM_LOAN
Yes,101948,Business,Computer Centre,71770,71002,NA,NA,NA,NA,Rural,MFS
Yes,149622,Business,Grocery Shop,41974,34350,NA,NA,NA,NA,Rural,AMY
Yes,62086,Business,Transport,313344,42315,NA,NA,NA,NA,Rural,UNY
Yes,73019,Business,Poultry,79634,59886,NA,NA,NA,NA,Urban,MFS
Yes,107502,Business,Computer Centre,7995400,6638119,NA,NA,NA,NA,Urban,NO_ELIGIBLE_SCHEME
Yes,198993,Business,Tailoring,5000000,5000000,NA,NA,NA,NA,Rural,NO_ELIGIBLE_SCHEME
Yes,87100,Business,Transport,75330,74294,NA,NA,NA,NA,Rural,AMY
Yes,327197,Education,NA,2204569,1049994,Postgraduate,Pharmacy,Technical,Yes,Rural,ELS
Yes,175070,Business,Tailoring,3717483,496673,NA,NA,NA,NA,Urban,TERM_LOAN
Yes,279037,Business,Poultry,2265542,340894,NA,NA,NA,NA,Urban,TERM_LOAN
Yes,356999,Business,Tailoring,4192292,2448098,NA,NA,NA,NA,Urban,TERM_LOAN
Yes,448675,Business,Small Manufacturing,5000000,5000000,NA,NA,NA,NA,Rural,NO_ELIGIBLE_SCHEME
Yes,100257,Business,Computer Centre,2677150,654313,NA,NA,NA,NA,Urban,TERM_LOAN
Yes,118832,Business,Computer Centre,119779,89103,NA,NA,NA,NA,Rural,MFS
Yes,259718,Business,Food Business,2577672,2235457,NA,NA,NA,NA,Urban,TERM_LOAN
Yes,221791,Business,Tailoring,4967507,4387941,NA,NA,NA,NA,Urban,TERM_LOAN
Yes,491232,Business,Computer Centre,125942,17857,NA,NA,NA,NA,Urban,MFS
Yes,56794,Education,NA,1855015,1801733,Graduate,MCA,Technical,Yes,Urban,ELS
Yes,66111,Business,Small Manufacturing,3655322,87385,NA,NA,NA,NA,Rural,TERM_LOAN
Yes,166674,Business,Grocery Shop,5000000,5000000,NA,NA,NA,NA,Urban,NO_ELIGIBLE_SCHEME
Yes,187327,Business,Food Business,1878195,921698,NA,NA,NA,NA,Rural,TERM_LOAN
Yes,376502,Business,Food Business,65669,55906,NA,NA,NA,NA,Rural,MFS
Yes,105453,Business,Grocery Shop,159428,59449,NA,NA,NA,NA,Rural,UNY
Yes,108445,Education,NA,3251943,274449,Postgraduate,Pharmacy,Medical,Yes,Rural,ELS
Yes,118693,Business,Small Manufacturing,1957602,831832,NA,NA,NA,NA,Urban,TERM_LOAN
Yes,477277,Education,NA,2591028,1332239,Postgraduate,Pharmacy,Technical,Yes,Urban,ELS
Yes,160215,Business,Tailoring,86750,40549,NA,NA,NA,NA,Rural,AMY
Yes,446995,Education,NA,3134190,2727535,12th,BTech,Professional,Yes,Urban,ELS
Yes,441395,Education,NA,2600415,102751,Graduate,Engineering,Professional,Yes,Rural,ELS
Yes,379184,Education,NA,3319047,3717840,Postgraduate,Pharmacy,Management,No,Urban,NO_ELIGIBLE_SCHEME
Yes,415904,Business,Repair Shop,180389,77410,NA,NA,NA,NA,Urban,UNY
Yes,179534,Education,NA,1911478,1911478,Graduate,BTech,Management,Yes,Rural,ELS
Yes,232420,Business,Tailoring,224243,190906,NA,NA,NA,NA,Rural,UNY
Yes,454942,Business,Service Business,133091,12227,NA,NA,NA,NA,Rural,AMY
No,71017,Business,Small Manufacturing,123402,113732,NA,NA,NA,NA,Rural,NO_ELIGIBLE_SCHEME
Yes,487648,Business,Repair Shop,58939,50428,NA,NA,NA,NA,Rural,MFS
Yes,69564,Business,Grocery Shop,4173125,1726194,NA,NA,NA,NA,Urban,TERM_LOAN
Yes,255029,Business,Grocery Shop,75653,61296,NA,NA,NA,NA,Urban,AMY
Yes,185078,Business,Grocery Shop,135076,123131,NA,NA,NA,NA,Rural,AMY
Yes,145877,Education,NA,3598657,2938315,12th,MBA,Management,Yes,Rural,ELS
Yes,270523,Education,NA,3243711,2874149,Postgraduate,MCA,Technical,Yes,Urban,ELS
Yes,108105,Business,Poultry,105472,20778,NA,NA,NA,NA,Rural,MFS
Yes,102013,Business,Food Business,3852982,712413,NA,NA,NA,NA,Urban,TERM_LOAN
Yes,119048,Education,NA,1676049,835868,Graduate,Pharmacy,Medical,Yes,Urban,ELS
Yes,183285,Business,Transport,222096,140206,NA,NA,NA,NA,Urban,UNY
Yes,528501,Business,Small Manufacturing,161476,194745,NA,NA,NA,NA,Urban,NO_ELIGIBLE_SCHEME
Yes,398050,Business,Service Business,67196,43780,NA,NA,NA,NA,Urban,MFS
Yes,250761,Education,NA,2863776,2863776,12th,MBA,Medical,Yes,Urban,ELS
Yes,158020,Education,NA,490801,3873241,12th,Engineering,Professional,No,Urban,NO_ELIGIBLE_SCHEME
Yes,256174,Business,Transport,61558,46709,NA,NA,NA,NA,Urban,AMY
Yes,274401,Business,Computer Centre,3669257,3034240,NA,NA,NA,NA,Rural,TERM_LOAN
Yes,360947,Business,Poultry,130168,15975,NA,NA,NA,NA,Urban,MFS
Yes,80452,Education,NA,1014102,3277632,12th,Pharmacy,Technical,No,Rural,NO_ELIGIBLE_SCHEME
No,104983,Business,Fisheries,192010,154368,NA,NA,NA,NA,Urban,NO_ELIGIBLE_SCHEME
Yes,176357,Education,NA,1050080,1948657,Postgraduate,BTech,Medical,No,Rural,NO_ELIGIBLE_SCHEME
Yes,144268,Business,Service Business,5000000,5000000,NA,NA,NA,NA,Rural,NO_ELIGIBLE_SCHEME
Yes,179760,Business,Grocery Shop,33396,29779,NA,NA,NA,NA,Urban,AMY
Yes,425245,Education,NA,1638050,1038515,Graduate,BTech,Medical,Yes,Urban,ELS
Yes,396329,Education,NA,1227442,1227442,Postgraduate,Nursing,Management,Yes,Rural,ELS
No,305434,Business,Transport,417089,204993,NA,NA,NA,NA,Urban,NO_ELIGIBLE_SCHEME
Yes,336756,Business,Food Business,5000000,5000000,NA,NA,NA,NA,Rural,NO_ELIGIBLE_SCHEME
Yes,244868,Business,Repair Shop,133296,53426,NA,NA,NA,NA,Urban,MFS
Yes,320209,Business,Food Business,105319,10485,NA,NA,NA,NA,Urban,MFS
Yes,201000,Business,Fisheries,32727,15286,NA,NA,NA,NA,Urban,MFS
Yes,467492,Business,Tailoring,747841,611184,NA,NA,NA,NA,Rural,TERM_LOAN
Yes,421981,Business,Transport,105156,63008,NA,NA,NA,NA,Urban,MFS
Yes,237782,Business,Poultry,120341,59514,NA,NA,NA,NA,Urban,MFS
Yes,473326,Business,Grocery Shop,92055,81511,NA,NA,NA,NA,Rural,AMY
Yes,291661,Business,Poultry,210244,98854,NA,NA,NA,NA,Urban,UNY
Yes,159637,Education,NA,4037553,153118,Postgraduate,BCA,Professional,Yes,Urban,ELS
Yes,424025,Education,NA,2474246,2474246,Postgraduate,Medical,Professional,Yes,Rural,ELS
No,451529,Business,Transport,143920,386714,NA,NA,NA,NA,Urban,NO_ELIGIBLE_SCHEME
Yes,358264,Education,NA,3580312,1578784,Postgraduate,BCA,Medical,No,Urban,NO_ELIGIBLE_SCHEME
Yes,318741,Business,Food Business,5000000,5000000,NA,NA,NA,NA,Rural,NO_ELIGIBLE_SCHEME
Yes,450684,Business,Small Manufacturing,110455,10868,NA,NA,NA,NA,Rural,MFS
Yes,198929,Education,NA,1492063,1492063,Graduate,Pharmacy,Management,Yes,Urban,ELS
Yes,236117,Business,Repair Shop,122568,72190,NA,NA,NA,NA,Urban,AMY
Yes,424238,Business,Repair Shop,103864,57542,NA,NA,NA,NA,Urban,AMY
Yes,108192,Business,Computer Centre,181388,108756,NA,NA,NA,NA,Rural,UNY
Yes,385459,Business,Food Business,435923,427869,NA,NA,NA,NA,Urban,UNY
Yes,270737,Business,Small Manufacturing,40683,23385,NA,NA,NA,NA,Rural,AMY
Yes,347359,Business,Repair Shop,301267,256912,NA,NA,NA,NA,Rural,UNY
Yes,164718,Business,Tailoring,60490,49430,NA,NA,NA,NA,Urban,MFS
Yes,187861,Business,Service Business,98662,18371,NA,NA,NA,NA,Rural,MFS
Yes,234800,Business,Transport,1306647,1287804,NA,NA,NA,NA,Urban,TERM_LOAN
Yes,144339,Business,Tailoring,108525,101123,NA,NA,NA,NA,Urban,AMY
Yes,481025,Business,Grocery Shop,92616,24953,NA,NA,NA,NA,Urban,MFS
Yes,442299,Education,NA,3111473,1215613,12th,MBA,Management,Yes,Rural,ELS
No,168324,Business,Service Business,58915,22237,NA,NA,NA,NA,Urban,NO_ELIGIBLE_SCHEME
Yes,383369,Business,Service Business,112712,108161,NA,NA,NA,NA,Urban,MFS
Yes,77984,Business,Repair Shop,5000000,5000000,NA,NA,NA,NA,Urban,NO_ELIGIBLE_SCHEME
Yes,276484,Education,NA,551627,551627,Postgraduate,BCA,Professional,Yes,Urban,ELS
Yes,111173,Business,Tailoring,30766,22941,NA,NA,NA,NA,Rural,MFS
Yes,465749,Education,NA,2010255,348772,Postgraduate,Engineering,Medical,Yes,Rural,ELS
Yes,379881,Business,Food Business,341666,252575,NA,NA,NA,NA,Urban,TERM_LOAN
Yes,172360,Education,NA,3776668,3058447,Postgraduate,MCA,Professional,Yes,Urban,ELS
Yes,308390,Business,Computer Centre,52264,43013,NA,NA,NA,NA,Urban,MFS
Yes,84773,Business,Grocery Shop,42074,23758,NA,NA,NA,NA,Urban,AMY
Yes,357821,Business,Tailoring,118381,85392,NA,NA,NA,NA,Urban,MFS
Yes,103047,Education,NA,1956273,1956273,Postgraduate,MBA,Professional,Yes,Urban,ELS
Yes,302669,Business,Transport,147830,98635,NA,NA,NA,NA,Rural,UNY
Yes,233896,Business,Grocery Shop,446366,308141,NA,NA,NA,NA,Urban,UNY
Yes,172768,Business,Service Business,96046,47914,NA,NA,NA,NA,Urban,MFS
Yes,387221,Business,Fisheries,129211,81615,NA,NA,NA,NA,Urban,AMY
Yes,306500,Business,Fisheries,5000000,5000000,NA,NA,NA,NA,Rural,NO_ELIGIBLE_SCHEME
Yes,741670,Business,Computer Centre,350558,237238,NA,NA,NA,NA,Rural,NO_ELIGIBLE_SCHEME
Yes,300286,Education,NA,108468,108468,12th,Engineering,Management,Yes,Rural,ELS
No,389639,Business,Fisheries,294443,47961,NA,NA,NA,NA,Rural,NO_ELIGIBLE_SCHEME
Yes,144270,Business,Repair Shop,135978,31116,NA,NA,NA,NA,Rural,AMY
Yes,162702,Education,NA,2311117,1105333,Graduate,Nursing,Technical,Yes,Urban,ELS
Yes,312144,Business,Tailoring,50387,32552,NA,NA,NA,NA,Rural,AMY
Yes,674390,Business,Tailoring,307506,352912,NA,NA,NA,NA,Rural,NO_ELIGIBLE_SCHEME
Yes,76740,Education,NA,3981168,3018739,12th,MBA,Professional,Yes,Rural,ELS
Yes,136017,Education,NA,3530414,1000348,Postgraduate,Nursing,Professional,Yes,Urban,ELS
Yes,742310,Business,Transport,321198,238755,NA,NA,NA,NA,Rural,NO_ELIGIBLE_SCHEME
Yes,269794,Business,Service Business,111183,20745,NA,NA,NA,NA,Urban,MFS
Yes,270042,Business,Fisheries,214822,152560,NA,NA,NA,NA,Urban,UNY
Yes,266347,Business,Fisheries,377401,322046,NA,NA,NA,NA,Urban,UNY
Yes,202929,Business,Transport,270374,232953,NA,NA,NA,NA,Urban,UNY
Yes,421473,Business,Food Business,132356,118299,NA,NA,NA,NA,Urban,AMY
Yes,180619,Business,Transport,141743,122127,NA,NA,NA,NA,Rural,UNY
Yes,113655,Business,Computer Centre,94662,94029,NA,NA,NA,NA,Rural,AMY
Yes,89243,Education,NA,2793008,2561625,12th,MBA,Management,Yes,Urban,ELS
Yes,395966,Education,NA,3394234,1193374,Graduate,BTech,Medical,Yes,Rural,ELS
Yes,222774,Business,Food Business,135391,123010,NA,NA,NA,NA,Urban,MFS
Yes,155870,Business,Repair Shop,133904,71082,NA,NA,NA,NA,Urban,MFS
Yes,346564,Business,Small Manufacturing,75093,69813,NA,NA,NA,NA,Urban,MFS
Yes,151271,Business,Service Business,43070,42614,NA,NA,NA,NA,Rural,AMY
Yes,249116,Education,NA,3775469,1015171,Graduate,Pharmacy,Technical,Yes,Urban,ELS
Yes,116631,Business,Food Business,1964606,1264491,NA,NA,NA,NA,Urban,TERM_LOAN
Yes,699730,Business,Tailoring,145499,132862,NA,NA,NA,NA,Urban,NO_ELIGIBLE_SCHEME
Yes,108447,Business,Fisheries,72304,11043,NA,NA,NA,NA,Urban,AMY
Yes,387352,Business,Repair Shop,1172381,748405,NA,NA,NA,NA,Urban,TERM_LOAN
Yes,146632,Business,Food Business,6805303,5671006,NA,NA,NA,NA,Rural,NO_ELIGIBLE_SCHEME
Yes,51686,Education,NA,3058026,1160388,12th,Pharmacy,Medical,Yes,Rural,ELS
Yes,494048,Business,Fisheries,4216844,70562,NA,NA,NA,NA,Rural,TERM_LOAN
Yes,427013,Business,Computer Centre,5000000,5000000,NA,NA,NA,NA,Rural,NO_ELIGIBLE_SCHEME
Yes,238508,Business,Fisheries,64282,52839,NA,NA,NA,NA,Rural,MFS
Yes,66552,Business,Service Business,49369,25872,NA,NA,NA,NA,Rural,MFS
Yes,163123,Education,NA,123458,123458,Graduate,MCA,Technical,Yes,Urban,ELS
Yes,363421,Business,Repair Shop,4216733,3182462,NA,NA,NA,NA,Urban,TERM_LOAN
Yes,295027,Education,NA,664076,664076,12th,MBA,Technical,Yes,Rural,ELS
Yes,154607,Business,Repair Shop,84566,82651,NA,NA,NA,NA,Urban,AMY
Yes,148300,Education,NA,3474316,3029033,Graduate,BTech,Technical,Yes,Rural,ELS
Yes,104384,Business,Transport,4706791,814545,NA,NA,NA,NA,Rural,TERM_LOAN
Yes,312025,Education,NA,3735866,1069189,Postgraduate,MCA,Professional,Yes,Rural,ELS
Yes,85317,Business,Repair Shop,68096,54019,NA,NA,NA,NA,Rural,MFS
Yes,477166,Education,NA,1454898,1454898,Graduate,Pharmacy,Technical,Yes,Urban,ELS
Yes,313292,Business,Transport,49742,36013,NA,NA,NA,NA,Urban,AMY
No,131220,Business,Service Business,89882,357406,NA,NA,NA,NA,Urban,NO_ELIGIBLE_SCHEME
Yes,70993,Business,Tailoring,1755354,95242,NA,NA,NA,NA,Rural,TERM_LOAN
Yes,405992,Education,NA,3904350,2862788,12th,BCA,Professional,Yes,Urban,ELS
Yes,272821,Education,NA,2465767,1712267,12th,MBA,Professional,Yes,Urban,ELS
Yes,475180,Business,Computer Centre,89050,23566,NA,NA,NA,NA,Rural,MFS
Yes,51684,Business,Service Business,173146,28168,NA,NA,NA,NA,Urban,UNY
Yes,128423,Business,Repair Shop,423579,287486,NA,NA,NA,NA,Rural,UNY
Yes,225430,Business,Poultry,114815,57675,NA,NA,NA,NA,Rural,MFS
Yes,447644,Business,Grocery Shop,5000000,5000000,NA,NA,NA,NA,Rural,NO_ELIGIBLE_SCHEME
Yes,304954,Business,Fisheries,742437,516108,NA,NA,NA,NA,Urban,TERM_LOAN
Yes,128262,Business,Repair Shop,60907,37064,NA,NA,NA,NA,Rural,AMY
Yes,760900,Business,Food Business,273115,247310,NA,NA,NA,NA,Urban,NO_ELIGIBLE_SCHEME
Yes,214110,Business,Fisheries,101511,75511,NA,NA,NA,NA,Urban,AMY
Yes,446532,Business,Poultry,2687930,239299,NA,NA,NA,NA,Rural,TERM_LOAN
Yes,251340,Business,Transport,201158,48169,NA,NA,NA,NA,Urban,UNY
Yes,366397,Business,Service Business,347368,323521,NA,NA,NA,NA,Rural,UNY
Yes,332371,Business,Food Business,49476,39264,NA,NA,NA,NA,Urban,MFS
Yes,155087,Business,Fisheries,5000000,5000000,NA,NA,NA,NA,Urban,NO_ELIGIBLE_SCHEME
Yes,122013,Business,Repair Shop,4361730,2768277,NA,NA,NA,NA,Urban,TERM_LOAN
Yes,147275,Education,NA,443263,443263,Graduate,Law,Technical,Yes,Urban,ELS
Yes,71850,Education,NA,1764975,3797971,Postgraduate,Nursing,Technical,No,Urban,NO_ELIGIBLE_SCHEME
Yes,325316,Business,Tailoring,355496,132669,NA,NA,NA,NA,Rural,UNY
Yes,406913,Business,Grocery Shop,3986231,1864552,NA,NA,NA,NA,Rural,TERM_LOAN
Yes,159543,Business,Computer Centre,247291,81658,NA,NA,NA,NA,Rural,UNY
Yes,183320,Business,Small Manufacturing,468639,412378,NA,NA,NA,NA,Rural,UNY
Yes,482468,Business,Service Business,374266,341464,NA,NA,NA,NA,Urban,UNY
Yes,244657,Business,Tailoring,7501615,5620233,NA,NA,NA,NA,Rural,NO_ELIGIBLE_SCHEME
Yes,277614,Education,NA,876616,876616,12th,Nursing,Technical,Yes,Rural,ELS
Yes,174990,Education,NA,3416325,54441,12th,Engineering,Management,No,Urban,NO_ELIGIBLE_SCHEME
Yes,466166,Business,Poultry,705087,195037,NA,NA,NA,NA,Rural,TERM_LOAN
Yes,415831,Business,Fisheries,72838,42925,NA,NA,NA,NA,Rural,MFS
Yes,125430,Business,Fisheries,430003,313703,NA,NA,NA,NA,Rural,UNY
Yes,467020,Business,Repair Shop,302331,154975,NA,NA,NA,NA,Urban,UNY
Yes,602549,Business,Computer Centre,186939,253958,NA,NA,NA,NA,Rural,NO_ELIGIBLE_SCHEME
Yes,253771,Education,NA,2462877,2872012,Postgraduate,MBA,Technical,No,Urban,NO_ELIGIBLE_SCHEME
Yes,210523,Business,Poultry,3901244,3410171,NA,NA,NA,NA,Rural,TERM_LOAN
Yes,494508,Business,Service Business,5000000,5000000,NA,NA,NA,NA,Urban,NO_ELIGIBLE_SCHEME
Yes,483442,Business,Fisheries,4848429,3973721,NA,NA,NA,NA,Urban,TERM_LOAN
Yes,465519,Education,NA,3838090,2740769,Postgraduate,Medical,Medical,Yes,Rural,ELS
Yes,138738,Business,Fisheries,42502,28379,NA,NA,NA,NA,Urban,AMY
Yes,485322,Business,Grocery Shop,43055,13463,NA,NA,NA,NA,Urban,MFS
Yes,160355,Education,NA,3076111,1127477,Postgraduate,Law,Medical,Yes,Urban,ELS
Yes,352136,Business,Poultry,57444,21049,NA,NA,NA,NA,Urban,MFS
Yes,770687,Business,Small Manufacturing,66258,276174,NA,NA,NA,NA,Rural,NO_ELIGIBLE_SCHEME
Yes,387103,Business,Small Manufacturing,58503,29976,NA,NA,NA,NA,Rural,AMY
Yes,461107,Business,Service Business,125591,96419,NA,NA,NA,NA,Urban,AMY
Yes,210143,Business,Computer Centre,293692,235766,NA,NA,NA,NA,Urban,TERM_LOAN
Yes,100627,Business,Computer Centre,42219,24151,NA,NA,NA,NA,Rural,MFS
Yes,335231,Business,Repair Shop,7854543,6531554,NA,NA,NA,NA,Urban,NO_ELIGIBLE_SCHEME
Yes,98059,Business,Computer Centre,158770,140711,NA,NA,NA,NA,Rural,UNY
Yes,369357,Education,NA,2688602,2688602,Postgraduate,MBA,Medical,Yes,Rural,ELS
Yes,401173,Business,Poultry,1536252,1094507,NA,NA,NA,NA,Urban,TERM_LOAN
Yes,362417,Business,Food Business,80432,60019,NA,NA,NA,NA,Urban,MFS
Yes,432053,Business,Transport,346149,96022,NA,NA,NA,NA,Rural,TERM_LOAN
Yes,353964,Education,NA,2118743,2118743,Graduate,BCA,Management,Yes,Rural,ELS
Yes,170177,Business,Tailoring,30561,27391,NA,NA,NA,NA,Rural,AMY
Yes,593644,Business,Transport,331402,176506,NA,NA,NA,NA,Rural,NO_ELIGIBLE_SCHEME
Yes,279780,Business,Repair Shop,60432,53281,NA,NA,NA,NA,Rural,AMY
Yes,492700,Business,Repair Shop,385705,125249,NA,NA,NA,NA,Rural,UNY
Yes,257438,Education,NA,2541970,2541970,12th,Law,Technical,Yes,Urban,ELS
Yes,476604,Education,NA,3139227,3185724,12th,MBA,Technical,No,Urban,NO_ELIGIBLE_SCHEME
Yes,217422,Business,Poultry,45715,18276,NA,NA,NA,NA,Urban,AMY
Yes,105728,Business,Poultry,3671368,802894,NA,NA,NA,NA,Rural,TERM_LOAN
Yes,287301,Business,Poultry,3415575,312223,NA,NA,NA,NA,Rural,TERM_LOAN
Yes,113824,Education,NA,4456713,317917,Postgraduate,Nursing,Medical,Yes,Rural,ELS
Yes,215414,Business,Small Manufacturing,104048,98892,NA,NA,NA,NA,Rural,MFS
Yes,741672,Business,Service Business,345503,23637,NA,NA,NA,NA,Urban,NO_ELIGIBLE_SCHEME
Yes,378751,Education,NA,4115549,2373456,Postgraduate,Law,Technical,Yes,Rural,ELS
Yes,282656,Education,NA,955648,486027,Graduate,Pharmacy,Technical,No,Rural,NO_ELIGIBLE_SCHEME
Yes,401663,Business,Repair Shop,151486,135604,NA,NA,NA,NA,Rural,UNY
Yes,379843,Business,Computer Centre,1281128,150826,NA,NA,NA,NA,Rural,TERM_LOAN
Yes,96961,Business,Poultry,175990,116972,NA,NA,NA,NA,Rural,UNY
Yes,190164,Business,Small Manufacturing,67923,47534,NA,NA,NA,NA,Rural,MFS
Yes,555354,Business,Transport,470458,319430,NA,NA,NA,NA,Rural,NO_ELIGIBLE_SCHEME
Yes,192406,Business,Tailoring,312988,249534,NA,NA,NA,NA,Rural,UNY
Yes,334276,Business,Service Business,286535,92907,NA,NA,NA,NA,Rural,UNY
Yes,224982,Business,Grocery Shop,67047,47671,NA,NA,NA,NA,Rural,AMY
Yes,217857,Education,NA,4040846,3778494,12th,Nursing,Management,Yes,Urban,ELS
Yes,259654,Business,Computer Centre,130013,27501,NA,NA,NA,NA,Urban,AMY
Yes,215954,Business,Transport,453385,413539,NA,NA,NA,NA,Rural,UNY
Yes,381144,Business,Small Manufacturing,105308,17577,NA,NA,NA,NA,Urban,MFS
Yes,369638,Business,Computer Centre,381318,215093,NA,NA,NA,NA,Rural,UNY
Yes,100471,Education,NA,3044558,1283734,Postgraduate,Pharmacy,Technical,Yes,Urban,ELS
Yes,444334,Business,Service Business,56549,25703,NA,NA,NA,NA,Rural,MFS
Yes,120512,Business,Computer Centre,40097,32714,NA,NA,NA,NA,Rural,AMY
Yes,401410,Business,Transport,129085,93142,NA,NA,NA,NA,Rural,AMY
Yes,134980,Business,Service Business,123510,42534,NA,NA,NA,NA,Rural,AMY
Yes,126795,Business,Repair Shop,131327,115462,NA,NA,NA,NA,Rural,MFS
Yes,149751,Business,Computer Centre,1954994,355668,NA,NA,NA,NA,Urban,TERM_LOAN
Yes,468363,Business,Repair Shop,31197,24104,NA,NA,NA,NA,Rural,MFS
Yes,192342,Business,Transport,123040,14145,NA,NA,NA,NA,Rural,MFS
Yes,112031,Business,Small Manufacturing,150227,110672,NA,NA,NA,NA,Urban,UNY
Yes,335006,Business,Tailoring,781712,269893,NA,NA,NA,NA,Urban,TERM_LOAN
Yes,110407,Business,Fisheries,6856698,6050323,NA,NA,NA,NA,Rural,NO_ELIGIBLE_SCHEME
Yes,196958,Business,Transport,72714,34645,NA,NA,NA,NA,Urban,MFS
Yes,499872,Business,Service Business,433714,376458,NA,NA,NA,NA,Rural,UNY
Yes,671637,Business,Poultry,136143,239322,NA,NA,NA,NA,Urban,NO_ELIGIBLE_SCHEME
Yes,274332,Business,Grocery Shop,101002,61781,NA,NA,NA,NA,Rural,AMY
Yes,141307,Education,NA,2212234,1704804,Graduate,BCA,Professional,Yes,Urban,ELS
Yes,492197,Business,Service Business,351213,120312,NA,NA,NA,NA,Rural,UNY
Yes,189566,Business,Repair Shop,136615,112514,NA,NA,NA,NA,Urban,MFS
Yes,255669,Education,NA,3398769,1008546,Postgraduate,Nursing,Medical,Yes,Urban,ELS
Yes,220066,Business,Tailoring,342522,317911,NA,NA,NA,NA,Urban,UNY
Yes,303509,Education,NA,481790,481790,Postgraduate,BTech,Medical,Yes,Urban,ELS
Yes,217518,Business,Fisheries,453384,66518,NA,NA,NA,NA,Rural,TERM_LOAN
Yes,172505,Business,Transport,92425,79798,NA,NA,NA,NA,Urban,MFS
Yes,411967,Business,Fisheries,30730,18786,NA,NA,NA,NA,Urban,AMY
Yes,55868,Business,Service Business,4457812,4369115,NA,NA,NA,NA,Rural,TERM_LOAN
Yes,449231,Business,Transport,138590,42447,NA,NA,NA,NA,Urban,MFS
Yes,483733,Business,Poultry,230009,80383,NA,NA,NA,NA,Urban,UNY
Yes,333081,Business,Transport,416801,147725,NA,NA,NA,NA,Rural,UNY
Yes,310999,Education,NA,1867955,358349,12th,Medical,Medical,Yes,Rural,ELS
Yes,447990,Education,NA,4336886,2595687,12th,MBA,Management,Yes,Urban,ELS
Yes,227176,Business,Food Business,73321,64645,NA,NA,NA,NA,Urban,MFS
Yes,452911,Business,Small Manufacturing,32565,20727,NA,NA,NA,NA,Urban,AMY
Yes,308509,Education,NA,2268550,357321,12th,Nursing,Management,No,Urban,NO_ELIGIBLE_SCHEME
Yes,122204,Business,Computer Centre,36540,18238,NA,NA,NA,NA,Urban,AMY
Yes,258342,Business,Transport,5000000,5000000,NA,NA,NA,NA,Urban,NO_ELIGIBLE_SCHEME
Yes,181032,Business,Service Business,352373,55827,NA,NA,NA,NA,Urban,UNY
Yes,163934,Business,Transport,5000000,5000000,NA,NA,NA,NA,Urban,NO_ELIGIBLE_SCHEME
Yes,58540,Business,Small Manufacturing,205199,171129,NA,NA,NA,NA,Rural,UNY
Yes,254099,Business,Computer Centre,427323,337078,NA,NA,NA,NA,Urban,UNY
Yes,54798,Business,Tailoring,7656449,6413711,NA,NA,NA,NA,Rural,NO_ELIGIBLE_SCHEME
Yes,61189,Education,NA,3677567,2214146,Graduate,BCA,Medical,Yes,Rural,ELS
Yes,103130,Business,Transport,76469,11161,NA,NA,NA,NA,Urban,AMY
Yes,391853,Business,Transport,209129,139779,NA,NA,NA,NA,Rural,UNY
Yes,494716,Business,Computer Centre,139743,98079,NA,NA,NA,NA,Rural,AMY
Yes,320341,Business,Food Business,449743,128953,NA,NA,NA,NA,Rural,UNY
Yes,156237,Education,NA,2902205,2444670,Graduate,Pharmacy,Professional,Yes,Urban,ELS
Yes,573523,Business,Transport,382357,55207,NA,NA,NA,NA,Urban,NO_ELIGIBLE_SCHEME
Yes,205173,Business,Computer Centre,270657,76640,NA,NA,NA,NA,Urban,TERM_LOAN
Yes,193673,Business,Grocery Shop,86694,63330,NA,NA,NA,NA,Urban,MFS
Yes,80800,Business,Service Business,34823,12603,NA,NA,NA,NA,Rural,AMY
Yes,458683,Business,Small Manufacturing,307228,253126,NA,NA,NA,NA,Rural,UNY
Yes,209954,Business,Service Business,3651073,2552671,NA,NA,NA,NA,Urban,TERM_LOAN
Yes,156384,Education,NA,3910514,2041477,12th,Pharmacy,Technical,No,Urban,NO_ELIGIBLE_SCHEME
Yes,392729,Business,Poultry,1203815,638130,NA,NA,NA,NA,Urban,TERM_LOAN
Yes,220993,Business,Repair Shop,297220,144803,NA,NA,NA,NA,Urban,TERM_LOAN
Yes,467091,Education,NA,2786640,2786640,Postgraduate,Nursing,Technical,Yes,Urban,ELS
Yes,350100,Business,Food Business,350195,181103,NA,NA,NA,NA,Urban,UNY
Yes,426683,Business,Fisheries,86068,78235,NA,NA,NA,NA,Urban,AMY
Yes,241322,Business,Small Manufacturing,4004827,2032908,NA,NA,NA,NA,Urban,TERM_LOAN
Yes,316281,Business,Service Business,178382,171151,NA,NA,NA,NA,Urban,TERM_LOAN
Yes,491744,Business,Transport,409583,60106,NA,NA,NA,NA,Urban,UNY
Yes,140771,Business,Small Manufacturing,438670,116069,NA,NA,NA,NA,Urban,UNY
Yes,94585,Business,Poultry,348797,301859,NA,NA,NA,NA,Rural,TERM_LOAN
Yes,362937,Business,Tailoring,50146,31143,NA,NA,NA,NA,Urban,MFS
Yes,336326,Business,Computer Centre,229979,175082,NA,NA,NA,NA,Urban,UNY
Yes,256695,Business,Food Business,490318,121087,NA,NA,NA,NA,Rural,UNY
Yes,53420,Education,NA,553695,553695,Postgraduate,BCA,Medical,Yes,Rural,ELS
No,489907,Business,Grocery Shop,338837,212748,NA,NA,NA,NA,Rural,NO_ELIGIBLE_SCHEME
Yes,487677,Business,Repair Shop,46760,42716,NA,NA,NA,NA,Urban,MFS
Yes,267646,Business,Fisheries,128262,51534,NA,NA,NA,NA,Rural,AMY
No,107218,Business,Poultry,204311,172040,NA,NA,NA,NA,Rural,NO_ELIGIBLE_SCHEME
Yes,372792,Business,Service Business,47992,17158,NA,NA,NA,NA,Rural,MFS
Yes,267963,Business,Food Business,4701862,953063,NA,NA,NA,NA,Rural,TERM_LOAN
Yes,432046,Education,NA,3464202,3464202,Postgraduate,Medical,Technical,Yes,Rural,ELS
Yes,260656,Business,Transport,300167,75021,NA,NA,NA,NA,Rural,TERM_LOAN
Yes,257369,Business,Fisheries,50577,45107,NA,NA,NA,NA,Urban,AMY
Yes,354709,Business,Transport,92096,45171,NA,NA,NA,NA,Rural,AMY
Yes,286606,Business,Repair Shop,178536,87951,NA,NA,NA,NA,Urban,UNY
Yes,198243,Education,NA,4297023,59918,12th,MCA,Management,Yes,Rural,ELS
Yes,324334,Business,Fisheries,48548,29018,NA,NA,NA,NA,Urban,AMY
Yes,460937,Business,Food Business,128617,108112,NA,NA,NA,NA,Rural,MFS
Yes,461957,Business,Repair Shop,43845,16618,NA,NA,NA,NA,Urban,MFS
Yes,237152,Business,Service Business,780673,304555,NA,NA,NA,NA,Urban,TERM_LOAN
Yes,387508,Business,Small Manufacturing,250669,66726,NA,NA,NA,NA,Urban,TERM_LOAN
Yes,440607,Business,Food Business,1724708,1482072,NA,NA,NA,NA,Rural,TERM_LOAN
Yes,179013,Business,Poultry,1855452,753174,NA,NA,NA,NA,Rural,TERM_LOAN
Yes,123707,Business,Service Business,41590,34767,NA,NA,NA,NA,Urban,AMY
Yes,381910,Business,Tailoring,62320,24636,NA,NA,NA,NA,Urban,AMY
Yes,81218,Education,NA,1529715,1529715,Postgraduate,Pharmacy,Medical,Yes,Urban,ELS
Yes,125990,Business,Fisheries,37122,24282,NA,NA,NA,NA,Urban,MFS
Yes,382504,Education,NA,2859309,2859309,Postgraduate,Law,Professional,Yes,Rural,ELS
Yes,425466,Business,Tailoring,6547694,6457603,NA,NA,NA,NA,Rural,NO_ELIGIBLE_SCHEME
Yes,278704,Business,Tailoring,82044,15544,NA,NA,NA,NA,Urban,MFS
Yes,357927,Business,Fisheries,130018,90744,NA,NA,NA,NA,Urban,AMY
Yes,290204,Business,Tailoring,4995723,3823767,NA,NA,NA,NA,Urban,TERM_LOAN
Yes,76714,Business,Tailoring,4054303,574243,NA,NA,NA,NA,Rural,TERM_LOAN
Yes,401285,Business,Computer Centre,137696,102925,NA,NA,NA,NA,Urban,MFS
Yes,492826,Business,Computer Centre,40142,26195,NA,NA,NA,NA,Rural,AMY
Yes,179040,Education,NA,2438937,3365568,Postgraduate,MBA,Medical,No,Urban,NO_ELIGIBLE_SCHEME
Yes,67032,Business,Computer Centre,2746883,1457553,NA,NA,NA,NA,Rural,TERM_LOAN
Yes,628810,Business,Small Manufacturing,304443,343110,NA,NA,NA,NA,Rural,NO_ELIGIBLE_SCHEME
Yes,259716,Education,NA,2846407,954070,Postgraduate,Medical,Technical,No,Urban,NO_ELIGIBLE_SCHEME
Yes,303426,Business,Repair Shop,402458,321550,NA,NA,NA,NA,Rural,UNY
Yes,367462,Business,Grocery Shop,138332,29603,NA,NA,NA,NA,Rural,MFS
Yes,351823,Business,Grocery Shop,125152,122216,NA,NA,NA,NA,Rural,AMY
Yes,386066,Education,NA,1997712,1997712,12th,BCA,Management,Yes,Urban,ELS
Yes,726136,Business,Fisheries,292906,49275,NA,NA,NA,NA,Rural,NO_ELIGIBLE_SCHEME
Yes,296065,Business,Grocery Shop,7549770,6777847,NA,NA,NA,NA,Rural,NO_ELIGIBLE_SCHEME
Yes,87155,Business,Service Business,86034,59298,NA,NA,NA,NA,Rural,AMY
Yes,283078,Education,NA,403745,403745,Graduate,BTech,Management,Yes,Urban,ELS
Yes,62856,Business,Computer Centre,343912,322492,NA,NA,NA,NA,Urban,TERM_LOAN
Yes,397090,Business,Repair Shop,125390,40753,NA,NA,NA,NA,Rural,MFS
Yes,399992,Business,Transport,109511,78022,NA,NA,NA,NA,Rural,AMY
Yes,364313,Business,Tailoring,3572435,2321196,NA,NA,NA,NA,Urban,TERM_LOAN
Yes,219510,Business,Repair Shop,3469108,821515,NA,NA,NA,NA,Rural,TERM_LOAN
Yes,474094,Business,Service Business,116025,48240,NA,NA,NA,NA,Rural,MFS
Yes,144720,Business,Computer Centre,232769,231287,NA,NA,NA,NA,Urban,UNY
Yes,78790,Business,Repair Shop,35103,13492,NA,NA,NA,NA,Rural,AMY
Yes,214750,Business,Grocery Shop,88114,18169,NA,NA,NA,NA,Urban,AMY
Yes,321116,Education,NA,3798781,2584474,Graduate,Law,Professional,Yes,Urban,ELS
Yes,50765,Business,Food Business,104442,54734,NA,NA,NA,NA,Rural,AMY
Yes,351424,Business,Fisheries,166164,47125,NA,NA,NA,NA,Rural,UNY
Yes,311467,Business,Tailoring,1517589,126723,NA,NA,NA,NA,Rural,TERM_LOAN
Yes,365632,Education,NA,4103782,1750370,Graduate,Pharmacy,Management,Yes,Rural,ELS
Yes,365218,Business,Fisheries,63612,55013,NA,NA,NA,NA,Urban,MFS
Yes,379875,Education,NA,1803965,1781539,12th,BCA,Management,Yes,Rural,ELS
Yes,390007,Business,Food Business,4648634,771031,NA,NA,NA,NA,Rural,TERM_LOAN
Yes,202253,Business,Tailoring,414985,163298,NA,NA,NA,NA,Rural,UNY
Yes,89859,Education,NA,679332,736303,Graduate,Nursing,Management,No,Rural,NO_ELIGIBLE_SCHEME
Yes,56409,Business,Poultry,135322,115764,NA,NA,NA,NA,Urban,AMY
Yes,130657,Business,Tailoring,488426,201604,NA,NA,NA,NA,Urban,TERM_LOAN
Yes,119773,Business,Transport,5000000,5000000,NA,NA,NA,NA,Urban,NO_ELIGIBLE_SCHEME
Yes,417690,Business,Service Business,98920,91785,NA,NA,NA,NA,Urban,MFS
Yes,122000,Business,Computer Centre,45833,45775,NA,NA,NA,NA,Rural,MFS
Yes,106559,Business,Tailoring,47225,17191,NA,NA,NA,NA,Rural,AMY
Yes,93259,Business,Poultry,67593,41769,NA,NA,NA,NA,Rural,MFS
Yes,307672,Business,Service Business,2017345,1624115,NA,NA,NA,NA,Urban,TERM_LOAN
Yes,484653,Education,NA,4376562,3441043,12th,Medical,Medical,Yes,Urban,ELS
Yes,378379,Business,Poultry,5000000,5000000,NA,NA,NA,NA,Urban,NO_ELIGIBLE_SCHEME
Yes,260038,Business,Poultry,244593,234984,NA,NA,NA,NA,Rural,UNY
Yes,462104,Education,NA,981713,2738572,Postgraduate,MBA,Professional,No,Rural,NO_ELIGIBLE_SCHEME
Yes,169282,Business,Small Manufacturing,129150,87296,NA,NA,NA,NA,Rural,MFS
Yes,159703,Business,Repair Shop,5000000,5000000,NA,NA,NA,NA,Urban,NO_ELIGIBLE_SCHEME
Yes,314379,Education,NA,2198780,2198780,12th,BTech,Professional,Yes,Urban,ELS
Yes,148566,Business,Fisheries,81014,56291,NA,NA,NA,NA,Urban,AMY
Yes,502357,Business,Service Business,100390,377118,NA,NA,NA,NA,Urban,NO_ELIGIBLE_SCHEME
Yes,412703,Business,Poultry,38294,33967,NA,NA,NA,NA,Rural,AMY
Yes,191286,Business,Computer Centre,7054699,5156304,NA,NA,NA,NA,Urban,NO_ELIGIBLE_SCHEME
Yes,223992,Business,Computer Centre,260729,250459,NA,NA,NA,NA,Rural,UNY
Yes,414423,Business,Poultry,127482,115538,NA,NA,NA,NA,Rural,AMY
Yes,293042,Business,Service Business,4664643,1916111,NA,NA,NA,NA,Rural,TERM_LOAN
No,490583,Business,Tailoring,370944,120011,NA,NA,NA,NA,Rural,NO_ELIGIBLE_SCHEME
Yes,344890,Business,Tailoring,170890,117125,NA,NA,NA,NA,Rural,UNY
Yes,91253,Business,Computer Centre,266294,45328,NA,NA,NA,NA,Urban,UNY
Yes,337080,Business,Poultry,118022,110065,NA,NA,NA,NA,Rural,MFS
Yes,433650,Business,Poultry,165385,64565,NA,NA,NA,NA,Rural,UNY
Yes,286933,Business,Tailoring,70685,40260,NA,NA,NA,NA,Rural,MFS
Yes,273162,Education,NA,355276,355276,Graduate,BTech,Management,Yes,Urban,ELS
Yes,380486,Business,Grocery Shop,320732,238345,NA,NA,NA,NA,Rural,UNY
Yes,687546,Business,Food Business,444568,116974,NA,NA,NA,NA,Rural,NO_ELIGIBLE_SCHEME
Yes,428805,Education,NA,3678923,3678923,Graduate,Engineering,Medical,Yes,Rural,ELS
Yes,425181,Education,NA,3473451,3432408,12th,MBA,Management,Yes,Rural,ELS
Yes,484143,Business,Grocery Shop,69318,54829,NA,NA,NA,NA,Rural,MFS
Yes,406990,Business,Transport,51937,26809,NA,NA,NA,NA,Urban,AMY
Yes,491304,Business,Small Manufacturing,137514,40792,NA,NA,NA,NA,Urban,AMY
Yes,467401,Business,Fisheries,364606,200762,NA,NA,NA,NA,Urban,UNY
Yes,351709,Business,Tailoring,98100,23607,NA,NA,NA,NA,Urban,AMY
Yes,306170,Business,Tailoring,108504,52487,NA,NA,NA,NA,Rural,MFS
Yes,406664,Business,Grocery Shop,102512,11504,NA,NA,NA,NA,Urban,MFS
Yes,422929,Business,Grocery Shop,64786,63131,NA,NA,NA,NA,Rural,AMY
Yes,148202,Education,NA,3327936,3299360,12th,Law,Management,Yes,Urban,ELS
Yes,94822,Business,Computer Centre,497135,139502,NA,NA,NA,NA,Urban,TERM_LOAN
Yes,271244,Business,Fisheries,360319,41591,NA,NA,NA,NA,Urban,UNY
Yes,334593,Business,Small Manufacturing,2981277,371172,NA,NA,NA,NA,Urban,TERM_LOAN
Yes,313514,Business,Grocery Shop,93762,33853,NA,NA,NA,NA,Urban,AMY
Yes,70275,Business,Tailoring,1044413,231029,NA,NA,NA,NA,Rural,TERM_LOAN
Yes,155506,Business,Poultry,552354,418815,NA,NA,NA,NA,Rural,TERM_LOAN
Yes,144967,Business,Repair Shop,116194,83170,NA,NA,NA,NA,Rural,MFS
Yes,188560,Business,Poultry,101036,24010,NA,NA,NA,NA,Rural,AMY
Yes,407936,Business,Computer Centre,103023,17752,NA,NA,NA,NA,Rural,AMY
Yes,396666,Business,Food Business,7170955,5615009,NA,NA,NA,NA,Rural,NO_ELIGIBLE_SCHEME
Yes,420302,Business,Service Business,66169,22961,NA,NA,NA,NA,Urban,AMY
Yes,292774,Business,Tailoring,3072497,2732056,NA,NA,NA,NA,Rural,TERM_LOAN
No,343511,Business,Computer Centre,330462,279421,NA,NA,NA,NA,Urban,NO_ELIGIBLE_SCHEME
Yes,186614,Business,Repair Shop,308276,261921,NA,NA,NA,NA,Urban,UNY
Yes,168367,Business,Tailoring,3471972,2614633,NA,NA,NA,NA,Rural,TERM_LOAN
Yes,235564,Business,Service Business,114849,78112,NA,NA,NA,NA,Urban,AMY
Yes,236432,Business,Computer Centre,2390000,1753974,NA,NA,NA,NA,Rural,TERM_LOAN
Yes,300132,Business,Grocery Shop,6207520,5612940,NA,NA,NA,NA,Rural,NO_ELIGIBLE_SCHEME
Yes,272622,Education,NA,3698031,567100,12th,Medical,Management,Yes,Urban,ELS
Yes,369056,Business,Service Business,286975,49091,NA,NA,NA,NA,Urban,UNY
Yes,425291,Business,Fisheries,99315,38442,NA,NA,NA,NA,Urban,MFS
Yes,95304,Business,Poultry,583403,505057,NA,NA,NA,NA,Urban,TERM_LOAN
Yes,127249,Business,Fisheries,265415,113915,NA,NA,NA,NA,Rural,TERM_LOAN
Yes,72883,Business,Computer Centre,60613,36920,NA,NA,NA,NA,Urban,MFS
Yes,265400,Business,Poultry,5000000,5000000,NA,NA,NA,NA,Urban,NO_ELIGIBLE_SCHEME
Yes,475881,Education,NA,3001607,998844,Graduate,Medical,Management,Yes,Rural,ELS
No,453887,Business,Poultry,468249,371340,NA,NA,NA,NA,Urban,NO_ELIGIBLE_SCHEME
Yes,128022,Business,Computer Centre,444224,128794,NA,NA,NA,NA,Rural,UNY
Yes,434200,Business,Transport,229755,51426,NA,NA,NA,NA,Urban,UNY
Yes,215862,Business,Repair Shop,158829,137305,NA,NA,NA,NA,Urban,UNY
Yes,399362,Business,Poultry,122813,100814,NA,NA,NA,NA,Rural,MFS
Yes,495648,Education,NA,2017482,606679,12th,Law,Technical,Yes,Urban,ELS
Yes,316245,Business,Computer Centre,62986,51960,NA,NA,NA,NA,Urban,AMY
Yes,355948,Business,Transport,4011832,3124750,NA,NA,NA,NA,Urban,TERM_LOAN
Yes,162601,Business,Poultry,3263092,2986291,NA,NA,NA,NA,Urban,TERM_LOAN
Yes,366864,Business,Transport,92027,54175,NA,NA,NA,NA,Urban,AMY
Yes,203007,Education,NA,454930,307747,12th,MBA,Professional,Yes,Rural,ELS
Yes,347406,Business,Transport,6683564,5552483,NA,NA,NA,NA,Rural,NO_ELIGIBLE_SCHEME
Yes,61178,Business,Computer Centre,2232675,1498122,NA,NA,NA,NA,Rural,TERM_LOAN
Yes,380604,Education,NA,2789737,2789737,12th,BTech,Technical,Yes,Rural,ELS
Yes,498959,Education,NA,361502,361502,Graduate,Pharmacy,Management,Yes,Rural,ELS
Yes,186647,Business,Fisheries,7284556,6182436,NA,NA,NA,NA,Urban,NO_ELIGIBLE_SCHEME
Yes,88269,Business,Repair Shop,274951,230931,NA,NA,NA,NA,Rural,UNY
Yes,148476,Business,Transport,4826324,887527,NA,NA,NA,NA,Rural,TERM_LOAN
Yes,439455,Business,Poultry,558421,247719,NA,NA,NA,NA,Rural,TERM_LOAN
Yes,131260,Business,Computer Centre,120230,88146,NA,NA,NA,NA,Rural,MFS
Yes,308312,Business,Grocery Shop,3005550,871559,NA,NA,NA,NA,Urban,TERM_LOAN
Yes,413845,Business,Food Business,110199,47431,NA,NA,NA,NA,Rural,MFS
Yes,183702,Education,NA,1038926,3119886,Postgraduate,MCA,Medical,No,Rural,NO_ELIGIBLE_SCHEME
Yes,240491,Business,Transport,110586,49258,NA,NA,NA,NA,Rural,MFS
Yes,271153,Business,Service Business,113962,54222,NA,NA,NA,NA,Urban,MFS
Yes,134847,Business,Poultry,87484,67587,NA,NA,NA,NA,Urban,AMY
Yes,161204,Business,Service Business,42015,31717,NA,NA,NA,NA,Rural,MFS
Yes,194965,Business,Service Business,58361,41732,NA,NA,NA,NA,Urban,MFS
Yes,246883,Business,Small Manufacturing,83191,48736,NA,NA,NA,NA,Urban,AMY
Yes,312790,Business,Grocery Shop,362778,159134,NA,NA,NA,NA,Urban,UNY
Yes,52190,Business,Poultry,3530847,283567,NA,NA,NA,NA,Rural,TERM_LOAN
Yes,369795,Business,Computer Centre,390814,344643,NA,NA,NA,NA,Urban,UNY
Yes,276431,Education,NA,3405914,3405914,Postgraduate,Nursing,Management,Yes,Rural,ELS
Yes,194030,Business,Computer Centre,91782,12077,NA,NA,NA,NA,Rural,AMY
Yes,293353,Business,Food Business,62189,30351,NA,NA,NA,NA,Urban,MFS
Yes,178925,Business,Grocery Shop,1447614,326919,NA,NA,NA,NA,Rural,TERM_LOAN
Yes,126168,Education,NA,2589738,839978,12th,BTech,Medical,Yes,Rural,ELS
Yes,92445,Business,Service Business,133244,99740,NA,NA,NA,NA,Urban,MFS
Yes,216365,Business,Small Manufacturing,47290,15875,NA,NA,NA,NA,Urban,MFS
Yes,116157,Business,Tailoring,135966,35260,NA,NA,NA,NA,Urban,MFS
Yes,552495,Business,Repair Shop,172515,221717,NA,NA,NA,NA,Urban,NO_ELIGIBLE_SCHEME
Yes,395361,Business,Transport,3671323,2446486,NA,NA,NA,NA,Rural,TERM_LOAN
Yes,250968,Business,Tailoring,86233,72573,NA,NA,NA,NA,Rural,MFS
Yes,213859,Business,Food Business,120214,40597,NA,NA,NA,NA,Urban,AMY
Yes,411364,Education,NA,1143943,3958957,Graduate,BCA,Technical,No,Urban,NO_ELIGIBLE_SCHEME
Yes,423083,Business,Small Manufacturing,1795671,1550505,NA,NA,NA,NA,Urban,TERM_LOAN
Yes,132202,Business,Service Business,68687,49559,NA,NA,NA,NA,Rural,MFS
Yes,505427,Business,Fisheries,124665,234997,NA,NA,NA,NA,Rural,NO_ELIGIBLE_SCHEME
Yes,348439,Business,Food Business,98925,53108,NA,NA,NA,NA,Urban,AMY
Yes,300332,Education,NA,4117237,1102662,Graduate,BCA,Management,Yes,Urban,ELS
No,196520,Business,Repair Shop,356274,56478,NA,NA,NA,NA,Rural,NO_ELIGIBLE_SCHEME
Yes,252760,Business,Small Manufacturing,784223,754767,NA,NA,NA,NA,Rural,TERM_LOAN
Yes,262432,Business,Transport,99472,29655,NA,NA,NA,NA,Rural,AMY
Yes,293645,Education,NA,117616,117616,Graduate,Pharmacy,Professional,Yes,Rural,ELS
Yes,212903,Business,Poultry,6041782,5196459,NA,NA,NA,NA,Urban,NO_ELIGIBLE_SCHEME
Yes,281527,Education,NA,1019745,670917,Graduate,Law,Technical,Yes,Rural,ELS
Yes,286783,Education,NA,2868428,1788752,12th,BCA,Medical,Yes,Urban,ELS
Yes,665386,Business,Poultry,363343,283588,NA,NA,NA,NA,Rural,NO_ELIGIBLE_SCHEME
Yes,152942,Business,Repair Shop,366223,230267,NA,NA,NA,NA,Rural,UNY
Yes,224335,Business,Small Manufacturing,57664,19686,NA,NA,NA,NA,Urban,AMY
Yes,276331,Business,Poultry,307018,168823,NA,NA,NA,NA,Rural,UNY
Yes,154598,Business,Repair Shop,119564,110618,NA,NA,NA,NA,Rural,AMY
Yes,121152,Business,Food Business,402150,269088,NA,NA,NA,NA,Rural,TERM_LOAN
Yes,93028,Education,NA,301623,301623,12th,BTech,Medical,Yes,Rural,ELS
Yes,292511,Business,Repair Shop,2461070,1361277,NA,NA,NA,NA,Urban,TERM_LOAN
Yes,295540,Business,Grocery Shop,135412,25095,NA,NA,NA,NA,Rural,MFS
Yes,132117,Education,NA,1638409,1194613,Postgraduate,Medical,Medical,Yes,Rural,ELS
Yes,63792,Business,Fisheries,365857,98173,NA,NA,NA,NA,Urban,UNY
Yes,172750,Education,NA,1065855,1065855,12th,Medical,Management,Yes,Urban,ELS
Yes,374597,Education,NA,250074,250074,12th,MBA,Professional,Yes,Rural,ELS
Yes,286104,Business,Service Business,159648,139795,NA,NA,NA,NA,Urban,UNY
Yes,177062,Business,Food Business,85579,42347,NA,NA,NA,NA,Rural,AMY
Yes,302408,Education,NA,2349779,1518217,Graduate,Engineering,Medical,Yes,Rural,ELS
Yes,288423,Business,Service Business,5000000,5000000,NA,NA,NA,NA,Urban,NO_ELIGIBLE_SCHEME
Yes,124257,Business,Transport,49533,29212,NA,NA,NA,NA,Urban,AMY
Yes,340733,Business,Tailoring,266931,104693,NA,NA,NA,NA,Urban,UNY
Yes,125784,Business,Food Business,5000000,5000000,NA,NA,NA,NA,Rural,NO_ELIGIBLE_SCHEME
Yes,287443,Education,NA,2974388,2071034,Graduate,Pharmacy,Professional,Yes,Urban,ELS
Yes,180570,Business,Tailoring,93195,73733,NA,NA,NA,NA,Urban,AMY
Yes,325876,Business,Transport,354455,77693,NA,NA,NA,NA,Urban,UNY
Yes,126152,Business,Computer Centre,1417197,169924,NA,NA,NA,NA,Rural,TERM_LOAN
Yes,284164,Business,Service Business,134584,17336,NA,NA,NA,NA,Rural,AMY
Yes,183691,Business,Fisheries,80910,41831,NA,NA,NA,NA,Urban,MFS
Yes,428720,Business,Repair Shop,2171454,1268465,NA,NA,NA,NA,Urban,TERM_LOAN
Yes,377033,Business,Tailoring,2307388,1072895,NA,NA,NA,NA,Urban,TERM_LOAN
Yes,168353,Business,Poultry,80425,56570,NA,NA,NA,NA,Urban,MFS
Yes,223373,Business,Poultry,136012,24764,NA,NA,NA,NA,Urban,MFS
Yes,214210,Business,Repair Shop,205827,86680,NA,NA,NA,NA,Rural,UNY
Yes,410937,Business,Grocery Shop,420537,214599,NA,NA,NA,NA,Urban,UNY
Yes,431864,Business,Repair Shop,77400,30582,NA,NA,NA,NA,Urban,MFS
Yes,276100,Business,Tailoring,282048,154337,NA,NA,NA,NA,Urban,UNY
Yes,464239,Business,Fisheries,2157452,134631,NA,NA,NA,NA,Urban,TERM_LOAN
Yes,447610,Business,Food Business,391536,139624,NA,NA,NA,NA,Rural,UNY
Yes,121349,Education,NA,2327294,2327294,Graduate,Pharmacy,Professional,Yes,Urban,ELS
Yes,493287,Business,Small Manufacturing,35754,17584,NA,NA,NA,NA,Urban,MFS
Yes,248141,Business,Service Business,1461637,1262135,NA,NA,NA,NA,Rural,TERM_LOAN
Yes,361880,Business,Computer Centre,2246676,1751630,NA,NA,NA,NA,Rural,TERM_LOAN
Yes,409089,Business,Food Business,342525,105736,NA,NA,NA,NA,Rural,UNY
Yes,57473,Business,Poultry,6499127,6153719,NA,NA,NA,NA,Urban,NO_ELIGIBLE_SCHEME
Yes,91773,Business,Computer Centre,31862,24073,NA,NA,NA,NA,Rural,AMY
Yes,129345,Business,Small Manufacturing,347193,276408,NA,NA,NA,NA,Urban,UNY
Yes,282929,Education,NA,4160603,2137531,12th,Pharmacy,Medical,Yes,Urban,ELS
Yes,311921,Business,Grocery Shop,130603,88494,NA,NA,NA,NA,Rural,AMY
Yes,234708,Education,NA,1139970,848323,12th,BCA,Medical,Yes,Urban,ELS
Yes,78850,Business,Repair Shop,110254,89800,NA,NA,NA,NA,Rural,MFS
Yes,141784,Business,Transport,100143,14888,NA,NA,NA,NA,Rural,MFS
Yes,209813,Education,NA,4488934,235803,Postgraduate,Pharmacy,Management,Yes,Rural,ELS
Yes,288725,Business,Fisheries,70880,32483,NA,NA,NA,NA,Urban,MFS
Yes,383542,Business,Grocery Shop,1453425,710315,NA,NA,NA,NA,Urban,TERM_LOAN
Yes,266318,Business,Fisheries,61079,58349,NA,NA,NA,NA,Urban,MFS
Yes,417138,Education,NA,626079,1991176,12th,MCA,Technical,No,Rural,NO_ELIGIBLE_SCHEME
Yes,81484,Business,Tailoring,129557,91937,NA,NA,NA,NA,Urban,MFS
Yes,296365,Education,NA,751618,751618,Postgraduate,MCA,Technical,Yes,Urban,ELS
Yes,386960,Business,Tailoring,7373417,5401074,NA,NA,NA,NA,Urban,NO_ELIGIBLE_SCHEME
Yes,190450,Business,Small Manufacturing,105066,24969,NA,NA,NA,NA,Urban,MFS
Yes,164486,Business,Tailoring,309125,240226,NA,NA,NA,NA,Rural,UNY
Yes,322942,Business,Small Manufacturing,4693366,2364561,NA,NA,NA,NA,Urban,TERM_LOAN
Yes,272006,Business,Service Business,1601566,287149,NA,NA,NA,NA,Rural,TERM_LOAN
Yes,202990,Business,Small Manufacturing,79811,30066,NA,NA,NA,NA,Rural,AMY
Yes,396591,Business,Repair Shop,403371,293693,NA,NA,NA,NA,Urban,UNY
Yes,498433,Business,Poultry,437244,279070,NA,NA,NA,NA,Rural,UNY
No,62790,Business,Repair Shop,214664,128669,NA,NA,NA,NA,Urban,NO_ELIGIBLE_SCHEME
Yes,468019,Business,Food Business,31554,19463,NA,NA,NA,NA,Urban,MFS
Yes,315958,Business,Computer Centre,363778,70669,NA,NA,NA,NA,Rural,UNY
Yes,766496,Business,Service Business,303924,104900,NA,NA,NA,NA,Urban,NO_ELIGIBLE_SCHEME
Yes,431213,Business,Tailoring,123742,67464,NA,NA,NA,NA,Rural,MFS
Yes,463947,Business,Poultry,137666,35198,NA,NA,NA,NA,Urban,AMY
Yes,267972,Business,Tailoring,56462,38777,NA,NA,NA,NA,Rural,MFS
Yes,136351,Business,Fisheries,102148,97115,NA,NA,NA,NA,Urban,AMY
Yes,468527,Business,Computer Centre,34205,26522,NA,NA,NA,NA,Urban,AMY
Yes,437297,Education,NA,541045,541045,Graduate,BTech,Medical,Yes,Rural,ELS
Yes,386232,Business,Small Manufacturing,67298,39776,NA,NA,NA,NA,Urban,MFS
Yes,251690,Business,Food Business,69599,23055,NA,NA,NA,NA,Rural,MFS
Yes,194856,Business,Tailoring,201463,166446,NA,NA,NA,NA,Rural,UNY
Yes,295377,Business,Repair Shop,47589,43044,NA,NA,NA,NA,Rural,MFS
Yes,186876,Education,NA,4341185,1250427,Graduate,Medical,Management,Yes,Rural,ELS
Yes,758254,Business,Small Manufacturing,96660,21117,NA,NA,NA,NA,Rural,NO_ELIGIBLE_SCHEME
Yes,183371,Business,Computer Centre,3266248,968006,NA,NA,NA,NA,Rural,TERM_LOAN
Yes,329426,Education,NA,4432928,1016623,Graduate,Nursing,Management,Yes,Urban,ELS
Yes,299665,Business,Transport,370657,175842,NA,NA,NA,NA,Urban,TERM_LOAN
Yes,420407,Business,Poultry,4432616,243508,NA,NA,NA,NA,Urban,TERM_LOAN
Yes,139244,Business,Grocery Shop,2472302,149094,NA,NA,NA,NA,Urban,TERM_LOAN
Yes,119837,Business,Computer Centre,31352,25364,NA,NA,NA,NA,Urban,MFS
Yes,487477,Business,Computer Centre,2227985,2101052,NA,NA,NA,NA,Urban,TERM_LOAN
Yes,498892,Education,NA,2655062,338668,Postgraduate,BCA,Technical,Yes,Rural,ELS
Yes,97067,Business,Computer Centre,4229226,3022510,NA,NA,NA,NA,Urban,TERM_LOAN
Yes,495073,Education,NA,3324034,2809949,Postgraduate,Engineering,Technical,Yes,Rural,ELS
Yes,69903,Business,Grocery Shop,53010,42141,NA,NA,NA,NA,Rural,MFS
Yes,111692,Business,Small Manufacturing,63187,48381,NA,NA,NA,NA,Urban,AMY
Yes,448286,Business,Service Business,48249,41485,NA,NA,NA,NA,Urban,AMY
Yes,402364,Business,Grocery Shop,89436,77219,NA,NA,NA,NA,Urban,AMY
Yes,199405,Education,NA,3621776,587543,Postgraduate,BTech,Professional,Yes,Urban,ELS
Yes,372959,Business,Small Manufacturing,5000000,5000000,NA,NA,NA,NA,Urban,NO_ELIGIBLE_SCHEME
Yes,691052,Business,Transport,217714,231503,NA,NA,NA,NA,Urban,NO_ELIGIBLE_SCHEME
Yes,144860,Business,Fisheries,428742,28208,NA,NA,NA,NA,Urban,UNY
Yes,192660,Business,Food Business,118338,20693,NA,NA,NA,NA,Urban,MFS
Yes,289466,Business,Tailoring,41322,28123,NA,NA,NA,NA,Urban,MFS
Yes,276748,Business,Food Business,34870,26299,NA,NA,NA,NA,Urban,AMY
Yes,327574,Business,Computer Centre,135991,71824,NA,NA,NA,NA,Rural,MFS
Yes,193605,Business,Transport,48577,14538,NA,NA,NA,NA,Rural,AMY
Yes,121080,Business,Small Manufacturing,981299,559462,NA,NA,NA,NA,Rural,TERM_LOAN
Yes,219293,Business,Fisheries,3506165,205210,NA,NA,NA,NA,Rural,TERM_LOAN
Yes,397799,Business,Poultry,7920853,5682831,NA,NA,NA,NA,Urban,NO_ELIGIBLE_SCHEME
Yes,456120,Business,Computer Centre,40455,28233,NA,NA,NA,NA,Urban,AMY
Yes,253603,Business,Grocery Shop,365279,198066,NA,NA,NA,NA,Rural,UNY
Yes,203696,Business,Repair Shop,4623852,4168136,NA,NA,NA,NA,Rural,TERM_LOAN
Yes,617963,Business,Poultry,438527,386027,NA,NA,NA,NA,Rural,NO_ELIGIBLE_SCHEME
Yes,59734,Business,Service Business,353817,337827,NA,NA,NA,NA,Rural,UNY
Yes,367948,Education,NA,931382,931382,12th,Pharmacy,Technical,Yes,Urban,ELS
Yes,318936,Business,Service Business,333660,324663,NA,NA,NA,NA,Urban,UNY
Yes,434792,Business,Transport,106818,50367,NA,NA,NA,NA,Rural,AMY
Yes,94511,Education,NA,3455096,3094571,Graduate,Engineering,Professional,Yes,Urban,ELS
Yes,75702,Education,NA,844199,844199,Postgraduate,Law,Technical,Yes,Urban,ELS
Yes,295948,Business,Food Business,129462,102476,NA,NA,NA,NA,Rural,MFS
Yes,396806,Education,NA,3697455,3150977,Graduate,BTech,Professional,No,Urban,NO_ELIGIBLE_SCHEME
Yes,328690,Business,Grocery Shop,93525,88263,NA,NA,NA,NA,Rural,MFS
Yes,71119,Business,Small Manufacturing,104942,47957,NA,NA,NA,NA,Rural,MFS
Yes,251179,Business,Service Business,4854566,1531386,NA,NA,NA,NA,Rural,TERM_LOAN
Yes,279160,Business,Fisheries,37038,13200,NA,NA,NA,NA,Rural,MFS
Yes,74413,Business,Grocery Shop,62767,58816,NA,NA,NA,NA,Urban,AMY
Yes,405858,Business,Computer Centre,185188,128116,NA,NA,NA,NA,Rural,UNY
Yes,189989,Business,Transport,270013,141446,NA,NA,NA,NA,Rural,UNY
Yes,459365,Business,Service Business,51044,42809,NA,NA,NA,NA,Rural,MFS
Yes,153923,Business,Service Business,1360288,994352,NA,NA,NA,NA,Urban,TERM_LOAN
Yes,443146,Education,NA,1230525,1230525,12th,Law,Technical,Yes,Rural,ELS
Yes,209353,Business,Transport,139081,111470,NA,NA,NA,NA,Rural,MFS
Yes,59763,Business,Repair Shop,83411,40636,NA,NA,NA,NA,Rural,MFS
Yes,125488,Business,Tailoring,135572,49302,NA,NA,NA,NA,Urban,AMY
Yes,229081,Business,Transport,2993828,684898,NA,NA,NA,NA,Rural,TERM_LOAN
Yes,140479,Business,Tailoring,146048,95660,NA,NA,NA,NA,Rural,UNY
Yes,87555,Business,Repair Shop,5000000,5000000,NA,NA,NA,NA,Rural,NO_ELIGIBLE_SCHEME
Yes,233283,Business,Tailoring,59102,39565,NA,NA,NA,NA,Urban,MFS
Yes,151182,Business,Food Business,90646,58559,NA,NA,NA,NA,Rural,MFS
Yes,354822,Business,Grocery Shop,41930,38662,NA,NA,NA,NA,Rural,AMY
Yes,66622,Education,NA,1638667,1638667,12th,BTech,Management,Yes,Urban,ELS
Yes,316497,Education,NA,3795052,3276859,Postgraduate,BCA,Management,No,Rural,NO_ELIGIBLE_SCHEME
Yes,134845,Business,Tailoring,368487,162432,NA,NA,NA,NA,Urban,UNY
Yes,435011,Business,Transport,224294,84528,NA,NA,NA,NA,Rural,UNY
Yes,344061,Business,Tailoring,430217,202473,NA,NA,NA,NA,Urban,UNY
Yes,329917,Business,Service Business,116184,30732,NA,NA,NA,NA,Urban,MFS
Yes,371266,Business,Transport,7144053,5311467,NA,NA,NA,NA,Rural,NO_ELIGIBLE_SCHEME
Yes,350404,Education,NA,4039059,2414554,Postgraduate,Pharmacy,Management,Yes,Rural,ELS
Yes,136965,Business,Poultry,2543299,245195,NA,NA,NA,NA,Rural,TERM_LOAN
Yes,199543,Business,Tailoring,4093515,3518732,NA,NA,NA,NA,Urban,TERM_LOAN
Yes,409607,Business,Computer Centre,4684439,1235924,NA,NA,NA,NA,Urban,TERM_LOAN
Yes,486044,Business,Grocery Shop,118185,11110,NA,NA,NA,NA,Rural,MFS
Yes,334576,Business,Poultry,107000,84878,NA,NA,NA,NA,Urban,AMY
Yes,122980,Business,Grocery Shop,439704,218223,NA,NA,NA,NA,Urban,UNY
Yes,292644,Business,Small Manufacturing,117828,10780,NA,NA,NA,NA,Urban,AMY
Yes,211748,Business,Food Business,113396,15980,NA,NA,NA,NA,Urban,AMY
Yes,421698,Business,Grocery Shop,296810,70372,NA,NA,NA,NA,Rural,UNY
Yes,797690,Business,Food Business,265574,277380,NA,NA,NA,NA,Urban,NO_ELIGIBLE_SCHEME
Yes,396153,Business,Transport,6961338,6939091,NA,NA,NA,NA,Rural,NO_ELIGIBLE_SCHEME
No,485902,Business,Poultry,172870,296909,NA,NA,NA,NA,Urban,NO_ELIGIBLE_SCHEME
Yes,257354,Business,Transport,264597,154073,NA,NA,NA,NA,Urban,UNY
Yes,286733,Business,Tailoring,489714,219281,NA,NA,NA,NA,Rural,UNY
Yes,411807,Business,Grocery Shop,369078,349924,NA,NA,NA,NA,Rural,UNY
Yes,414090,Business,Fisheries,3948091,3083375,NA,NA,NA,NA,Urban,TERM_LOAN
Yes,431402,Education,NA,1339406,1187561,Postgraduate,BTech,Medical,Yes,Urban,ELS
Yes,135419,Business,Grocery Shop,1164398,104522,NA,NA,NA,NA,Urban,TERM_LOAN
Yes,404978,Business,Computer Centre,372162,334394,NA,NA,NA,NA,Urban,UNY
Yes,489952,Business,Repair Shop,195396,125597,NA,NA,NA,NA,Rural,UNY
Yes,292451,Business,Small Manufacturing,2692659,2661524,NA,NA,NA,NA,Urban,TERM_LOAN
Yes,492948,Education,NA,3762115,1146934,Graduate,Engineering,Management,Yes,Rural,ELS
Yes,291379,Education,NA,1678080,1678080,Postgraduate,BTech,Medical,Yes,Rural,ELS
Yes,159008,Business,Fisheries,36951,23327,NA,NA,NA,NA,Urban,AMY
Yes,454826,Business,Service Business,81445,39269,NA,NA,NA,NA,Urban,MFS
Yes,73337,Business,Repair Shop,100620,69826,NA,NA,NA,NA,Urban,AMY
Yes,464698,Education,NA,3492391,2120665,Postgraduate,MBA,Professional,Yes,Rural,ELS
Yes,141313,Business,Food Business,5000000,5000000,NA,NA,NA,NA,Rural,NO_ELIGIBLE_SCHEME
Yes,253484,Business,Small Manufacturing,51945,43332,NA,NA,NA,NA,Urban,AMY
Yes,446634,Business,Transport,447525,98029,NA,NA,NA,NA,Rural,UNY
Yes,651685,Business,Poultry,361560,343381,NA,NA,NA,NA,Urban,NO_ELIGIBLE_SCHEME
No,93172,Business,Food Business,483201,99182,NA,NA,NA,NA,Urban,NO_ELIGIBLE_SCHEME
No,102061,Business,Repair Shop,96738,80397,NA,NA,NA,NA,Rural,NO_ELIGIBLE_SCHEME
Yes,312314,Business,Food Business,66352,47296,NA,NA,NA,NA,Rural,MFS
Yes,489091,Business,Transport,1955193,982308,NA,NA,NA,NA,Urban,TERM_LOAN
Yes,115091,Business,Small Manufacturing,53230,29277,NA,NA,NA,NA,Urban,AMY
Yes,435521,Business,Fisheries,112941,67407,NA,NA,NA,NA,Rural,MFS
Yes,432920,Business,Poultry,346066,343730,NA,NA,NA,NA,Rural,UNY
Yes,341118,Business,Poultry,112036,60072,NA,NA,NA,NA,Urban,AMY
Yes,466291,Education,NA,3124671,2853593,12th,Nursing,Professional,Yes,Urban,ELS
Yes,419484,Business,Fisheries,80965,10583,NA,NA,NA,NA,Rural,MFS
Yes,449606,Business,Poultry,45670,45118,NA,NA,NA,NA,Rural,MFS
Yes,250505,Business,Service Business,189020,169340,NA,NA,NA,NA,Urban,UNY
Yes,411923,Business,Repair Shop,113746,65615,NA,NA,NA,NA,Urban,MFS
Yes,300713,Education,NA,3077008,989248,Graduate,Engineering,Medical,Yes,Urban,ELS
Yes,164079,Business,Service Business,194782,162027,NA,NA,NA,NA,Urban,UNY
Yes,415589,Business,Grocery Shop,5000000,5000000,NA,NA,NA,NA,Urban,NO_ELIGIBLE_SCHEME
Yes,464434,Business,Grocery Shop,201821,92803,NA,NA,NA,NA,Urban,UNY
Yes,461057,Business,Grocery Shop,120546,110011,NA,NA,NA,NA,Rural,MFS
Yes,220951,Business,Service Business,281204,82237,NA,NA,NA,NA,Urban,UNY
Yes,469214,Business,Repair Shop,31990,19197,NA,NA,NA,NA,Rural,AMY
Yes,325588,Business,Service Business,1505340,1346184,NA,NA,NA,NA,Rural,TERM_LOAN
Yes,362511,Education,NA,3573617,3147663,Graduate,Medical,Professional,Yes,Urban,ELS
Yes,95818,Education,NA,627715,627715,Graduate,Pharmacy,Management,Yes,Urban,ELS
Yes,454576,Business,Repair Shop,493088,344931,NA,NA,NA,NA,Rural,TERM_LOAN
Yes,156668,Business,Computer Centre,175869,120163,NA,NA,NA,NA,Rural,UNY
Yes,276597,Business,Food Business,56958,30300,NA,NA,NA,NA,Rural,AMY
Yes,309663,Business,Food Business,148818,142403,NA,NA,NA,NA,Urban,UNY
Yes,527156,Business,Fisheries,339214,61490,NA,NA,NA,NA,Urban,NO_ELIGIBLE_SCHEME
Yes,185613,Business,Poultry,111995,106113,NA,NA,NA,NA,Urban,AMY
Yes,270090,Business,Fisheries,302273,71675,NA,NA,NA,NA,Urban,UNY
Yes,123459,Business,Transport,367689,186045,NA,NA,NA,NA,Rural,UNY
Yes,352135,Business,Grocery Shop,3568356,778471,NA,NA,NA,NA,Urban,TERM_LOAN
Yes,435198,Business,Transport,1344674,178272,NA,NA,NA,NA,Urban,TERM_LOAN
Yes,388191,Business,Tailoring,4908697,121747,NA,NA,NA,NA,Urban,TERM_LOAN
Yes,271593,Education,NA,4443586,1148029,12th,BTech,Professional,Yes,Urban,ELS
Yes,427298,Education,NA,3017518,3108427,Graduate,Nursing,Technical,No,Rural,NO_ELIGIBLE_SCHEME
Yes,310687,Business,Repair Shop,5000000,5000000,NA,NA,NA,NA,Rural,NO_ELIGIBLE_SCHEME
Yes,374835,Business,Computer Centre,4062455,947567,NA,NA,NA,NA,Rural,TERM_LOAN
Yes,290844,Business,Grocery Shop,4930658,3078347,NA,NA,NA,NA,Urban,TERM_LOAN
Yes,206669,Business,Computer Centre,416105,31911,NA,NA,NA,NA,Rural,UNY
Yes,83987,Education,NA,3861739,811990,12th,Nursing,Medical,Yes,Rural,ELS
Yes,215784,Business,Small Manufacturing,1566911,1296642,NA,NA,NA,NA,Urban,TERM_LOAN
Yes,430598,Education,NA,3457590,1631951,12th,MBA,Medical,Yes,Rural,ELS
Yes,484203,Business,Food Business,451884,146010,NA,NA,NA,NA,Urban,UNY
Yes,344471,Business,Fisheries,253198,106134,NA,NA,NA,NA,Rural,UNY
Yes,194230,Business,Service Business,3383015,3119876,NA,NA,NA,NA,Rural,TERM_LOAN
Yes,450990,Business,Tailoring,5000000,5000000,NA,NA,NA,NA,Urban,NO_ELIGIBLE_SCHEME
Yes,63802,Business,Fisheries,296569,48583,NA,NA,NA,NA,Urban,UNY
Yes,255066,Business,Food Business,88429,59036,NA,NA,NA,NA,Rural,MFS
Yes,455707,Business,Poultry,95774,66949,NA,NA,NA,NA,Rural,MFS
Yes,464059,Education,NA,3667607,3165655,12th,MCA,Management,Yes,Rural,ELS
Yes,73388,Business,Repair Shop,51012,34137,NA,NA,NA,NA,Rural,AMY
Yes,201813,Business,Tailoring,3801695,1029586,NA,NA,NA,NA,Urban,TERM_LOAN
Yes,143145,Business,Service Business,162325,126781,NA,NA,NA,NA,Urban,UNY
Yes,442194,Business,Service Business,3998840,631727,NA,NA,NA,NA,Urban,TERM_LOAN
Yes,212951,Business,Grocery Shop,51558,31576,NA,NA,NA,NA,Rural,MFS
Yes,481051,Business,Transport,70902,45198,NA,NA,NA,NA,Urban,AMY
Yes,128590,Business,Repair Shop,81287,71903,NA,NA,NA,NA,Urban,AMY
Yes,331731,Business,Poultry,43686,13437,NA,NA,NA,NA,Rural,MFS
Yes,60934,Business,Computer Centre,45096,36544,NA,NA,NA,NA,Rural,MFS
Yes,119925,Business,Computer Centre,237541,171976,NA,NA,NA,NA,Rural,UNY
Yes,105766,Business,Poultry,41433,39071,NA,NA,NA,NA,Rural,AMY
Yes,312886,Business,Service Business,53032,28938,NA,NA,NA,NA,Rural,AMY
Yes,468299,Education,NA,4233167,3780764,Graduate,BTech,Medical,Yes,Urban,ELS
Yes,117545,Business,Tailoring,7905825,6763550,NA,NA,NA,NA,Urban,NO_ELIGIBLE_SCHEME
Yes,304482,Business,Food Business,439915,82028,NA,NA,NA,NA,Urban,UNY
Yes,440782,Business,Grocery Shop,65877,55464,NA,NA,NA,NA,Rural,AMY
Yes,312798,Business,Poultry,275863,111435,NA,NA,NA,NA,Urban,UNY
Yes,465872,Education,NA,1340650,705221,Postgraduate,MCA,Medical,Yes,Urban,ELS
Yes,142734,Business,Computer Centre,426871,184194,NA,NA,NA,NA,Rural,UNY
Yes,201277,Business,Service Business,5000000,5000000,NA,NA,NA,NA,Rural,NO_ELIGIBLE_SCHEME
Yes,233691,Business,Tailoring,230500,73120,NA,NA,NA,NA,Rural,UNY
Yes,434826,Education,NA,2070776,2070776,Graduate,Medical,Technical,Yes,Rural,ELS
Yes,76507,Business,Computer Centre,34334,24956,NA,NA,NA,NA,Rural,MFS
Yes,311917,Education,NA,2511912,2511912,12th,MCA,Medical,Yes,Urban,ELS
Yes,372435,Business,Food Business,187211,148485,NA,NA,NA,NA,Rural,UNY
Yes,114215,Business,Computer Centre,951050,900158,NA,NA,NA,NA,Rural,TERM_LOAN
Yes,497155,Business,Poultry,1219824,334548,NA,NA,NA,NA,Urban,TERM_LOAN
Yes,51709,Business,Computer Centre,1927015,922307,NA,NA,NA,NA,Urban,TERM_LOAN
Yes,244622,Business,Small Manufacturing,114040,72991,NA,NA,NA,NA,Rural,MFS
Yes,50077,Education,NA,662314,991249,Graduate,Law,Technical,No,Urban,NO_ELIGIBLE_SCHEME
Yes,130978,Education,NA,2219323,3172285,12th,BCA,Technical,No,Rural,NO_ELIGIBLE_SCHEME
Yes,148247,Business,Transport,47367,15721,NA,NA,NA,NA,Urban,MFS
Yes,487961,Business,Repair Shop,1903679,1389339,NA,NA,NA,NA,Rural,TERM_LOAN
Yes,147946,Business,Computer Centre,6100571,6450896,NA,NA,NA,NA,Rural,NO_ELIGIBLE_SCHEME
Yes,74644,Education,NA,3985971,3307120,Postgraduate,BCA,Management,Yes,Urban,ELS
Yes,743957,Business,Service Business,463636,51879,NA,NA,NA,NA,Urban,NO_ELIGIBLE_SCHEME
Yes,186385,Education,NA,1594179,1594179,Graduate,Pharmacy,Technical,Yes,Urban,ELS
Yes,175388,Business,Poultry,5000000,5000000,NA,NA,NA,NA,Urban,NO_ELIGIBLE_SCHEME
Yes,304555,Education,NA,2688711,424546,Graduate,Engineering,Professional,Yes,Rural,ELS
Yes,284047,Business,Computer Centre,342593,299608,NA,NA,NA,NA,Urban,UNY
Yes,410770,Business,Transport,124712,107749,NA,NA,NA,NA,Urban,AMY
Yes,353755,Business,Tailoring,116665,29034,NA,NA,NA,NA,Urban,AMY
Yes,291694,Business,Poultry,394340,335000,NA,NA,NA,NA,Urban,UNY
Yes,362669,Business,Small Manufacturing,89759,78195,NA,NA,NA,NA,Urban,MFS
Yes,691551,Business,Small Manufacturing,173947,313348,NA,NA,NA,NA,Urban,NO_ELIGIBLE_SCHEME
Yes,281969,Business,Repair Shop,5000000,5000000,NA,NA,NA,NA,Rural,NO_ELIGIBLE_SCHEME
Yes,143099,Business,Tailoring,30273,25440,NA,NA,NA,NA,Rural,AMY
Yes,349711,Education,NA,1762596,407667,Graduate,Medical,Medical,Yes,Rural,ELS
No,184027,Business,Grocery Shop,334889,81802,NA,NA,NA,NA,Rural,NO_ELIGIBLE_SCHEME
Yes,84388,Business,Food Business,411362,360870,NA,NA,NA,NA,Rural,UNY
Yes,163369,Business,Transport,549135,517420,NA,NA,NA,NA,Urban,TERM_LOAN
No,497086,Business,Grocery Shop,323979,74760,NA,NA,NA,NA,Urban,NO_ELIGIBLE_SCHEME
Yes,417647,Education,NA,2452994,2452994,Graduate,Pharmacy,Professional,Yes,Urban,ELS
Yes,475809,Business,Small Manufacturing,258713,151518,NA,NA,NA,NA,Rural,UNY
Yes,337773,Business,Tailoring,38180,22098,NA,NA,NA,NA,Rural,MFS
Yes,105778,Business,Fisheries,5000000,5000000,NA,NA,NA,NA,Rural,NO_ELIGIBLE_SCHEME
Yes,281231,Business,Computer Centre,55006,11241,NA,NA,NA,NA,Urban,MFS
Yes,351363,Business,Transport,108174,28070,NA,NA,NA,NA,Urban,MFS
Yes,153020,Business,Tailoring,819269,441286,NA,NA,NA,NA,Urban,TERM_LOAN
Yes,744887,Business,Service Business,179830,122963,NA,NA,NA,NA,Urban,NO_ELIGIBLE_SCHEME
Yes,487932,Education,NA,836928,325298,Graduate,Law,Professional,Yes,Urban,ELS
Yes,432925,Business,Transport,137451,98440,NA,NA,NA,NA,Urban,AMY
Yes,185171,Business,Grocery Shop,93172,25239,NA,NA,NA,NA,Urban,MFS
Yes,463225,Business,Computer Centre,72800,49778,NA,NA,NA,NA,Urban,AMY
Yes,353026,Business,Poultry,141514,135745,NA,NA,NA,NA,Rural,UNY
Yes,91060,Business,Repair Shop,5000000,5000000,NA,NA,NA,NA,Urban,NO_ELIGIBLE_SCHEME
Yes,432414,Education,NA,1911202,883499,Postgraduate,Pharmacy,Professional,Yes,Urban,ELS
Yes,203151,Education,NA,1597183,1597183,Postgraduate,Law,Management,Yes,Rural,ELS
Yes,431219,Business,Tailoring,4510810,1005949,NA,NA,NA,NA,Urban,TERM_LOAN
Yes,416295,Education,NA,1203045,1203045,12th,MCA,Medical,Yes,Urban,ELS
Yes,283867,Business,Poultry,5000000,5000000,NA,NA,NA,NA,Rural,NO_ELIGIBLE_SCHEME
Yes,326237,Education,NA,3023077,1923785,12th,MCA,Medical,Yes,Urban,ELS
Yes,386012,Business,Repair Shop,472408,222606,NA,NA,NA,NA,Rural,UNY
Yes,333351,Business,Tailoring,385037,116912,NA,NA,NA,NA,Rural,TERM_LOAN
Yes,264313,Business,Small Manufacturing,180155,140849,NA,NA,NA,NA,Urban,UNY
Yes,177148,Business,Computer Centre,362902,93606,NA,NA,NA,NA,Urban,UNY
Yes,438502,Education,NA,3427997,911886,Postgraduate,Medical,Technical,Yes,Rural,ELS
Yes,86408,Business,Poultry,499986,244505,NA,NA,NA,NA,Urban,UNY
Yes,131537,Education,NA,1492690,1492690,Graduate,Law,Medical,Yes,Rural,ELS
Yes,295825,Business,Tailoring,71171,34867,NA,NA,NA,NA,Urban,AMY
Yes,235237,Education,NA,597601,597601,Postgraduate,MCA,Professional,Yes,Rural,ELS
Yes,232762,Business,Poultry,5000000,5000000,NA,NA,NA,NA,Rural,NO_ELIGIBLE_SCHEME
Yes,139507,Business,Small Manufacturing,85598,74904,NA,NA,NA,NA,Urban,AMY
Yes,262104,Business,Food Business,45966,29655,NA,NA,NA,NA,Rural,AMY
Yes,186736,Business,Poultry,128635,48291,NA,NA,NA,NA,Rural,AMY
Yes,404889,Business,Repair Shop,7768928,5475259,NA,NA,NA,NA,Urban,NO_ELIGIBLE_SCHEME
Yes,107633,Business,Tailoring,134662,32871,NA,NA,NA,NA,Rural,MFS
Yes,307411,Education,NA,1270768,1216828,12th,Medical,Management,Yes,Urban,ELS
Yes,62571,Education,NA,4426926,1622287,12th,Law,Professional,Yes,Rural,ELS
Yes,418337,Education,NA,3739967,1407322,12th,MCA,Management,Yes,Rural,ELS
Yes,497850,Education,NA,2908559,2281505,Graduate,BCA,Medical,Yes,Urban,ELS
Yes,341505,Business,Transport,273851,150558,NA,NA,NA,NA,Urban,UNY
Yes,391710,Business,Poultry,498502,37015,NA,NA,NA,NA,Rural,UNY
Yes,232911,Business,Service Business,139698,58026,NA,NA,NA,NA,Rural,MFS
No,197847,Business,Fisheries,293779,356694,NA,NA,NA,NA,Urban,NO_ELIGIBLE_SCHEME
Yes,182154,Business,Poultry,294994,183867,NA,NA,NA,NA,Rural,UNY
Yes,201659,Business,Grocery Shop,204222,164473,NA,NA,NA,NA,Urban,TERM_LOAN
Yes,163767,Business,Grocery Shop,107717,34105,NA,NA,NA,NA,Rural,AMY
Yes,260487,Business,Food Business,180764,167885,NA,NA,NA,NA,Rural,UNY
Yes,102433,Business,Small Manufacturing,479539,90936,NA,NA,NA,NA,Urban,UNY
Yes,212281,Business,Transport,5000000,5000000,NA,NA,NA,NA,Rural,NO_ELIGIBLE_SCHEME
Yes,152754,Business,Small Manufacturing,344733,275400,NA,NA,NA,NA,Rural,UNY
Yes,315883,Business,Poultry,273548,264824,NA,NA,NA,NA,Rural,UNY
Yes,169526,Business,Repair Shop,434852,202961,NA,NA,NA,NA,Rural,UNY
Yes,150395,Business,Computer Centre,50516,35611,NA,NA,NA,NA,Rural,AMY
Yes,365259,Education,NA,1723332,2407731,Graduate,Engineering,Medical,No,Urban,NO_ELIGIBLE_SCHEME
No,191331,Business,Tailoring,425270,88997,NA,NA,NA,NA,Urban,NO_ELIGIBLE_SCHEME
Yes,243110,Education,NA,3668957,1152621,12th,BCA,Medical,Yes,Rural,ELS
Yes,342305,Business,Food Business,391297,146009,NA,NA,NA,NA,Urban,UNY
Yes,453586,Business,Grocery Shop,849510,72791,NA,NA,NA,NA,Rural,TERM_LOAN
Yes,414603,Business,Computer Centre,483171,315877,NA,NA,NA,NA,Urban,UNY
Yes,519758,Business,Small Manufacturing,248070,32688,NA,NA,NA,NA,Urban,NO_ELIGIBLE_SCHEME
Yes,350930,Education,NA,3653566,2333559,Graduate,Medical,Technical,Yes,Rural,ELS
Yes,310604,Business,Fisheries,1477812,1139249,NA,NA,NA,NA,Rural,TERM_LOAN
Yes,402593,Business,Repair Shop,360872,127036,NA,NA,NA,NA,Urban,UNY
Yes,365420,Business,Service Business,98124,96998,NA,NA,NA,NA,Rural,AMY
Yes,434686,Education,NA,1446778,1446778,Graduate,BTech,Medical,Yes,Rural,ELS
Yes,307487,Education,NA,2391018,2391018,Postgraduate,Engineering,Medical,Yes,Rural,ELS
Yes,196623,Business,Transport,273068,265338,NA,NA,NA,NA,Rural,UNY
Yes,73205,Business,Small Manufacturing,3318139,3022047,NA,NA,NA,NA,Rural,TERM_LOAN
Yes,370221,Business,Transport,434378,373120,NA,NA,NA,NA,Rural,UNY
Yes,81578,Business,Service Business,104531,91399,NA,NA,NA,NA,Rural,MFS
Yes,212182,Business,Service Business,1891417,580267,NA,NA,NA,NA,Rural,TERM_LOAN
Yes,585637,Business,Fisheries,227131,335300,NA,NA,NA,NA,Rural,NO_ELIGIBLE_SCHEME
Yes,244508,Business,Service Business,330886,41061,NA,NA,NA,NA,Urban,UNY
Yes,158488,Business,Poultry,82540,45585,NA,NA,NA,NA,Rural,AMY
Yes,387282,Business,Transport,36145,21285,NA,NA,NA,NA,Urban,MFS
Yes,401729,Business,Small Manufacturing,123441,109405,NA,NA,NA,NA,Rural,MFS
Yes,74190,Business,Grocery Shop,73684,40597,NA,NA,NA,NA,Urban,MFS
Yes,115178,Education,NA,948236,948236,Postgraduate,MCA,Management,Yes,Rural,ELS
Yes,263387,Business,Computer Centre,5000000,5000000,NA,NA,NA,NA,Rural,NO_ELIGIBLE_SCHEME
Yes,235479,Business,Small Manufacturing,262300,48599,NA,NA,NA,NA,Rural,UNY
Yes,60910,Business,Poultry,282063,146798,NA,NA,NA,NA,Rural,UNY
Yes,357476,Business,Small Manufacturing,102924,17861,NA,NA,NA,NA,Urban,MFS
Yes,452107,Business,Service Business,115344,37631,NA,NA,NA,NA,Urban,MFS
Yes,333206,Business,Computer Centre,7897294,6515599,NA,NA,NA,NA,Rural,NO_ELIGIBLE_SCHEME
Yes,108316,Business,Service Business,265448,180646,NA,NA,NA,NA,Rural,UNY
Yes,225347,Education,NA,2197560,243781,12th,Pharmacy,Medical,Yes,Urban,ELS
Yes,252331,Business,Grocery Shop,1938873,1558567,NA,NA,NA,NA,Urban,TERM_LOAN
Yes,212693,Business,Service Business,109129,85378,NA,NA,NA,NA,Rural,AMY
Yes,248617,Business,Grocery Shop,1662830,1134276,NA,NA,NA,NA,Rural,TERM_LOAN
Yes,166528,Business,Small Manufacturing,478065,315257,NA,NA,NA,NA,Rural,UNY
Yes,95376,Education,NA,2592064,2592064,12th,Law,Professional,Yes,Urban,ELS
Yes,390838,Business,Computer Centre,45380,43779,NA,NA,NA,NA,Urban,AMY
Yes,204883,Business,Grocery Shop,101226,73040,NA,NA,NA,NA,Rural,AMY
Yes,448962,Business,Poultry,97894,77075,NA,NA,NA,NA,Rural,AMY
Yes,295732,Business,Repair Shop,87560,26299,NA,NA,NA,NA,Urban,MFS
Yes,330873,Education,NA,3572871,359164,Postgraduate,Medical,Professional,Yes,Rural,ELS
Yes,406012,Business,Transport,1419260,847460,NA,NA,NA,NA,Rural,TERM_LOAN
Yes,248554,Business,Computer Centre,84266,74629,NA,NA,NA,NA,Urban,MFS
Yes,257044,Business,Fisheries,44220,17825,NA,NA,NA,NA,Rural,AMY
Yes,101663,Business,Fisheries,1389041,56127,NA,NA,NA,NA,Rural,TERM_LOAN
Yes,465040,Business,Transport,120167,90314,NA,NA,NA,NA,Urban,AMY
Yes,307323,Business,Poultry,105303,46009,NA,NA,NA,NA,Urban,MFS
Yes,372796,Business,Food Business,4828031,2898773,NA,NA,NA,NA,Rural,TERM_LOAN
Yes,324390,Business,Computer Centre,485240,228613,NA,NA,NA,NA,Urban,UNY
Yes,472332,Business,Food Business,1066522,125097,NA,NA,NA,NA,Urban,TERM_LOAN
Yes,281998,Business,Small Manufacturing,4779956,1655432,NA,NA,NA,NA,Urban,TERM_LOAN
Yes,72005,Education,NA,1053874,1053874,Graduate,Nursing,Professional,Yes,Rural,ELS
Yes,249338,Business,Small Manufacturing,53028,18466,NA,NA,NA,NA,Rural,MFS
Yes,409395,Business,Computer Centre,57297,47840,NA,NA,NA,NA,Urban,MFS
Yes,90236,Business,Grocery Shop,317050,244293,NA,NA,NA,NA,Urban,UNY
Yes,731461,Business,Fisheries,181666,198844,NA,NA,NA,NA,Urban,NO_ELIGIBLE_SCHEME
Yes,133246,Business,Small Manufacturing,1763328,366095,NA,NA,NA,NA,Rural,TERM_LOAN
Yes,52162,Business,Fisheries,32348,32175,NA,NA,NA,NA,Rural,MFS
Yes,418416,Business,Repair Shop,53647,27909,NA,NA,NA,NA,Urban,MFS
Yes,106853,Business,Transport,50150,37200,NA,NA,NA,NA,Rural,AMY
Yes,289618,Business,Tailoring,284603,80647,NA,NA,NA,NA,Urban,UNY
Yes,412216,Business,Poultry,1038299,678412,NA,NA,NA,NA,Urban,TERM_LOAN
Yes,96159,Business,Tailoring,6003871,5161514,NA,NA,NA,NA,Rural,NO_ELIGIBLE_SCHEME
Yes,152078,Education,NA,1268379,437463,12th,Medical,Medical,Yes,Urban,ELS
Yes,165788,Education,NA,2779736,2024000,12th,Medical,Management,Yes,Rural,ELS
Yes,376957,Education,NA,2494188,2460464,Graduate,MCA,Technical,Yes,Rural,ELS
Yes,306394,Education,NA,2398929,764457,Postgraduate,MBA,Technical,Yes,Urban,ELS
Yes,51858,Business,Fisheries,5000000,5000000,NA,NA,NA,NA,Rural,NO_ELIGIBLE_SCHEME
Yes,154726,Business,Repair Shop,56037,49911,NA,NA,NA,NA,Rural,MFS
Yes,349852,Business,Computer Centre,61091,34993,NA,NA,NA,NA,Urban,MFS
Yes,159842,Business,Repair Shop,78520,56566,NA,NA,NA,NA,Rural,MFS
Yes,345682,Business,Fisheries,117747,24993,NA,NA,NA,NA,Urban,MFS
Yes,415262,Business,Service Business,200009,93344,NA,NA,NA,NA,Urban,UNY
Yes,394623,Business,Service Business,32049,27609,NA,NA,NA,NA,Rural,AMY
Yes,384079,Education,NA,4201893,1503653,Graduate,MCA,Medical,Yes,Rural,ELS
Yes,249429,Business,Food Business,130348,85456,NA,NA,NA,NA,Rural,MFS
Yes,257332,Business,Repair Shop,109349,94494,NA,NA,NA,NA,Urban,MFS
Yes,182599,Education,NA,1080704,1080704,Graduate,MBA,Management,Yes,Urban,ELS
Yes,589553,Business,Food Business,100760,329642,NA,NA,NA,NA,Rural,NO_ELIGIBLE_SCHEME
Yes,272166,Business,Transport,3865705,3361045,NA,NA,NA,NA,Urban,TERM_LOAN
Yes,341766,Business,Food Business,2271450,852683,NA,NA,NA,NA,Rural,TERM_LOAN
Yes,411744,Business,Transport,1828332,205756,NA,NA,NA,NA,Urban,TERM_LOAN
Yes,222876,Education,NA,3779573,3304629,Graduate,BCA,Medical,Yes,Urban,ELS
Yes,98981,Business,Small Manufacturing,208835,65193,NA,NA,NA,NA,Rural,UNY
Yes,245487,Business,Transport,4328548,2427341,NA,NA,NA,NA,Rural,TERM_LOAN
Yes,342611,Business,Small Manufacturing,387752,112277,NA,NA,NA,NA,Urban,UNY
Yes,271103,Business,Fisheries,49871,44711,NA,NA,NA,NA,Rural,MFS
Yes,382552,Business,Food Business,89055,26478,NA,NA,NA,NA,Rural,AMY
Yes,56689,Business,Food Business,899148,516570,NA,NA,NA,NA,Rural,TERM_LOAN
Yes,119648,Business,Food Business,443445,393615,NA,NA,NA,NA,Rural,UNY
Yes,337421,Business,Computer Centre,134433,10946,NA,NA,NA,NA,Rural,MFS
Yes,384698,Business,Service Business,112239,13033,NA,NA,NA,NA,Rural,AMY
Yes,257076,Business,Computer Centre,2396716,1477379,NA,NA,NA,NA,Urban,TERM_LOAN
Yes,118827,Business,Small Manufacturing,112114,26569,NA,NA,NA,NA,Rural,MFS
Yes,370422,Business,Small Manufacturing,6239628,5345486,NA,NA,NA,NA,Urban,NO_ELIGIBLE_SCHEME
Yes,215268,Business,Fisheries,78599,54967,NA,NA,NA,NA,Urban,AMY
Yes,305734,Business,Computer Centre,6572977,5473285,NA,NA,NA,NA,Urban,NO_ELIGIBLE_SCHEME
Yes,275502,Education,NA,3598514,2597105,12th,Engineering,Professional,Yes,Urban,ELS
No,79010,Business,Fisheries,176674,99390,NA,NA,NA,NA,Urban,NO_ELIGIBLE_SCHEME
Yes,510624,Business,Poultry,144115,73791,NA,NA,NA,NA,Rural,NO_ELIGIBLE_SCHEME
Yes,372605,Business,Computer Centre,61686,38570,NA,NA,NA,NA,Urban,AMY
Yes,386801,Education,NA,3616950,3590652,Graduate,Law,Management,Yes,Urban,ELS
Yes,74667,Business,Tailoring,57450,46492,NA,NA,NA,NA,Urban,MFS
Yes,96097,Business,Repair Shop,550827,467134,NA,NA,NA,NA,Urban,TERM_LOAN
Yes,186857,Business,Small Manufacturing,374053,89059,NA,NA,NA,NA,Rural,TERM_LOAN
Yes,300965,Business,Computer Centre,5000000,5000000,NA,NA,NA,NA,Urban,NO_ELIGIBLE_SCHEME
Yes,65604,Business,Food Business,97653,57418,NA,NA,NA,NA,Rural,MFS
Yes,400910,Business,Poultry,4303698,4104946,NA,NA,NA,NA,Rural,TERM_LOAN
Yes,108657,Business,Small Manufacturing,137930,64916,NA,NA,NA,NA,Rural,AMY
Yes,451432,Education,NA,3245991,1175201,Postgraduate,Nursing,Technical,Yes,Urban,ELS
Yes,84372,Business,Transport,51381,21717,NA,NA,NA,NA,Urban,AMY
Yes,50820,Business,Service Business,68177,38130,NA,NA,NA,NA,Urban,MFS
Yes,371054,Business,Fisheries,109377,84323,NA,NA,NA,NA,Rural,MFS
Yes,291835,Business,Small Manufacturing,128440,81939,NA,NA,NA,NA,Rural,MFS
Yes,291379,Education,NA,462067,462067,12th,MCA,Professional,Yes,Rural,ELS
Yes,206327,Business,Fisheries,2364808,982357,NA,NA,NA,NA,Urban,TERM_LOAN
Yes,459316,Business,Transport,3837839,508690,NA,NA,NA,NA,Urban,TERM_LOAN
Yes,392369,Business,Food Business,3144011,3017412,NA,NA,NA,NA,Rural,TERM_LOAN
Yes,428170,Business,Grocery Shop,4017444,149644,NA,NA,NA,NA,Urban,TERM_LOAN
Yes,429700,Business,Poultry,452368,253245,NA,NA,NA,NA,Rural,UNY
Yes,318280,Business,Grocery Shop,41807,35543,NA,NA,NA,NA,Rural,MFS
Yes,52314,Education,NA,4376507,749794,Graduate,Nursing,Professional,Yes,Rural,ELS
Yes,422928,Business,Service Business,187217,49792,NA,NA,NA,NA,Urban,UNY
Yes,309373,Business,Repair Shop,138114,37767,NA,NA,NA,NA,Urban,MFS
Yes,387331,Education,NA,1029157,1029157,12th,Law,Medical,Yes,Urban,ELS
Yes,391118,Business,Transport,371113,284809,NA,NA,NA,NA,Urban,UNY
Yes,434537,Business,Computer Centre,4119311,1762080,NA,NA,NA,NA,Rural,TERM_LOAN
Yes,327422,Business,Grocery Shop,46958,43632,NA,NA,NA,NA,Rural,MFS
Yes,481959,Business,Service Business,41485,19651,NA,NA,NA,NA,Urban,MFS
Yes,296285,Business,Tailoring,94040,83832,NA,NA,NA,NA,Urban,AMY
Yes,70491,Business,Grocery Shop,90646,85514,NA,NA,NA,NA,Urban,AMY
No,197687,Business,Transport,208527,181182,NA,NA,NA,NA,Rural,NO_ELIGIBLE_SCHEME
Yes,650642,Business,Grocery Shop,172826,194979,NA,NA,NA,NA,Rural,NO_ELIGIBLE_SCHEME
Yes,66469,Business,Computer Centre,60007,14417,NA,NA,NA,NA,Rural,MFS
Yes,378836,Business,Service Business,126849,22780,NA,NA,NA,NA,Rural,AMY
Yes,216191,Business,Service Business,4151393,2447775,NA,NA,NA,NA,Rural,TERM_LOAN
Yes,309486,Business,Fisheries,5000000,5000000,NA,NA,NA,NA,Rural,NO_ELIGIBLE_SCHEME
Yes,91789,Business,Tailoring,260162,112068,NA,NA,NA,NA,Urban,UNY
Yes,104847,Business,Computer Centre,72253,55959,NA,NA,NA,NA,Rural,AMY
Yes,494190,Business,Computer Centre,119304,46216,NA,NA,NA,NA,Rural,AMY
Yes,497470,Business,Grocery Shop,84120,34641,NA,NA,NA,NA,Rural,MFS
Yes,388099,Education,NA,3444561,3726314,Graduate,BTech,Management,No,Rural,NO_ELIGIBLE_SCHEME
Yes,141986,Business,Transport,3081333,1132987,NA,NA,NA,NA,Rural,TERM_LOAN
Yes,266807,Education,NA,2812448,2441737,12th,BCA,Professional,Yes,Rural,ELS
Yes,450010,Education,NA,3665592,3314694,Postgraduate,Medical,Professional,Yes,Rural,ELS
Yes,166155,Business,Service Business,89245,76039,NA,NA,NA,NA,Rural,MFS
Yes,84713,Education,NA,2493823,3904211,12th,MCA,Management,No,Rural,NO_ELIGIBLE_SCHEME
Yes,88369,Business,Tailoring,835787,203539,NA,NA,NA,NA,Rural,TERM_LOAN
Yes,499327,Business,Service Business,424152,103599,NA,NA,NA,NA,Urban,UNY
Yes,214781,Business,Small Manufacturing,106957,75679,NA,NA,NA,NA,Urban,AMY
Yes,138631,Education,NA,2336257,1709637,Graduate,BTech,Management,Yes,Urban,ELS
Yes,468092,Business,Service Business,478617,98845,NA,NA,NA,NA,Urban,UNY
Yes,157968,Business,Poultry,353456,229867,NA,NA,NA,NA,Rural,UNY
Yes,226539,Business,Transport,3898356,480457,NA,NA,NA,NA,Urban,TERM_LOAN
Yes,328759,Business,Small Manufacturing,235277,116470,NA,NA,NA,NA,Urban,UNY
Yes,421902,Business,Poultry,3255678,3196002,NA,NA,NA,NA,Urban,TERM_LOAN
Yes,229723,Business,Poultry,1234132,1045414,NA,NA,NA,NA,Rural,TERM_LOAN
Yes,84865,Business,Poultry,50830,42016,NA,NA,NA,NA,Urban,AMY
Yes,300951,Business,Food Business,44796,33032,NA,NA,NA,NA,Rural,MFS
Yes,65718,Business,Food Business,44338,20641,NA,NA,NA,NA,Rural,AMY
Yes,352687,Education,NA,4217988,519493,12th,BCA,Medical,Yes,Urban,ELS
Yes,346519,Business,Transport,2188469,1729010,NA,NA,NA,NA,Rural,TERM_LOAN
Yes,74379,Business,Service Business,129241,64325,NA,NA,NA,NA,Rural,MFS
Yes,224561,Education,NA,4194705,3465730,Postgraduate,Pharmacy,Management,Yes,Urban,ELS
Yes,107870,Business,Repair Shop,4253208,1092190,NA,NA,NA,NA,Urban,TERM_LOAN
Yes,324449,Business,Transport,128517,42955,NA,NA,NA,NA,Rural,AMY
Yes,461440,Business,Grocery Shop,67054,17471,NA,NA,NA,NA,Urban,MFS
No,399101,Business,Food Business,383936,25928,NA,NA,NA,NA,Rural,NO_ELIGIBLE_SCHEME
Yes,182124,Education,NA,1974929,1974929,Postgraduate,Pharmacy,Medical,Yes,Urban,ELS
Yes,295382,Business,Tailoring,238724,76112,NA,NA,NA,NA,Rural,UNY
Yes,319841,Education,NA,639570,639570,Graduate,BTech,Medical,Yes,Urban,ELS
Yes,272926,Business,Transport,81298,67927,NA,NA,NA,NA,Urban,AMY
Yes,291287,Education,NA,2209888,907198,12th,Law,Management,No,Rural,NO_ELIGIBLE_SCHEME
Yes,189215,Business,Computer Centre,3866293,1121610,NA,NA,NA,NA,Rural,TERM_LOAN
Yes,278331,Business,Grocery Shop,357836,241983,NA,NA,NA,NA,Rural,UNY
Yes,300705,Business,Poultry,58721,18753,NA,NA,NA,NA,Urban,MFS
Yes,538014,Business,Small Manufacturing,486444,194204,NA,NA,NA,NA,Urban,NO_ELIGIBLE_SCHEME
Yes,154173,Education,NA,3178346,1781308,Graduate,Nursing,Technical,Yes,Rural,ELS
Yes,274131,Business,Tailoring,277182,93652,NA,NA,NA,NA,Rural,UNY
Yes,164042,Business,Food Business,3174891,1983708,NA,NA,NA,NA,Urban,TERM_LOAN
Yes,109736,Business,Service Business,445589,323038,NA,NA,NA,NA,Urban,UNY
Yes,196096,Education,NA,2407955,2907428,Postgraduate,Nursing,Management,No,Urban,NO_ELIGIBLE_SCHEME
Yes,391743,Education,NA,1784190,1784190,12th,Medical,Management,Yes,Urban,ELS
Yes,473844,Business,Grocery Shop,123562,68283,NA,NA,NA,NA,Rural,AMY
Yes,296545,Business,Repair Shop,54004,12350,NA,NA,NA,NA,Rural,MFS
Yes,361199,Education,NA,3022355,1098272,Graduate,MBA,Medical,Yes,Rural,ELS
Yes,148485,Business,Transport,71035,65430,NA,NA,NA,NA,Urban,AMY
Yes,271818,Education,NA,1398594,1184273,Postgraduate,Engineering,Technical,No,Rural,NO_ELIGIBLE_SCHEME
Yes,283277,Business,Transport,2422652,1895388,NA,NA,NA,NA,Urban,TERM_LOAN
Yes,430368,Business,Poultry,284407,111914,NA,NA,NA,NA,Urban,UNY
Yes,104052,Business,Computer Centre,4169885,203797,NA,NA,NA,NA,Rural,TERM_LOAN
Yes,126836,Business,Transport,89547,22843,NA,NA,NA,NA,Urban,MFS
Yes,226502,Business,Fisheries,3944703,3532019,NA,NA,NA,NA,Rural,TERM_LOAN
Yes,127342,Business,Fisheries,466514,238680,NA,NA,NA,NA,Urban,UNY
Yes,472330,Education,NA,4397402,873248,12th,Law,Management,Yes,Rural,ELS
Yes,429506,Business,Grocery Shop,241991,78677,NA,NA,NA,NA,Rural,UNY
Yes,263227,Business,Poultry,811035,57605,NA,NA,NA,NA,Rural,TERM_LOAN
Yes,384352,Business,Computer Centre,2001133,607758,NA,NA,NA,NA,Urban,TERM_LOAN
Yes,495970,Education,NA,3073114,2109271,Postgraduate,Nursing,Medical,Yes,Rural,ELS
Yes,110517,Business,Grocery Shop,47601,27332,NA,NA,NA,NA,Rural,MFS
Yes,269678,Business,Small Manufacturing,38874,25821,NA,NA,NA,NA,Rural,AMY
Yes,427037,Business,Poultry,3281969,1824938,NA,NA,NA,NA,Urban,TERM_LOAN
Yes,58733,Business,Computer Centre,3256090,1785220,NA,NA,NA,NA,Rural,TERM_LOAN
Yes,481666,Business,Service Business,130815,63665,NA,NA,NA,NA,Rural,MFS
Yes,214493,Business,Service Business,235547,139750,NA,NA,NA,NA,Urban,UNY
Yes,50129,Business,Repair Shop,354911,233929,NA,NA,NA,NA,Urban,UNY
Yes,423990,Education,NA,897062,306117,Postgraduate,BTech,Professional,Yes,Rural,ELS
Yes,76056,Business,Transport,4301067,2195069,NA,NA,NA,NA,Urban,TERM_LOAN
Yes,432591,Business,Repair Shop,272636,236971,NA,NA,NA,NA,Urban,TERM_LOAN
Yes,436089,Business,Computer Centre,860259,845450,NA,NA,NA,NA,Urban,TERM_LOAN
Yes,291269,Education,NA,793695,793695,Graduate,BCA,Professional,Yes,Rural,ELS
Yes,203964,Education,NA,3067818,100072,12th,Law,Professional,Yes,Rural,ELS
Yes,269032,Business,Tailoring,105196,10665,NA,NA,NA,NA,Rural,MFS
Yes,468501,Business,Grocery Shop,188378,163839,NA,NA,NA,NA,Urban,UNY
Yes,200801,Business,Small Manufacturing,135464,70981,NA,NA,NA,NA,Rural,MFS
Yes,196683,Business,Transport,37992,12874,NA,NA,NA,NA,Rural,MFS
Yes,269695,Education,NA,264844,264844,12th,Engineering,Management,Yes,Urban,ELS
Yes,489288,Business,Computer Centre,135340,89168,NA,NA,NA,NA,Rural,AMY
Yes,641214,Business,Service Business,110307,152483,NA,NA,NA,NA,Rural,NO_ELIGIBLE_SCHEME
Yes,365896,Business,Small Manufacturing,48111,37049,NA,NA,NA,NA,Urban,MFS
Yes,149335,Business,Food Business,177420,107109,NA,NA,NA,NA,Urban,UNY
Yes,392404,Business,Tailoring,558747,482469,NA,NA,NA,NA,Rural,TERM_LOAN
Yes,420474,Education,NA,3857094,2464464,Postgraduate,Engineering,Professional,Yes,Urban,ELS
Yes,100461,Business,Computer Centre,338481,77565,NA,NA,NA,NA,Urban,UNY
Yes,127339,Business,Repair Shop,55289,42867,NA,NA,NA,NA,Rural,AMY
Yes,234757,Business,Computer Centre,1259812,412699,NA,NA,NA,NA,Urban,TERM_LOAN
Yes,440620,Education,NA,125210,125210,Postgraduate,MBA,Technical,Yes,Urban,ELS
Yes,228407,Business,Grocery Shop,4333235,2264820,NA,NA,NA,NA,Rural,TERM_LOAN
Yes,391491,Business,Computer Centre,7575943,6312276,NA,NA,NA,NA,Rural,NO_ELIGIBLE_SCHEME
No,345278,Business,Transport,397618,350611,NA,NA,NA,NA,Urban,NO_ELIGIBLE_SCHEME
Yes,166892,Education,NA,1336371,1336371,Graduate,Pharmacy,Technical,Yes,Rural,ELS
Yes,130752,Business,Repair Shop,33517,10080,NA,NA,NA,NA,Urban,MFS
Yes,273674,Business,Transport,156243,152003,NA,NA,NA,NA,Rural,UNY
No,59094,Business,Tailoring,487990,27084,NA,NA,NA,NA,Rural,NO_ELIGIBLE_SCHEME
Yes,184894,Business,Transport,102463,33029,NA,NA,NA,NA,Urban,AMY
Yes,361534,Business,Tailoring,112359,45300,NA,NA,NA,NA,Urban,MFS
Yes,442521,Business,Food Business,72875,53928,NA,NA,NA,NA,Urban,AMY
Yes,255767,Education,NA,2146725,368325,Graduate,Law,Professional,Yes,Rural,ELS
Yes,228586,Business,Service Business,3104981,2124659,NA,NA,NA,NA,Urban,TERM_LOAN
Yes,310254,Business,Small Manufacturing,47001,46872,NA,NA,NA,NA,Urban,MFS
Yes,66923,Education,NA,3559533,1908766,Postgraduate,Engineering,Management,Yes,Urban,ELS
Yes,237444,Education,NA,2363381,190494,Postgraduate,Pharmacy,Medical,Yes,Rural,ELS
No,109243,Business,Small Manufacturing,320462,66434,NA,NA,NA,NA,Rural,NO_ELIGIBLE_SCHEME
Yes,483643,Business,Poultry,515106,168587,NA,NA,NA,NA,Urban,TERM_LOAN
Yes,73538,Business,Grocery Shop,3037396,868942,NA,NA,NA,NA,Urban,TERM_LOAN
Yes,414337,Business,Small Manufacturing,89669,85992,NA,NA,NA,NA,Urban,AMY
Yes,409541,Business,Computer Centre,5000000,5000000,NA,NA,NA,NA,Urban,NO_ELIGIBLE_SCHEME
No,226854,Business,Small Manufacturing,275658,205412,NA,NA,NA,NA,Rural,NO_ELIGIBLE_SCHEME
Yes,59055,Business,Food Business,4825035,3117213,NA,NA,NA,NA,Rural,TERM_LOAN
Yes,56391,Business,Repair Shop,80608,58867,NA,NA,NA,NA,Urban,MFS
Yes,369103,Business,Grocery Shop,49672,28239,NA,NA,NA,NA,Rural,AMY
Yes,291810,Education,NA,4200864,1726669,Graduate,Law,Professional,Yes,Urban,ELS
Yes,241493,Business,Poultry,33956,14813,NA,NA,NA,NA,Rural,AMY
Yes,247086,Business,Fisheries,135810,107003,NA,NA,NA,NA,Urban,AMY
Yes,365066,Business,Computer Centre,124813,58918,NA,NA,NA,NA,Urban,AMY
Yes,382889,Business,Computer Centre,2780166,1180956,NA,NA,NA,NA,Rural,TERM_LOAN
Yes,330065,Business,Grocery Shop,348856,271624,NA,NA,NA,NA,Rural,UNY
Yes,492831,Business,Service Business,452674,279170,NA,NA,NA,NA,Urban,UNY
Yes,53159,Business,Computer Centre,263374,93080,NA,NA,NA,NA,Rural,UNY
Yes,497231,Business,Computer Centre,5000000,5000000,NA,NA,NA,NA,Urban,NO_ELIGIBLE_SCHEME
No,122396,Business,Food Business,271557,162601,NA,NA,NA,NA,Urban,NO_ELIGIBLE_SCHEME
Yes,111494,Business,Small Manufacturing,31411,30865,NA,NA,NA,NA,Urban,AMY
Yes,217619,Business,Small Manufacturing,65614,32010,NA,NA,NA,NA,Rural,MFS
Yes,461020,Business,Service Business,55525,12202,NA,NA,NA,NA,Rural,MFS
Yes,248360,Business,Tailoring,7327008,5328537,NA,NA,NA,NA,Urban,NO_ELIGIBLE_SCHEME
Yes,372994,Education,NA,487770,487770,Postgraduate,Medical,Medical,Yes,Rural,ELS
Yes,299698,Business,Repair Shop,105066,40886,NA,NA,NA,NA,Rural,MFS
Yes,194303,Business,Poultry,443072,308687,NA,NA,NA,NA,Rural,TERM_LOAN
Yes,131988,Business,Food Business,5000000,5000000,NA,NA,NA,NA,Urban,NO_ELIGIBLE_SCHEME
Yes,447250,Business,Repair Shop,391812,105182,NA,NA,NA,NA,Rural,UNY
Yes,675443,Business,Poultry,107621,116701,NA,NA,NA,NA,Rural,NO_ELIGIBLE_SCHEME
Yes,261937,Business,Transport,112095,65878,NA,NA,NA,NA,Urban,AMY
Yes,429670,Business,Grocery Shop,133612,100349,NA,NA,NA,NA,Urban,MFS
Yes,385854,Business,Fisheries,80118,76981,NA,NA,NA,NA,Rural,AMY
Yes,343791,Business,Fisheries,228448,100243,NA,NA,NA,NA,Urban,UNY
Yes,110804,Education,NA,4353644,3723566,12th,Pharmacy,Medical,Yes,Urban,ELS
Yes,441056,Education,NA,1165313,1165313,Postgraduate,MCA,Medical,Yes,Urban,ELS
No,167730,Business,Poultry,400262,361213,NA,NA,NA,NA,Rural,NO_ELIGIBLE_SCHEME
Yes,367275,Education,NA,633792,633792,Graduate,BTech,Management,Yes,Urban,ELS
Yes,304877,Education,NA,1450906,787951,Postgraduate,MBA,Medical,No,Urban,NO_ELIGIBLE_SCHEME
Yes,473957,Business,Grocery Shop,268132,267351,NA,NA,NA,NA,Urban,UNY
Yes,134009,Business,Computer Centre,87002,13830,NA,NA,NA,NA,Urban,AMY
Yes,102400,Business,Poultry,307971,136596,NA,NA,NA,NA,Rural,UNY
Yes,420475,Business,Food Business,35175,25902,NA,NA,NA,NA,Urban,MFS
Yes,257339,Business,Tailoring,112121,100770,NA,NA,NA,NA,Urban,AMY
Yes,335597,Business,Grocery Shop,95064,91766,NA,NA,NA,NA,Urban,AMY
Yes,331222,Business,Computer Centre,135914,30365,NA,NA,NA,NA,Urban,MFS
Yes,130917,Business,Fisheries,2575911,1926651,NA,NA,NA,NA,Urban,TERM_LOAN
Yes,214579,Business,Small Manufacturing,121946,81802,NA,NA,NA,NA,Rural,MFS
Yes,418054,Business,Service Business,53292,10117,NA,NA,NA,NA,Urban,MFS
Yes,499906,Business,Tailoring,2226493,915458,NA,NA,NA,NA,Urban,TERM_LOAN
Yes,394250,Business,Fisheries,37455,29468,NA,NA,NA,NA,Rural,MFS
Yes,277717,Education,NA,4299161,3176493,12th,MCA,Professional,Yes,Urban,ELS
Yes,350483,Business,Poultry,3786856,3269212,NA,NA,NA,NA,Rural,TERM_LOAN
Yes,247271,Education,NA,1991838,1991838,Graduate,BTech,Management,Yes,Rural,ELS
Yes,418045,Business,Poultry,274941,188555,NA,NA,NA,NA,Urban,UNY
Yes,201353,Business,Food Business,5000000,5000000,NA,NA,NA,NA,Rural,NO_ELIGIBLE_SCHEME
Yes,222813,Business,Computer Centre,5000000,5000000,NA,NA,NA,NA,Rural,NO_ELIGIBLE_SCHEME
Yes,187438,Business,Small Manufacturing,418313,196293,NA,NA,NA,NA,Rural,UNY
Yes,478252,Business,Small Manufacturing,412720,366809,NA,NA,NA,NA,Rural,UNY
Yes,339552,Business,Grocery Shop,61653,45324,NA,NA,NA,NA,Urban,AMY
Yes,105418,Business,Tailoring,7184192,6113171,NA,NA,NA,NA,Rural,NO_ELIGIBLE_SCHEME
Yes,407208,Business,Food Business,137700,90315,NA,NA,NA,NA,Rural,AMY
Yes,221260,Business,Grocery Shop,2224889,603937,NA,NA,NA,NA,Rural,TERM_LOAN
Yes,466415,Business,Tailoring,137744,58374,NA,NA,NA,NA,Urban,MFS
Yes,451465,Business,Small Manufacturing,98690,75214,NA,NA,NA,NA,Rural,MFS
Yes,242896,Business,Poultry,49562,15836,NA,NA,NA,NA,Rural,MFS
Yes,72720,Education,NA,271135,271135,12th,Engineering,Technical,Yes,Urban,ELS
Yes,469201,Business,Repair Shop,3606972,1816186,NA,NA,NA,NA,Urban,TERM_LOAN
Yes,322007,Education,NA,2891686,2444031,Graduate,Law,Professional,No,Urban,NO_ELIGIBLE_SCHEME
Yes,166764,Education,NA,819680,819680,12th,MCA,Medical,Yes,Rural,ELS
Yes,315248,Education,NA,3654010,1541057,Graduate,BCA,Professional,Yes,Urban,ELS
Yes,148434,Business,Service Business,93418,55075,NA,NA,NA,NA,Urban,AMY
Yes,55497,Business,Repair Shop,155983,83673,NA,NA,NA,NA,Urban,UNY
Yes,307042,Business,Food Business,85872,24150,NA,NA,NA,NA,Rural,MFS
Yes,345820,Business,Food Business,1395496,180167,NA,NA,NA,NA,Urban,TERM_LOAN
Yes,299296,Business,Computer Centre,50807,37617,NA,NA,NA,NA,Urban,AMY
Yes,88286,Business,Poultry,115254,53310,NA,NA,NA,NA,Urban,AMY
Yes,477228,Education,NA,2933097,3251539,Graduate,Law,Medical,No,Urban,NO_ELIGIBLE_SCHEME
Yes,608545,Business,Fisheries,414902,32022,NA,NA,NA,NA,Rural,NO_ELIGIBLE_SCHEME
Yes,144816,Business,Computer Centre,87627,24067,NA,NA,NA,NA,Urban,MFS
Yes,498517,Business,Fisheries,64029,47349,NA,NA,NA,NA,Urban,MFS
Yes,477111,Business,Grocery Shop,88549,72709,NA,NA,NA,NA,Rural,AMY
Yes,123860,Business,Grocery Shop,88929,42495,NA,NA,NA,NA,Rural,MFS
Yes,351652,Business,Fisheries,39801,27511,NA,NA,NA,NA,Urban,AMY
No,118972,Business,Service Business,222389,164597,NA,NA,NA,NA,Urban,NO_ELIGIBLE_SCHEME
Yes,219841,Business,Small Manufacturing,3488931,1218289,NA,NA,NA,NA,Rural,TERM_LOAN
Yes,71513,Business,Grocery Shop,77360,17143,NA,NA,NA,NA,Urban,AMY
Yes,112352,Business,Food Business,1547504,1504933,NA,NA,NA,NA,Urban,TERM_LOAN
Yes,497126,Business,Grocery Shop,46074,18895,NA,NA,NA,NA,Urban,MFS
Yes,191942,Education,NA,2739605,1922834,Postgraduate,Medical,Management,Yes,Rural,ELS
Yes,343422,Business,Grocery Shop,374572,244794,NA,NA,NA,NA,Rural,UNY
Yes,357759,Business,Grocery Shop,110125,61451,NA,NA,NA,NA,Urban,MFS
Yes,310640,Business,Service Business,111108,67392,NA,NA,NA,NA,Urban,AMY
No,290717,Business,Poultry,472743,338807,NA,NA,NA,NA,Rural,NO_ELIGIBLE_SCHEME
Yes,396351,Business,Grocery Shop,90913,51799,NA,NA,NA,NA,Urban,AMY
Yes,350305,Business,Service Business,453446,395232,NA,NA,NA,NA,Urban,UNY
Yes,359478,Education,NA,882647,487685,Graduate,Engineering,Medical,Yes,Urban,ELS
Yes,54415,Business,Repair Shop,378255,34120,NA,NA,NA,NA,Rural,UNY
Yes,85744,Business,Small Manufacturing,54100,44118,NA,NA,NA,NA,Rural,MFS
Yes,239260,Business,Poultry,143527,60609,NA,NA,NA,NA,Rural,UNY
Yes,428828,Business,Computer Centre,91628,63939,NA,NA,NA,NA,Urban,AMY
Yes,496476,Business,Computer Centre,85549,59345,NA,NA,NA,NA,Urban,MFS
No,473433,Business,Transport,244465,131244,NA,NA,NA,NA,Urban,NO_ELIGIBLE_SCHEME
Yes,440365,Business,Fisheries,4957018,3936528,NA,NA,NA,NA,Rural,TERM_LOAN
Yes,375237,Business,Grocery Shop,125068,12389,NA,NA,NA,NA,Rural,AMY
Yes,452347,Business,Service Business,73512,46710,NA,NA,NA,NA,Urban,MFS
Yes,119220,Business,Food Business,119443,80966,NA,NA,NA,NA,Urban,MFS
Yes,78581,Education,NA,2124195,1071995,Postgraduate,BTech,Professional,Yes,Urban,ELS
Yes,140658,Business,Fisheries,1220632,950253,NA,NA,NA,NA,Rural,TERM_LOAN
Yes,249331,Business,Service Business,46700,30537,NA,NA,NA,NA,Rural,AMY
Yes,392755,Business,Small Manufacturing,390594,170324,NA,NA,NA,NA,Rural,UNY
Yes,249928,Education,NA,3070403,3070403,Postgraduate,MCA,Professional,Yes,Urban,ELS
No,309074,Business,Tailoring,469359,203467,NA,NA,NA,NA,Rural,NO_ELIGIBLE_SCHEME
Yes,248657,Business,Poultry,393669,96128,NA,NA,NA,NA,Rural,UNY
Yes,384084,Business,Transport,96247,27499,NA,NA,NA,NA,Rural,MFS
Yes,442373,Business,Tailoring,270613,260574,NA,NA,NA,NA,Rural,UNY
Yes,81911,Business,Poultry,310445,161372,NA,NA,NA,NA,Urban,UNY
Yes,156326,Business,Service Business,221070,59020,NA,NA,NA,NA,Urban,UNY
Yes,340539,Business,Food Business,127440,47467,NA,NA,NA,NA,Rural,AMY
Yes,176376,Education,NA,1800794,1800794,12th,Pharmacy,Medical,Yes,Rural,ELS
No,381247,Business,Repair Shop,415697,281571,NA,NA,NA,NA,Rural,NO_ELIGIBLE_SCHEME
Yes,144403,Business,Service Business,456883,178258,NA,NA,NA,NA,Rural,UNY
Yes,297292,Business,Poultry,413986,26815,NA,NA,NA,NA,Urban,UNY
No,100456,Business,Repair Shop,320064,142778,NA,NA,NA,NA,Rural,NO_ELIGIBLE_SCHEME
Yes,449341,Business,Tailoring,200369,150498,NA,NA,NA,NA,Urban,UNY
Yes,252053,Education,NA,3063038,1482298,12th,BCA,Management,Yes,Rural,ELS
Yes,239526,Business,Transport,4695354,410384,NA,NA,NA,NA,Rural,TERM_LOAN
Yes,410971,Business,Repair Shop,70215,58103,NA,NA,NA,NA,Rural,MFS
Yes,194501,Business,Food Business,56335,55117,NA,NA,NA,NA,Urban,AMY
Yes,317355,Business,Small Manufacturing,853053,722723,NA,NA,NA,NA,Rural,TERM_LOAN
Yes,184778,Business,Computer Centre,1445532,1366229,NA,NA,NA,NA,Rural,TERM_LOAN
Yes,119520,Education,NA,1178941,1178941,Graduate,Pharmacy,Professional,Yes,Urban,ELS
Yes,470508,Business,Computer Centre,110012,76167,NA,NA,NA,NA,Urban,MFS
Yes,392999,Business,Poultry,58265,54660,NA,NA,NA,NA,Rural,AMY
Yes,396908,Education,NA,2828724,1050031,Graduate,MCA,Technical,Yes,Rural,ELS
Yes,315225,Education,NA,2891487,1090912,12th,BTech,Technical,Yes,Rural,ELS
Yes,111301,Education,NA,3135733,3135733,Graduate,BCA,Medical,Yes,Urban,ELS
Yes,449874,Business,Service Business,7909234,5233663,NA,NA,NA,NA,Rural,NO_ELIGIBLE_SCHEME
Yes,178926,Business,Transport,135138,95715,NA,NA,NA,NA,Urban,AMY
Yes,414486,Education,NA,4293025,3387526,Graduate,Pharmacy,Medical,Yes,Urban,ELS
Yes,367994,Business,Food Business,58389,39438,NA,NA,NA,NA,Urban,MFS
No,196560,Business,Transport,131929,383928,NA,NA,NA,NA,Rural,NO_ELIGIBLE_SCHEME
Yes,434538,Business,Food Business,84752,70369,NA,NA,NA,NA,Urban,AMY
Yes,89511,Business,Repair Shop,484587,331801,NA,NA,NA,NA,Rural,UNY
Yes,204938,Business,Small Manufacturing,3282317,828332,NA,NA,NA,NA,Rural,TERM_LOAN
Yes,214131,Business,Service Business,314767,230951,NA,NA,NA,NA,Rural,UNY
Yes,326637,Business,Transport,4000729,1026629,NA,NA,NA,NA,Urban,TERM_LOAN
Yes,270610,Business,Repair Shop,5000000,5000000,NA,NA,NA,NA,Urban,NO_ELIGIBLE_SCHEME
Yes,292308,Business,Tailoring,96330,15850,NA,NA,NA,NA,Rural,AMY
Yes,467980,Business,Small Manufacturing,424065,377832,NA,NA,NA,NA,Rural,UNY
Yes,175960,Business,Small Manufacturing,5000000,5000000,NA,NA,NA,NA,Rural,NO_ELIGIBLE_SCHEME
Yes,360657,Business,Grocery Shop,114945,50907,NA,NA,NA,NA,Rural,MFS
Yes,212545,Education,NA,669185,669185,Graduate,Nursing,Medical,Yes,Urban,ELS
Yes,583393,Business,Transport,124547,33163,NA,NA,NA,NA,Urban,NO_ELIGIBLE_SCHEME
Yes,336885,Business,Food Business,5000000,5000000,NA,NA,NA,NA,Rural,NO_ELIGIBLE_SCHEME
Yes,381730,Education,NA,3537776,2646157,Graduate,BCA,Management,Yes,Urban,ELS
Yes,102220,Education,NA,1785926,1785926,Graduate,MBA,Technical,Yes,Urban,ELS
Yes,161858,Business,Computer Centre,75796,38992,NA,NA,NA,NA,Urban,MFS
Yes,129453,Business,Poultry,6110412,6232152,NA,NA,NA,NA,Rural,NO_ELIGIBLE_SCHEME
Yes,578850,Business,Fisheries,327679,136665,NA,NA,NA,NA,Urban,NO_ELIGIBLE_SCHEME
Yes,444820,Business,Repair Shop,3325783,2174654,NA,NA,NA,NA,Rural,TERM_LOAN
Yes,433329,Business,Poultry,483322,135846,NA,NA,NA,NA,Rural,UNY
Yes,751855,Business,Food Business,476860,319168,NA,NA,NA,NA,Rural,NO_ELIGIBLE_SCHEME
Yes,265567,Business,Grocery Shop,6846734,6891707,NA,NA,NA,NA,Rural,NO_ELIGIBLE_SCHEME
Yes,98881,Business,Fisheries,3865879,1788012,NA,NA,NA,NA,Urban,TERM_LOAN
Yes,105705,Business,Food Business,110473,94323,NA,NA,NA,NA,Urban,MFS
Yes,186646,Education,NA,2310122,967667,Postgraduate,MCA,Medical,No,Urban,NO_ELIGIBLE_SCHEME
Yes,85440,Business,Fisheries,215402,150366,NA,NA,NA,NA,Urban,UNY
Yes,347382,Business,Computer Centre,132801,67062,NA,NA,NA,NA,Rural,MFS
Yes,175522,Business,Fisheries,2211263,1579855,NA,NA,NA,NA,Rural,TERM_LOAN
Yes,278843,Business,Computer Centre,5000000,5000000,NA,NA,NA,NA,Rural,NO_ELIGIBLE_SCHEME
Yes,447087,Business,Computer Centre,6727914,5409515,NA,NA,NA,NA,Urban,NO_ELIGIBLE_SCHEME
Yes,556474,Business,Service Business,491136,271434,NA,NA,NA,NA,Rural,NO_ELIGIBLE_SCHEME
Yes,163898,Business,Grocery Shop,83963,67984,NA,NA,NA,NA,Rural,MFS
Yes,490477,Education,NA,912863,912863,Postgraduate,MCA,Medical,Yes,Rural,ELS
Yes,246563,Business,Fisheries,74979,35411,NA,NA,NA,NA,Urban,AMY
Yes,461845,Business,Poultry,64993,59164,NA,NA,NA,NA,Urban,MFS
Yes,394214,Business,Computer Centre,78033,64118,NA,NA,NA,NA,Rural,AMY
Yes,195516,Business,Poultry,265379,92507,NA,NA,NA,NA,Urban,TERM_LOAN
Yes,375435,Business,Computer Centre,7296634,6257298,NA,NA,NA,NA,Rural,NO_ELIGIBLE_SCHEME
Yes,406561,Education,NA,983170,983170,12th,Medical,Technical,Yes,Rural,ELS
Yes,477145,Business,Grocery Shop,2809924,2291904,NA,NA,NA,NA,Urban,TERM_LOAN
Yes,382980,Business,Service Business,397048,197277,NA,NA,NA,NA,Urban,UNY
Yes,386631,Business,Transport,445379,257424,NA,NA,NA,NA,Rural,UNY
Yes,140482,Business,Computer Centre,2997470,1066072,NA,NA,NA,NA,Rural,TERM_LOAN
Yes,436884,Business,Tailoring,119383,99600,NA,NA,NA,NA,Urban,AMY
Yes,61890,Education,NA,1648217,3770277,Graduate,BCA,Technical,No,Urban,NO_ELIGIBLE_SCHEME
Yes,93277,Business,Food Business,47326,32031,NA,NA,NA,NA,Rural,MFS
Yes,202389,Business,Transport,50258,16900,NA,NA,NA,NA,Rural,AMY
Yes,239422,Business,Food Business,7176995,5948620,NA,NA,NA,NA,Rural,NO_ELIGIBLE_SCHEME
Yes,372779,Business,Transport,139273,74139,NA,NA,NA,NA,Urban,MFS
Yes,260648,Business,Computer Centre,52801,48024,NA,NA,NA,NA,Urban,AMY
Yes,257841,Business,Grocery Shop,205369,65886,NA,NA,NA,NA,Urban,UNY
Yes,74454,Business,Fisheries,317629,284366,NA,NA,NA,NA,Urban,TERM_LOAN
Yes,427361,Business,Tailoring,1369348,84094,NA,NA,NA,NA,Rural,TERM_LOAN
Yes,174897,Business,Computer Centre,4809472,3077983,NA,NA,NA,NA,Urban,TERM_LOAN
Yes,288042,Business,Tailoring,2486531,812654,NA,NA,NA,NA,Urban,TERM_LOAN
Yes,99555,Education,NA,2872567,940640,12th,BTech,Professional,Yes,Rural,ELS
Yes,70837,Business,Small Manufacturing,33584,29608,NA,NA,NA,NA,Rural,AMY
Yes,149453,Business,Transport,4906444,1022539,NA,NA,NA,NA,Urban,TERM_LOAN
Yes,248843,Business,Transport,42255,23280,NA,NA,NA,NA,Urban,MFS
Yes,292555,Education,NA,1843930,1843930,Postgraduate,Pharmacy,Management,Yes,Rural,ELS
Yes,400954,Business,Transport,5000000,5000000,NA,NA,NA,NA,Rural,NO_ELIGIBLE_SCHEME
Yes,280946,Education,NA,1954119,396885,Postgraduate,BCA,Professional,Yes,Urban,ELS
Yes,326674,Business,Computer Centre,117910,74157,NA,NA,NA,NA,Urban,MFS
Yes,369176,Education,NA,4036616,1908349,Graduate,Engineering,Medical,Yes,Rural,ELS
Yes,88959,Education,NA,4177509,974431,Postgraduate,Engineering,Management,Yes,Rural,ELS
Yes,325500,Business,Food Business,123387,59005,NA,NA,NA,NA,Urban,AMY
Yes,276596,Business,Service Business,2996156,1720904,NA,NA,NA,NA,Rural,TERM_LOAN
Yes,273228,Education,NA,3587670,105558,Graduate,Engineering,Management,Yes,Urban,ELS
Yes,449564,Business,Fisheries,48868,19319,NA,NA,NA,NA,Rural,AMY
Yes,469799,Business,Service Business,2960969,1771875,NA,NA,NA,NA,Rural,TERM_LOAN
Yes,130334,Business,Small Manufacturing,2640119,1556955,NA,NA,NA,NA,Urban,TERM_LOAN
Yes,432905,Business,Service Business,7980347,5934355,NA,NA,NA,NA,Urban,NO_ELIGIBLE_SCHEME
Yes,466755,Business,Fisheries,48931,18571,NA,NA,NA,NA,Rural,AMY
Yes,261581,Education,NA,3190447,2421817,Graduate,Medical,Management,Yes,Rural,ELS
Yes,358241,Business,Computer Centre,136260,106680,NA,NA,NA,NA,Urban,MFS
Yes,494345,Education,NA,1405464,1405464,Postgraduate,Engineering,Professional,Yes,Rural,ELS
Yes,165722,Business,Service Business,36433,22004,NA,NA,NA,NA,Rural,MFS
Yes,385464,Business,Grocery Shop,192622,177538,NA,NA,NA,NA,Urban,UNY
Yes,423141,Business,Repair Shop,4163244,4008291,NA,NA,NA,NA,Rural,TERM_LOAN
Yes,222660,Education,NA,782084,782084,Graduate,MCA,Professional,Yes,Urban,ELS
Yes,71759,Business,Computer Centre,3770517,2499472,NA,NA,NA,NA,Urban,TERM_LOAN
Yes,249509,Business,Service Business,993113,233296,NA,NA,NA,NA,Rural,TERM_LOAN
Yes,227387,Business,Poultry,361315,229914,NA,NA,NA,NA,Urban,UNY
Yes,111802,Business,Small Manufacturing,1549440,281037,NA,NA,NA,NA,Urban,TERM_LOAN
Yes,105818,Business,Grocery Shop,51333,45492,NA,NA,NA,NA,Rural,AMY
Yes,71388,Education,NA,1531365,767714,Postgraduate,MCA,Technical,Yes,Urban,ELS
Yes,162965,Business,Repair Shop,7952569,5419503,NA,NA,NA,NA,Urban,NO_ELIGIBLE_SCHEME
Yes,143130,Business,Small Manufacturing,140640,32074,NA,NA,NA,NA,Rural,UNY
No,319366,Business,Fisheries,434344,121977,NA,NA,NA,NA,Urban,NO_ELIGIBLE_SCHEME
Yes,70612,Business,Food Business,1576831,282009,NA,NA,NA,NA,Rural,TERM_LOAN
Yes,266587,Business,Tailoring,99446,49106,NA,NA,NA,NA,Rural,MFS
Yes,282899,Business,Transport,58271,57700,NA,NA,NA,NA,Urban,MFS
Yes,493292,Business,Tailoring,67767,60446,NA,NA,NA,NA,Rural,MFS
Yes,95489,Business,Small Manufacturing,2777028,387011,NA,NA,NA,NA,Rural,TERM_LOAN
Yes,328243,Education,NA,2268274,1129662,Graduate,Medical,Management,Yes,Rural,ELS
Yes,206349,Education,NA,480401,480401,Postgraduate,Medical,Professional,Yes,Urban,ELS
Yes,127460,Business,Fisheries,77746,70619,NA,NA,NA,NA,Rural,MFS
Yes,481403,Business,Tailoring,5000000,5000000,NA,NA,NA,NA,Urban,NO_ELIGIBLE_SCHEME
Yes,346376,Education,NA,2901498,160665,Graduate,BCA,Technical,Yes,Rural,ELS
Yes,426774,Business,Food Business,105926,41359,NA,NA,NA,NA,Urban,AMY
Yes,356364,Education,NA,1117023,1117023,Graduate,Engineering,Professional,Yes,Urban,ELS
Yes,430697,Education,NA,121271,121271,Postgraduate,BTech,Technical,Yes,Urban,ELS
Yes,229965,Business,Repair Shop,181460,71421,NA,NA,NA,NA,Urban,UNY
Yes,176082,Business,Tailoring,134719,26571,NA,NA,NA,NA,Rural,AMY
Yes,197020,Business,Transport,4430807,3321007,NA,NA,NA,NA,Rural,TERM_LOAN
Yes,474455,Business,Service Business,388810,125483,NA,NA,NA,NA,Rural,UNY
Yes,221355,Business,Repair Shop,185665,87234,NA,NA,NA,NA,Rural,UNY
Yes,215627,Education,NA,3403141,561798,Postgraduate,Pharmacy,Professional,Yes,Urban,ELS
Yes,419700,Business,Computer Centre,7440110,6435972,NA,NA,NA,NA,Rural,NO_ELIGIBLE_SCHEME
Yes,80807,Business,Grocery Shop,4699588,3255770,NA,NA,NA,NA,Urban,TERM_LOAN
Yes,438454,Business,Repair Shop,91706,26769,NA,NA,NA,NA,Rural,MFS
Yes,471571,Education,NA,3522721,3522721,Postgraduate,Nursing,Technical,Yes,Rural,ELS
Yes,387877,Business,Small Manufacturing,5000000,5000000,NA,NA,NA,NA,Rural,NO_ELIGIBLE_SCHEME
Yes,132141,Business,Computer Centre,471158,229409,NA,NA,NA,NA,Urban,UNY
Yes,210242,Business,Grocery Shop,235957,29484,NA,NA,NA,NA,Rural,UNY
Yes,185189,Education,NA,2931235,2931235,12th,Engineering,Medical,Yes,Rural,ELS
Yes,238977,Education,NA,4148975,1716400,12th,Law,Professional,Yes,Rural,ELS
Yes,389235,Business,Small Manufacturing,221101,173654,NA,NA,NA,NA,Urban,UNY
Yes,325440,Business,Transport,4651565,1218528,NA,NA,NA,NA,Rural,TERM_LOAN
Yes,314240,Education,NA,2808782,2808782,12th,Engineering,Technical,Yes,Rural,ELS
Yes,191211,Business,Service Business,372691,351910,NA,NA,NA,NA,Urban,UNY
Yes,229895,Education,NA,2204014,139074,Graduate,BTech,Professional,Yes,Rural,ELS
Yes,384093,Education,NA,1991652,1714959,12th,Pharmacy,Technical,Yes,Rural,ELS
Yes,487182,Business,Transport,46567,12233,NA,NA,NA,NA,Rural,AMY
Yes,384475,Education,NA,1494149,1494149,Graduate,MCA,Professional,Yes,Rural,ELS
Yes,324928,Business,Poultry,44026,16312,NA,NA,NA,NA,Rural,MFS
Yes,470424,Business,Tailoring,68309,37010,NA,NA,NA,NA,Urban,AMY
Yes,181238,Business,Service Business,42256,36391,NA,NA,NA,NA,Rural,AMY
Yes,291742,Business,Service Business,323149,122955,NA,NA,NA,NA,Rural,UNY
Yes,268377,Business,Grocery Shop,137104,66925,NA,NA,NA,NA,Rural,MFS
Yes,321513,Education,NA,1537764,1537764,12th,MCA,Management,Yes,Urban,ELS
Yes,152661,Business,Service Business,2620582,1529514,NA,NA,NA,NA,Rural,TERM_LOAN
Yes,127207,Business,Service Business,3356192,2346633,NA,NA,NA,NA,Rural,TERM_LOAN
Yes,457285,Business,Service Business,124581,52517,NA,NA,NA,NA,Rural,MFS
Yes,481965,Business,Food Business,57912,53306,NA,NA,NA,NA,Urban,MFS
Yes,374545,Education,NA,3348454,1664852,Graduate,Medical,Medical,Yes,Urban,ELS
Yes,438071,Business,Small Manufacturing,1866432,1830072,NA,NA,NA,NA,Rural,TERM_LOAN
Yes,181084,Business,Repair Shop,118487,53154,NA,NA,NA,NA,Urban,AMY
Yes,287844,Business,Poultry,6503057,6222424,NA,NA,NA,NA,Rural,NO_ELIGIBLE_SCHEME
Yes,255459,Business,Poultry,175065,126475,NA,NA,NA,NA,Rural,UNY
Yes,276084,Business,Transport,372320,69760,NA,NA,NA,NA,Rural,UNY
Yes,350401,Business,Fisheries,4479443,2461910,NA,NA,NA,NA,Urban,TERM_LOAN
Yes,262503,Business,Transport,81949,38053,NA,NA,NA,NA,Rural,AMY
Yes,333239,Business,Repair Shop,80577,43631,NA,NA,NA,NA,Rural,MFS
Yes,379212,Business,Poultry,6675931,5825627,NA,NA,NA,NA,Urban,NO_ELIGIBLE_SCHEME
Yes,430224,Business,Poultry,89889,62665,NA,NA,NA,NA,Rural,AMY
Yes,472996,Business,Poultry,131677,107587,NA,NA,NA,NA,Urban,AMY
Yes,83861,Business,Repair Shop,7417544,6418190,NA,NA,NA,NA,Urban,NO_ELIGIBLE_SCHEME
Yes,391054,Education,NA,2893867,2781923,Graduate,Pharmacy,Medical,Yes,Rural,ELS
Yes,429457,Business,Service Business,7342849,6185046,NA,NA,NA,NA,Rural,NO_ELIGIBLE_SCHEME
Yes,240713,Education,NA,692316,692316,12th,Pharmacy,Professional,Yes,Urban,ELS
Yes,291313,Education,NA,2197900,2197900,Postgraduate,Engineering,Medical,Yes,Rural,ELS
Yes,481468,Business,Tailoring,437048,53630,NA,NA,NA,NA,Rural,UNY
Yes,436221,Business,Small Manufacturing,489757,313509,NA,NA,NA,NA,Rural,UNY
Yes,316526,Business,Tailoring,224613,211665,NA,NA,NA,NA,Rural,UNY
Yes,421378,Business,Computer Centre,2907370,731275,NA,NA,NA,NA,Urban,TERM_LOAN
Yes,250562,Business,Tailoring,50866,17084,NA,NA,NA,NA,Urban,MFS
Yes,106539,Business,Food Business,62821,26197,NA,NA,NA,NA,Rural,MFS
Yes,371424,Business,Computer Centre,72987,71038,NA,NA,NA,NA,Rural,MFS
Yes,204360,Business,Service Business,51821,37686,NA,NA,NA,NA,Rural,MFS
Yes,131137,Business,Poultry,5000000,5000000,NA,NA,NA,NA,Rural,NO_ELIGIBLE_SCHEME
Yes,432596,Education,NA,363860,269307,12th,BTech,Medical,Yes,Rural,ELS
Yes,164588,Business,Transport,35759,12206,NA,NA,NA,NA,Urban,AMY
Yes,371914,Business,Tailoring,55451,52932,NA,NA,NA,NA,Urban,AMY
Yes,315979,Business,Repair Shop,118063,56988,NA,NA,NA,NA,Rural,MFS
Yes,324061,Business,Grocery Shop,85363,11673,NA,NA,NA,NA,Rural,MFS
Yes,226314,Business,Grocery Shop,2642891,598146,NA,NA,NA,NA,Urban,TERM_LOAN
Yes,179446,Education,NA,4372291,1099929,Postgraduate,BTech,Professional,Yes,Urban,ELS
Yes,496288,Business,Grocery Shop,2076656,64565,NA,NA,NA,NA,Rural,TERM_LOAN
Yes,675358,Business,Computer Centre,237543,230682,NA,NA,NA,NA,Rural,NO_ELIGIBLE_SCHEME
Yes,143850,Business,Tailoring,80129,59047,NA,NA,NA,NA,Rural,AMY
Yes,243739,Business,Computer Centre,3379367,1290643,NA,NA,NA,NA,Urban,TERM_LOAN
Yes,466386,Business,Fisheries,112821,16293,NA,NA,NA,NA,Rural,AMY
Yes,418714,Business,Repair Shop,444572,194324,NA,NA,NA,NA,Rural,UNY
Yes,298616,Business,Fisheries,69515,57536,NA,NA,NA,NA,Rural,AMY
Yes,442848,Education,NA,322904,322904,12th,Nursing,Medical,Yes,Urban,ELS
Yes,221408,Business,Grocery Shop,2840543,899762,NA,NA,NA,NA,Rural,TERM_LOAN
Yes,55515,Education,NA,2785830,2785830,Graduate,Law,Professional,Yes,Rural,ELS
Yes,366498,Education,NA,1203919,1203919,12th,MCA,Technical,Yes,Rural,ELS
No,85424,Business,Poultry,80369,122686,NA,NA,NA,NA,Urban,NO_ELIGIBLE_SCHEME
Yes,155341,Education,NA,526268,526268,12th,BTech,Medical,Yes,Urban,ELS
Yes,360497,Business,Small Manufacturing,44927,23094,NA,NA,NA,NA,Rural,MFS
Yes,227984,Business,Poultry,3176387,287252,NA,NA,NA,NA,Rural,TERM_LOAN
Yes,410809,Business,Poultry,150977,121665,NA,NA,NA,NA,Rural,UNY
Yes,396204,Business,Grocery Shop,422494,344397,NA,NA,NA,NA,Rural,UNY
Yes,292759,Business,Food Business,396431,362959,NA,NA,NA,NA,Rural,UNY
Yes,255325,Business,Grocery Shop,4083546,3402068,NA,NA,NA,NA,Rural,TERM_LOAN
Yes,400749,Business,Computer Centre,143310,88644,NA,NA,NA,NA,Rural,UNY
Yes,111276,Business,Repair Shop,48274,46107,NA,NA,NA,NA,Rural,MFS
Yes,429578,Business,Grocery Shop,7675845,5591494,NA,NA,NA,NA,Rural,NO_ELIGIBLE_SCHEME
Yes,187655,Business,Grocery Shop,101847,62322,NA,NA,NA,NA,Urban,MFS
Yes,254198,Business,Service Business,57110,37534,NA,NA,NA,NA,Rural,MFS
Yes,265404,Education,NA,4117498,3730114,12th,Medical,Medical,Yes,Rural,ELS
Yes,218563,Business,Poultry,5000000,5000000,NA,NA,NA,NA,Rural,NO_ELIGIBLE_SCHEME
Yes,232093,Business,Grocery Shop,85981,37490,NA,NA,NA,NA,Urban,MFS
Yes,210756,Business,Service Business,143986,50448,NA,NA,NA,NA,Rural,UNY
Yes,213731,Education,NA,3599983,344956,12th,BCA,Management,Yes,Urban,ELS
Yes,142038,Business,Grocery Shop,478387,270771,NA,NA,NA,NA,Urban,UNY
Yes,370849,Business,Computer Centre,159346,102275,NA,NA,NA,NA,Rural,TERM_LOAN
Yes,252687,Business,Tailoring,3888504,1329460,NA,NA,NA,NA,Urban,TERM_LOAN
Yes,431004,Business,Repair Shop,105739,66027,NA,NA,NA,NA,Rural,AMY
Yes,635441,Business,Tailoring,242271,211903,NA,NA,NA,NA,Urban,NO_ELIGIBLE_SCHEME
Yes,354038,Education,NA,314541,314541,Postgraduate,BTech,Technical,Yes,Rural,ELS
Yes,498869,Business,Food Business,2608796,1534031,NA,NA,NA,NA,Rural,TERM_LOAN
Yes,492242,Education,NA,1884769,1884769,12th,BCA,Management,Yes,Urban,ELS
No,473277,Business,Transport,247944,392948,NA,NA,NA,NA,Urban,NO_ELIGIBLE_SCHEME
Yes,439507,Business,Small Manufacturing,67313,52497,NA,NA,NA,NA,Urban,MFS
Yes,335270,Education,NA,1353070,1353070,Postgraduate,Pharmacy,Technical,Yes,Rural,ELS
Yes,511086,Business,Computer Centre,50681,258326,NA,NA,NA,NA,Urban,NO_ELIGIBLE_SCHEME
Yes,410735,Business,Transport,7906046,5459642,NA,NA,NA,NA,Urban,NO_ELIGIBLE_SCHEME
Yes,287988,Business,Tailoring,119218,83415,NA,NA,NA,NA,Urban,MFS
Yes,307116,Business,Grocery Shop,271762,151123,NA,NA,NA,NA,Rural,UNY
No,471604,Business,Tailoring,451163,154643,NA,NA,NA,NA,Urban,NO_ELIGIBLE_SCHEME
Yes,430124,Business,Grocery Shop,460452,400123,NA,NA,NA,NA,Rural,UNY
No,396772,Business,Tailoring,335226,51848,NA,NA,NA,NA,Rural,NO_ELIGIBLE_SCHEME
Yes,359168,Business,Small Manufacturing,126216,12872,NA,NA,NA,NA,Rural,MFS
Yes,394054,Business,Service Business,86369,29025,NA,NA,NA,NA,Rural,MFS
Yes,145477,Business,Computer Centre,1781375,174334,NA,NA,NA,NA,Urban,TERM_LOAN
Yes,240408,Business,Grocery Shop,71864,60495,NA,NA,NA,NA,Urban,AMY
Yes,235081,Business,Poultry,2484185,2467963,NA,NA,NA,NA,Rural,TERM_LOAN
Yes,324821,Business,Transport,3995962,1519173,NA,NA,NA,NA,Urban,TERM_LOAN
Yes,427341,Business,Transport,7094721,6218137,NA,NA,NA,NA,Rural,NO_ELIGIBLE_SCHEME
Yes,189595,Business,Transport,61760,14695,NA,NA,NA,NA,Urban,MFS
Yes,394036,Business,Transport,198426,180713,NA,NA,NA,NA,Rural,UNY
Yes,301667,Business,Repair Shop,2876964,404255,NA,NA,NA,NA,Urban,TERM_LOAN
Yes,326921,Education,NA,4216632,3025194,12th,Medical,Technical,Yes,Urban,ELS
Yes,381680,Business,Fisheries,105499,74775,NA,NA,NA,NA,Rural,AMY
Yes,193936,Business,Small Manufacturing,4359020,4148210,NA,NA,NA,NA,Urban,TERM_LOAN
Yes,294158,Business,Service Business,129056,110195,NA,NA,NA,NA,Rural,MFS
Yes,228271,Business,Tailoring,2396440,906487,NA,NA,NA,NA,Urban,TERM_LOAN
Yes,422334,Business,Repair Shop,85422,84781,NA,NA,NA,NA,Rural,AMY
Yes,358556,Business,Transport,68974,66371,NA,NA,NA,NA,Urban,MFS
Yes,383801,Business,Food Business,838139,230108,NA,NA,NA,NA,Rural,TERM_LOAN
Yes,393437,Business,Small Manufacturing,325405,31614,NA,NA,NA,NA,Rural,UNY
Yes,277828,Education,NA,3371160,1910501,12th,Medical,Professional,Yes,Urban,ELS
Yes,464184,Business,Service Business,3923107,140077,NA,NA,NA,NA,Rural,TERM_LOAN
Yes,407474,Business,Tailoring,113454,107551,NA,NA,NA,NA,Urban,AMY
Yes,451494,Education,NA,3061843,1274987,Postgraduate,Medical,Medical,Yes,Urban,ELS
Yes,218132,Education,NA,1202727,2707711,Postgraduate,Law,Management,No,Urban,NO_ELIGIBLE_SCHEME
Yes,176100,Business,Service Business,1325868,942667,NA,NA,NA,NA,Urban,TERM_LOAN
Yes,327841,Business,Tailoring,219369,135277,NA,NA,NA,NA,Urban,UNY
Yes,273401,Education,NA,2124454,60579,Postgraduate,Engineering,Medical,Yes,Rural,ELS
Yes,251181,Business,Grocery Shop,2083748,1176714,NA,NA,NA,NA,Urban,TERM_LOAN
Yes,92559,Education,NA,112331,112331,12th,MCA,Management,Yes,Rural,ELS
Yes,255866,Business,Poultry,129003,120769,NA,NA,NA,NA,Urban,AMY
Yes,494195,Education,NA,3047818,3047818,Graduate,BTech,Professional,Yes,Urban,ELS
Yes,376582,Business,Grocery Shop,361873,186616,NA,NA,NA,NA,Urban,UNY
Yes,266616,Business,Small Manufacturing,31255,15686,NA,NA,NA,NA,Urban,MFS
Yes,230020,Business,Fisheries,412099,355256,NA,NA,NA,NA,Urban,UNY
Yes,358153,Business,Service Business,324823,79299,NA,NA,NA,NA,Urban,UNY
Yes,448957,Business,Grocery Shop,1199043,1120677,NA,NA,NA,NA,Urban,TERM_LOAN
Yes,323760,Business,Tailoring,175334,126694,NA,NA,NA,NA,Urban,UNY
Yes,196774,Business,Poultry,466480,421751,NA,NA,NA,NA,Urban,UNY
Yes,134630,Education,NA,3179353,362871,Postgraduate,MCA,Technical,Yes,Rural,ELS
Yes,387184,Business,Service Business,3508028,2824815,NA,NA,NA,NA,Urban,TERM_LOAN
Yes,158007,Education,NA,2287364,1829051,Postgraduate,Law,Medical,No,Rural,NO_ELIGIBLE_SCHEME
Yes,215634,Business,Computer Centre,1675776,636468,NA,NA,NA,NA,Rural,TERM_LOAN
Yes,404110,Education,NA,4305288,2439954,Graduate,MBA,Professional,Yes,Urban,ELS
Yes,267150,Business,Repair Shop,5000000,5000000,NA,NA,NA,NA,Urban,NO_ELIGIBLE_SCHEME
Yes,431097,Education,NA,4138162,2418059,Postgraduate,MCA,Medical,Yes,Rural,ELS
Yes,411611,Business,Repair Shop,131125,117733,NA,NA,NA,NA,Rural,MFS
Yes,454931,Business,Computer Centre,60537,24236,NA,NA,NA,NA,Rural,AMY
Yes,361663,Business,Transport,184557,166637,NA,NA,NA,NA,Urban,UNY
Yes,192928,Business,Transport,115634,106552,NA,NA,NA,NA,Rural,AMY
Yes,464728,Business,Grocery Shop,2434113,892040,NA,NA,NA,NA,Urban,TERM_LOAN
Yes,453034,Business,Small Manufacturing,3385941,625062,NA,NA,NA,NA,Urban,TERM_LOAN
Yes,491191,Education,NA,197430,73822,Graduate,BTech,Technical,Yes,Urban,ELS
Yes,493145,Business,Poultry,5000000,5000000,NA,NA,NA,NA,Rural,NO_ELIGIBLE_SCHEME
Yes,55038,Business,Repair Shop,5000000,5000000,NA,NA,NA,NA,Urban,NO_ELIGIBLE_SCHEME
Yes,389683,Business,Fisheries,59600,38859,NA,NA,NA,NA,Rural,AMY
Yes,52209,Business,Small Manufacturing,5000000,5000000,NA,NA,NA,NA,Urban,NO_ELIGIBLE_SCHEME
Yes,409325,Business,Service Business,6051564,6209643,NA,NA,NA,NA,Urban,NO_ELIGIBLE_SCHEME
Yes,131662,Business,Poultry,46770,43988,NA,NA,NA,NA,Urban,AMY
Yes,224977,Education,NA,1413774,376853,Postgraduate,BCA,Management,No,Rural,NO_ELIGIBLE_SCHEME
Yes,84675,Education,NA,266882,266882,Postgraduate,MBA,Management,Yes,Urban,ELS
Yes,313280,Business,Tailoring,82007,57692,NA,NA,NA,NA,Rural,MFS
Yes,204952,Business,Poultry,187005,161894,NA,NA,NA,NA,Urban,UNY
Yes,386425,Education,NA,1301691,1301691,Graduate,Nursing,Medical,Yes,Rural,ELS
Yes,287603,Business,Service Business,89258,38159,NA,NA,NA,NA,Urban,AMY
Yes,491429,Education,NA,3026537,1533035,Postgraduate,Law,Technical,Yes,Rural,ELS
Yes,149514,Business,Grocery Shop,82184,46160,NA,NA,NA,NA,Urban,MFS
Yes,120427,Business,Grocery Shop,102161,21109,NA,NA,NA,NA,Urban,AMY
Yes,328697,Business,Tailoring,174954,55078,NA,NA,NA,NA,Urban,UNY
Yes,108124,Business,Small Manufacturing,4465743,919433,NA,NA,NA,NA,Rural,TERM_LOAN
Yes,82559,Business,Food Business,1249922,553300,NA,NA,NA,NA,Rural,TERM_LOAN
Yes,479282,Business,Tailoring,2809890,2243264,NA,NA,NA,NA,Rural,TERM_LOAN
Yes,183440,Business,Food Business,85769,27548,NA,NA,NA,NA,Rural,MFS
Yes,430240,Business,Repair Shop,76073,38759,NA,NA,NA,NA,Urban,MFS
Yes,436411,Business,Computer Centre,5000000,5000000,NA,NA,NA,NA,Urban,NO_ELIGIBLE_SCHEME
Yes,444657,Business,Transport,3949598,1753878,NA,NA,NA,NA,Rural,TERM_LOAN
Yes,264795,Education,NA,3882396,1040874,Graduate,Pharmacy,Medical,Yes,Rural,ELS
Yes,328202,Business,Repair Shop,108893,26108,NA,NA,NA,NA,Rural,AMY
No,111099,Business,Computer Centre,152995,195515,NA,NA,NA,NA,Rural,NO_ELIGIBLE_SCHEME
Yes,59138,Business,Service Business,243051,31498,NA,NA,NA,NA,Urban,UNY
Yes,345713,Education,NA,3627365,595025,Graduate,Engineering,Technical,Yes,Urban,ELS
Yes,392764,Education,NA,496491,496491,Graduate,Nursing,Professional,Yes,Rural,ELS
Yes,202657,Business,Tailoring,418374,94621,NA,NA,NA,NA,Urban,UNY
Yes,189015,Education,NA,3590119,1987118,Postgraduate,MBA,Management,Yes,Rural,ELS
Yes,280147,Business,Tailoring,2354917,221787,NA,NA,NA,NA,Urban,TERM_LOAN
Yes,507933,Business,Tailoring,122950,260873,NA,NA,NA,NA,Urban,NO_ELIGIBLE_SCHEME
Yes,342246,Education,NA,2788470,1350169,12th,MCA,Management,Yes,Urban,ELS
Yes,77598,Business,Repair Shop,204247,99950,NA,NA,NA,NA,Rural,UNY
Yes,458450,Education,NA,4331417,187477,Graduate,Pharmacy,Management,Yes,Rural,ELS
Yes,474573,Education,NA,1243245,1243245,Graduate,Engineering,Technical,Yes,Rural,ELS
Yes,478860,Business,Computer Centre,6525426,6473136,NA,NA,NA,NA,Rural,NO_ELIGIBLE_SCHEME
Yes,179739,Business,Tailoring,7298338,6916135,NA,NA,NA,NA,Urban,NO_ELIGIBLE_SCHEME
Yes,277740,Business,Poultry,77934,11828,NA,NA,NA,NA,Rural,AMY
Yes,341844,Education,NA,1063444,1063444,12th,Medical,Management,Yes,Urban,ELS
Yes,344878,Business,Tailoring,59829,38234,NA,NA,NA,NA,Rural,AMY
Yes,193674,Business,Grocery Shop,133457,14440,NA,NA,NA,NA,Urban,MFS
Yes,116548,Business,Repair Shop,51884,34370,NA,NA,NA,NA,Rural,MFS
Yes,244857,Business,Computer Centre,58204,53054,NA,NA,NA,NA,Rural,AMY
No,150903,Business,Computer Centre,315791,105906,NA,NA,NA,NA,Rural,NO_ELIGIBLE_SCHEME
Yes,322588,Education,NA,1365761,1365761,12th,BTech,Medical,Yes,Rural,ELS
Yes,414413,Education,NA,3823706,3204533,12th,MBA,Medical,Yes,Urban,ELS
Yes,364165,Education,NA,301226,1227326,12th,MBA,Medical,No,Rural,NO_ELIGIBLE_SCHEME
Yes,320671,Business,Poultry,121956,36878,NA,NA,NA,NA,Urban,AMY
Yes,246493,Business,Small Manufacturing,4686435,827142,NA,NA,NA,NA,Rural,TERM_LOAN
No,288776,Business,Food Business,138275,107015,NA,NA,NA,NA,Rural,NO_ELIGIBLE_SCHEME
Yes,354985,Business,Transport,104623,11258,NA,NA,NA,NA,Rural,AMY
Yes,80170,Business,Computer Centre,103268,95233,NA,NA,NA,NA,Urban,AMY
Yes,263383,Business,Fisheries,3457059,876824,NA,NA,NA,NA,Rural,TERM_LOAN
Yes,127728,Business,Tailoring,36411,16056,NA,NA,NA,NA,Urban,MFS
Yes,81817,Education,NA,753629,2630716,Graduate,Medical,Technical,No,Urban,NO_ELIGIBLE_SCHEME
Yes,497926,Business,Poultry,92378,83695,NA,NA,NA,NA,Rural,MFS
Yes,74577,Business,Small Manufacturing,2077669,52531,NA,NA,NA,NA,Rural,TERM_LOAN
Yes,62714,Education,NA,2268502,74191,Graduate,Law,Technical,Yes,Rural,ELS
Yes,154563,Business,Repair Shop,439409,265890,NA,NA,NA,NA,Urban,UNY
Yes,258056,Business,Transport,1638018,1569340,NA,NA,NA,NA,Rural,TERM_LOAN
Yes,334063,Business,Service Business,7523100,5061037,NA,NA,NA,NA,Rural,NO_ELIGIBLE_SCHEME
Yes,209730,Business,Computer Centre,100568,98430,NA,NA,NA,NA,Rural,AMY
Yes,160980,Business,Small Manufacturing,83150,25491,NA,NA,NA,NA,Urban,MFS
Yes,124563,Business,Food Business,5000000,5000000,NA,NA,NA,NA,Urban,NO_ELIGIBLE_SCHEME
Yes,183779,Business,Poultry,42130,23069,NA,NA,NA,NA,Rural,MFS
Yes,194973,Business,Repair Shop,60345,13216,NA,NA,NA,NA,Rural,AMY
Yes,302805,Business,Service Business,4820676,1728608,NA,NA,NA,NA,Rural,TERM_LOAN
Yes,212407,Business,Computer Centre,35299,15413,NA,NA,NA,NA,Rural,AMY
Yes,112448,Business,Transport,203606,91092,NA,NA,NA,NA,Rural,UNY
Yes,474615,Education,NA,3515188,2377767,12th,Law,Professional,Yes,Rural,ELS
Yes,340411,Business,Small Manufacturing,5000000,5000000,NA,NA,NA,NA,Rural,NO_ELIGIBLE_SCHEME
Yes,301145,Business,Fisheries,93113,72759,NA,NA,NA,NA,Rural,MFS
Yes,121250,Education,NA,2519378,1077860,12th,Engineering,Medical,Yes,Rural,ELS
Yes,357642,Education,NA,1733616,3474521,12th,Nursing,Management,No,Rural,NO_ELIGIBLE_SCHEME
Yes,147380,Education,NA,4215831,626175,12th,MBA,Medical,Yes,Rural,ELS
Yes,154718,Business,Fisheries,47460,46468,NA,NA,NA,NA,Urban,AMY
Yes,172705,Business,Grocery Shop,3695902,2445031,NA,NA,NA,NA,Urban,TERM_LOAN
Yes,298165,Business,Grocery Shop,114974,64675,NA,NA,NA,NA,Urban,MFS
Yes,430431,Business,Service Business,338140,305124,NA,NA,NA,NA,Urban,UNY
Yes,475794,Education,NA,4423004,1389339,12th,BCA,Technical,Yes,Urban,ELS
Yes,550841,Business,Tailoring,328385,199029,NA,NA,NA,NA,Rural,NO_ELIGIBLE_SCHEME
Yes,64705,Business,Fisheries,109061,53970,NA,NA,NA,NA,Urban,AMY
Yes,543048,Business,Poultry,431614,297832,NA,NA,NA,NA,Urban,NO_ELIGIBLE_SCHEME
Yes,482473,Business,Tailoring,141514,114414,NA,NA,NA,NA,Urban,UNY
Yes,449519,Business,Service Business,178003,54932,NA,NA,NA,NA,Urban,TERM_LOAN
Yes,137494,Business,Tailoring,71755,69363,NA,NA,NA,NA,Rural,AMY
Yes,408828,Education,NA,3415341,1267102,Postgraduate,MCA,Technical,No,Rural,NO_ELIGIBLE_SCHEME
Yes,189750,Business,Fisheries,5000000,5000000,NA,NA,NA,NA,Urban,NO_ELIGIBLE_SCHEME
Yes,175066,Business,Poultry,111439,29973,NA,NA,NA,NA,Urban,MFS
Yes,591864,Business,Small Manufacturing,61862,275153,NA,NA,NA,NA,Urban,NO_ELIGIBLE_SCHEME
Yes,386375,Business,Food Business,436195,121390,NA,NA,NA,NA,Urban,UNY
Yes,445088,Education,NA,464744,2180506,12th,MCA,Medical,No,Rural,NO_ELIGIBLE_SCHEME
Yes,373371,Business,Service Business,1340390,502303,NA,NA,NA,NA,Rural,TERM_LOAN
Yes,424735,Business,Service Business,3412508,2521837,NA,NA,NA,NA,Urban,TERM_LOAN
Yes,411416,Education,NA,3540278,861267,Graduate,Engineering,Professional,Yes,Urban,ELS
Yes,327551,Business,Service Business,3523148,1898009,NA,NA,NA,NA,Urban,TERM_LOAN
Yes,440990,Business,Tailoring,4305526,774358,NA,NA,NA,NA,Rural,TERM_LOAN
Yes,225906,Business,Fisheries,2132031,222807,NA,NA,NA,NA,Urban,TERM_LOAN
Yes,97766,Business,Poultry,162934,72643,NA,NA,NA,NA,Urban,UNY
Yes,308772,Business,Fisheries,871355,244657,NA,NA,NA,NA,Urban,TERM_LOAN
Yes,413839,Business,Fisheries,88062,13124,NA,NA,NA,NA,Urban,AMY
Yes,453684,Business,Fisheries,103815,73390,NA,NA,NA,NA,Urban,MFS
Yes,253976,Business,Tailoring,1013086,142026,NA,NA,NA,NA,Urban,TERM_LOAN
Yes,450117,Business,Poultry,97681,95089,NA,NA,NA,NA,Urban,MFS
Yes,297675,Business,Grocery Shop,73292,57012,NA,NA,NA,NA,Rural,MFS
Yes,379303,Business,Fisheries,4282213,3960801,NA,NA,NA,NA,Urban,TERM_LOAN
Yes,160854,Business,Computer Centre,4464396,539157,NA,NA,NA,NA,Urban,TERM_LOAN
Yes,76031,Business,Poultry,33597,22666,NA,NA,NA,NA,Rural,MFS
Yes,363918,Business,Fisheries,50437,19284,NA,NA,NA,NA,Urban,AMY
Yes,229690,Business,Food Business,86841,27536,NA,NA,NA,NA,Urban,MFS
Yes,463815,Business,Transport,35220,11981,NA,NA,NA,NA,Urban,MFS
Yes,438338,Business,Transport,112684,68950,NA,NA,NA,NA,Urban,AMY
Yes,640295,Business,Repair Shop,448010,177564,NA,NA,NA,NA,Urban,NO_ELIGIBLE_SCHEME
Yes,436259,Business,Tailoring,83031,60891,NA,NA,NA,NA,Rural,MFS
Yes,333354,Business,Grocery Shop,5000000,5000000,NA,NA,NA,NA,Rural,NO_ELIGIBLE_SCHEME
Yes,267615,Education,NA,3956030,178727,Graduate,Engineering,Professional,Yes,Rural,ELS
Yes,217427,Education,NA,3157155,1580450,Graduate,Pharmacy,Medical,Yes,Urban,ELS
Yes,423511,Business,Computer Centre,5000000,5000000,NA,NA,NA,NA,Rural,NO_ELIGIBLE_SCHEME
Yes,58194,Business,Food Business,131929,30677,NA,NA,NA,NA,Rural,MFS
Yes,179913,Business,Small Manufacturing,6825570,5075032,NA,NA,NA,NA,Rural,NO_ELIGIBLE_SCHEME
Yes,73286,Business,Fisheries,80418,68198,NA,NA,NA,NA,Rural,AMY
Yes,98345,Business,Service Business,5000000,5000000,NA,NA,NA,NA,Rural,NO_ELIGIBLE_SCHEME
Yes,402240,Business,Small Manufacturing,109084,95381,NA,NA,NA,NA,Urban,AMY
Yes,109673,Business,Computer Centre,58255,43577,NA,NA,NA,NA,Urban,MFS
Yes,488817,Business,Computer Centre,78963,23902,NA,NA,NA,NA,Rural,MFS
Yes,177567,Business,Transport,87240,23875,NA,NA,NA,NA,Urban,MFS
Yes,433555,Education,NA,4159918,2059637,Postgraduate,MBA,Technical,Yes,Urban,ELS
Yes,333823,Business,Computer Centre,490914,171598,NA,NA,NA,NA,Urban,UNY
Yes,235565,Business,Transport,383290,132292,NA,NA,NA,NA,Urban,UNY
Yes,459864,Business,Grocery Shop,2054055,832291,NA,NA,NA,NA,Rural,TERM_LOAN
Yes,124379,Business,Tailoring,340853,78941,NA,NA,NA,NA,Urban,UNY
Yes,191234,Business,Fisheries,132204,105219,NA,NA,NA,NA,Urban,AMY
Yes,265538,Business,Fisheries,110911,108561,NA,NA,NA,NA,Rural,MFS
Yes,480277,Education,NA,1413774,74270,12th,MBA,Professional,Yes,Rural,ELS
Yes,218738,Business,Food Business,126697,109633,NA,NA,NA,NA,Rural,AMY
Yes,435179,Education,NA,1670195,1582238,Graduate,Medical,Medical,Yes,Urban,ELS
Yes,378675,Business,Grocery Shop,4766724,3517479,NA,NA,NA,NA,Rural,TERM_LOAN
Yes,395945,Business,Service Business,102323,35397,NA,NA,NA,NA,Rural,MFS
Yes,129145,Business,Food Business,112210,51436,NA,NA,NA,NA,Rural,MFS
Yes,194937,Business,Service Business,105965,20426,NA,NA,NA,NA,Urban,AMY
Yes,322843,Education,NA,1995820,3499962,Graduate,BTech,Technical,No,Rural,NO_ELIGIBLE_SCHEME
Yes,157586,Business,Grocery Shop,133150,84000,NA,NA,NA,NA,Rural,MFS
Yes,485865,Business,Food Business,117613,59321,NA,NA,NA,NA,Rural,AMY
Yes,266961,Education,NA,3469755,412588,Graduate,MCA,Professional,Yes,Urban,ELS
Yes,489841,Business,Tailoring,477197,246121,NA,NA,NA,NA,Urban,UNY
Yes,169020,Business,Grocery Shop,3508568,3107381,NA,NA,NA,NA,Urban,TERM_LOAN
Yes,249993,Business,Poultry,48275,30756,NA,NA,NA,NA,Urban,AMY
Yes,305257,Business,Small Manufacturing,3160297,2758135,NA,NA,NA,NA,Rural,TERM_LOAN
Yes,100977,Business,Tailoring,79993,30904,NA,NA,NA,NA,Urban,AMY
Yes,363585,Education,NA,1193275,1193275,Postgraduate,MCA,Technical,Yes,Urban,ELS
Yes,287778,Business,Transport,118330,95118,NA,NA,NA,NA,Urban,AMY
No,326868,Business,Transport,291857,352800,NA,NA,NA,NA,Rural,NO_ELIGIBLE_SCHEME
Yes,165060,Business,Fisheries,260441,30758,NA,NA,NA,NA,Urban,UNY
Yes,108473,Business,Grocery Shop,73815,29946,NA,NA,NA,NA,Rural,AMY
Yes,195449,Education,NA,1196019,1196019,Graduate,Engineering,Technical,Yes,Urban,ELS
Yes,224071,Business,Grocery Shop,429229,392640,NA,NA,NA,NA,Rural,UNY
Yes,237011,Business,Fisheries,71064,71050,NA,NA,NA,NA,Rural,AMY
Yes,438481,Business,Tailoring,39120,14648,NA,NA,NA,NA,Rural,MFS
Yes,301841,Business,Fisheries,65342,20515,NA,NA,NA,NA,Urban,AMY
Yes,442848,Education,NA,2758373,2485820,Postgraduate,Law,Professional,Yes,Urban,ELS
Yes,405937,Business,Service Business,131510,54350,NA,NA,NA,NA,Rural,MFS
Yes,211778,Business,Food Business,303245,58497,NA,NA,NA,NA,Rural,UNY
Yes,205923,Business,Fisheries,116585,46899,NA,NA,NA,NA,Rural,MFS
Yes,82758,Business,Fisheries,246240,67770,NA,NA,NA,NA,Rural,UNY
Yes,104403,Business,Food Business,3968243,1037163,NA,NA,NA,NA,Rural,TERM_LOAN
Yes,228512,Business,Service Business,5000000,5000000,NA,NA,NA,NA,Urban,NO_ELIGIBLE_SCHEME
Yes,329033,Education,NA,595917,595917,Postgraduate,BTech,Medical,Yes,Urban,ELS
Yes,190404,Business,Poultry,272453,70882,NA,NA,NA,NA,Rural,UNY
Yes,310388,Education,NA,4015844,1902696,Graduate,Engineering,Management,Yes,Urban,ELS
Yes,116805,Business,Grocery Shop,44085,27590,NA,NA,NA,NA,Urban,AMY
Yes,623675,Business,Grocery Shop,102637,207056,NA,NA,NA,NA,Rural,NO_ELIGIBLE_SCHEME
Yes,57483,Education,NA,3827269,3317927,12th,BCA,Management,No,Urban,NO_ELIGIBLE_SCHEME
Yes,122281,Business,Small Manufacturing,54987,49585,NA,NA,NA,NA,Urban,AMY
Yes,170661,Education,NA,2560812,943060,Postgraduate,Engineering,Technical,Yes,Urban,ELS
No,213605,Business,Transport,133975,307659,NA,NA,NA,NA,Rural,NO_ELIGIBLE_SCHEME
Yes,119445,Business,Computer Centre,96307,44760,NA,NA,NA,NA,Rural,MFS
Yes,421105,Business,Food Business,2706001,1528606,NA,NA,NA,NA,Urban,TERM_LOAN
Yes,191748,Business,Food Business,2012764,768502,NA,NA,NA,NA,Urban,TERM_LOAN
Yes,281318,Education,NA,1176740,3836939,Postgraduate,Law,Professional,No,Rural,NO_ELIGIBLE_SCHEME
Yes,119766,Education,NA,578176,2481707,Postgraduate,Medical,Technical,No,Urban,NO_ELIGIBLE_SCHEME
Yes,448492,Business,Poultry,4269516,1136377,NA,NA,NA,NA,Urban,TERM_LOAN
Yes,171642,Education,NA,2071453,1423830,Graduate,MBA,Professional,Yes,Urban,ELS
Yes,469324,Education,NA,1441698,1441698,12th,Engineering,Professional,Yes,Rural,ELS
Yes,60207,Education,NA,1925241,1646055,Postgraduate,Pharmacy,Medical,Yes,Rural,ELS
Yes,189061,Business,Fisheries,4434915,1916008,NA,NA,NA,NA,Urban,TERM_LOAN
Yes,114226,Business,Computer Centre,402166,268188,NA,NA,NA,NA,Urban,UNY
Yes,402371,Business,Grocery Shop,31675,26110,NA,NA,NA,NA,Urban,MFS
Yes,178638,Business,Tailoring,485343,437273,NA,NA,NA,NA,Rural,UNY
Yes,183527,Education,NA,923945,921132,12th,Pharmacy,Technical,Yes,Rural,ELS
Yes,146200,Business,Repair Shop,48373,37648,NA,NA,NA,NA,Urban,MFS
Yes,425689,Education,NA,1608156,2098209,Postgraduate,MCA,Professional,No,Rural,NO_ELIGIBLE_SCHEME
Yes,345659,Business,Fisheries,3240356,442510,NA,NA,NA,NA,Urban,TERM_LOAN
Yes,318783,Business,Food Business,91455,69511,NA,NA,NA,NA,Urban,MFS
Yes,421817,Business,Poultry,329962,213668,NA,NA,NA,NA,Urban,TERM_LOAN
Yes,261190,Education,NA,984160,984160,Graduate,Medical,Technical,Yes,Rural,ELS
Yes,473669,Education,NA,2843380,1435299,Graduate,MCA,Technical,Yes,Urban,ELS
Yes,228916,Business,Transport,130295,91940,NA,NA,NA,NA,Rural,MFS
Yes,279429,Business,Grocery Shop,51783,22934,NA,NA,NA,NA,Rural,AMY
Yes,194673,Education,NA,597479,2024321,Graduate,Nursing,Management,No,Urban,NO_ELIGIBLE_SCHEME
Yes,405628,Business,Small Manufacturing,91625,79717,NA,NA,NA,NA,Urban,MFS
Yes,187283,Education,NA,971608,971608,Postgraduate,Nursing,Technical,Yes,Urban,ELS
Yes,213279,Business,Food Business,47616,10047,NA,NA,NA,NA,Urban,AMY
Yes,188950,Business,Small Manufacturing,346842,222411,NA,NA,NA,NA,Urban,UNY
Yes,327669,Business,Grocery Shop,67992,29114,NA,NA,NA,NA,Rural,MFS
Yes,193962,Business,Food Business,5000000,5000000,NA,NA,NA,NA,Rural,NO_ELIGIBLE_SCHEME
Yes,256184,Business,Tailoring,86894,18056,NA,NA,NA,NA,Rural,MFS
Yes,273980,Business,Computer Centre,7652219,5226586,NA,NA,NA,NA,Urban,NO_ELIGIBLE_SCHEME
Yes,252288,Business,Transport,481135,200275,NA,NA,NA,NA,Rural,UNY
Yes,418638,Business,Service Business,270127,110646,NA,NA,NA,NA,Urban,UNY
Yes,319798,Business,Small Manufacturing,285194,217970,NA,NA,NA,NA,Urban,UNY
Yes,102474,Business,Small Manufacturing,311859,203352,NA,NA,NA,NA,Urban,UNY
Yes,177815,Education,NA,2421701,873940,12th,Nursing,Management,No,Rural,NO_ELIGIBLE_SCHEME
Yes,482304,Education,NA,3820054,3222937,Graduate,MCA,Management,Yes,Urban,ELS
Yes,128455,Business,Poultry,44748,37160,NA,NA,NA,NA,Rural,MFS
Yes,162082,Business,Service Business,125484,65584,NA,NA,NA,NA,Rural,AMY
Yes,374392,Education,NA,1422023,1422023,Postgraduate,BTech,Medical,Yes,Urban,ELS
Yes,350815,Education,NA,804849,804849,12th,BCA,Professional,Yes,Urban,ELS
Yes,424645,Business,Grocery Shop,129968,81641,NA,NA,NA,NA,Urban,AMY
Yes,115675,Business,Small Manufacturing,4155763,1719871,NA,NA,NA,NA,Rural,TERM_LOAN
Yes,195727,Education,NA,1798760,1798760,12th,BCA,Management,Yes,Rural,ELS
Yes,132343,Business,Fisheries,116563,20641,NA,NA,NA,NA,Rural,MFS
Yes,456305,Business,Computer Centre,116885,18692,NA,NA,NA,NA,Rural,AMY
Yes,277435,Business,Small Manufacturing,118265,23936,NA,NA,NA,NA,Rural,MFS
Yes,222664,Education,NA,159944,159944,Postgraduate,BTech,Management,Yes,Urban,ELS
Yes,314118,Business,Small Manufacturing,74850,55852,NA,NA,NA,NA,Urban,AMY
Yes,474837,Business,Repair Shop,2849178,2363810,NA,NA,NA,NA,Urban,TERM_LOAN
Yes,345657,Business,Service Business,7081906,6488976,NA,NA,NA,NA,Rural,NO_ELIGIBLE_SCHEME
Yes,272456,Education,NA,4261050,444464,12th,Engineering,Management,Yes,Urban,ELS
Yes,200161,Business,Grocery Shop,2799404,1225093,NA,NA,NA,NA,Rural,TERM_LOAN
Yes,380068,Business,Transport,490109,291703,NA,NA,NA,NA,Urban,UNY
Yes,205467,Business,Small Manufacturing,2391968,755464,NA,NA,NA,NA,Urban,TERM_LOAN
Yes,239229,Business,Small Manufacturing,91349,17956,NA,NA,NA,NA,Urban,MFS
Yes,131031,Education,NA,2343428,2343428,Graduate,MCA,Management,Yes,Urban,ELS
Yes,326995,Business,Tailoring,112250,75147,NA,NA,NA,NA,Rural,AMY
Yes,88258,Business,Tailoring,68985,39723,NA,NA,NA,NA,Rural,MFS
Yes,254192,Education,NA,1632230,1632230,12th,BTech,Technical,Yes,Urban,ELS
Yes,73898,Business,Service Business,354020,126704,NA,NA,NA,NA,Urban,UNY
Yes,278271,Business,Fisheries,40271,32384,NA,NA,NA,NA,Rural,MFS
Yes,342285,Business,Grocery Shop,369807,369640,NA,NA,NA,NA,Rural,UNY
Yes,184762,Education,NA,3813803,1140378,Graduate,Nursing,Management,No,Rural,NO_ELIGIBLE_SCHEME
Yes,307001,Education,NA,2486481,66634,12th,BCA,Professional,Yes,Urban,ELS
Yes,403600,Business,Computer Centre,2396791,1982367,NA,NA,NA,NA,Rural,TERM_LOAN
Yes,190457,Business,Service Business,4376182,3841798,NA,NA,NA,NA,Rural,TERM_LOAN
Yes,101055,Business,Computer Centre,122098,98432,NA,NA,NA,NA,Urban,AMY
Yes,467999,Business,Poultry,62072,26781,NA,NA,NA,NA,Rural,AMY
Yes,651507,Business,Computer Centre,217381,282113,NA,NA,NA,NA,Rural,NO_ELIGIBLE_SCHEME
Yes,87759,Business,Grocery Shop,364458,165335,NA,NA,NA,NA,Urban,UNY
Yes,111353,Education,NA,228052,228052,Postgraduate,MCA,Medical,Yes,Urban,ELS
Yes,229002,Business,Food Business,3085185,1804593,NA,NA,NA,NA,Rural,TERM_LOAN
Yes,299790,Business,Small Manufacturing,1927837,964651,NA,NA,NA,NA,Urban,TERM_LOAN
Yes,327566,Business,Repair Shop,35210,18106,NA,NA,NA,NA,Urban,MFS
Yes,350919,Education,NA,1393380,959504,Graduate,Nursing,Management,Yes,Rural,ELS
Yes,491485,Business,Poultry,258172,124221,NA,NA,NA,NA,Urban,UNY
Yes,342800,Education,NA,3552359,3551997,Postgraduate,Pharmacy,Professional,No,Rural,NO_ELIGIBLE_SCHEME
Yes,275449,Business,Repair Shop,469833,441214,NA,NA,NA,NA,Urban,UNY
Yes,497546,Business,Transport,78076,77185,NA,NA,NA,NA,Urban,AMY
Yes,630127,Business,Tailoring,335256,47751,NA,NA,NA,NA,Urban,NO_ELIGIBLE_SCHEME
Yes,271612,Education,NA,3491830,2772670,Graduate,Pharmacy,Professional,Yes,Rural,ELS
Yes,491020,Education,NA,4469679,1838592,Postgraduate,Law,Management,Yes,Urban,ELS
Yes,70349,Business,Transport,123059,33345,NA,NA,NA,NA,Urban,AMY
Yes,223827,Business,Grocery Shop,138705,116022,NA,NA,NA,NA,Rural,MFS
Yes,379906,Business,Repair Shop,5000000,5000000,NA,NA,NA,NA,Rural,NO_ELIGIBLE_SCHEME
Yes,64024,Business,Small Manufacturing,7687361,6073165,NA,NA,NA,NA,Rural,NO_ELIGIBLE_SCHEME
Yes,93314,Business,Computer Centre,4274257,1008728,NA,NA,NA,NA,Rural,TERM_LOAN
Yes,183828,Business,Computer Centre,55457,38593,NA,NA,NA,NA,Urban,AMY
Yes,91991,Business,Service Business,406847,347809,NA,NA,NA,NA,Rural,UNY
Yes,225754,Business,Repair Shop,337648,64844,NA,NA,NA,NA,Rural,UNY
Yes,147466,Business,Transport,1391291,177947,NA,NA,NA,NA,Rural,TERM_LOAN
Yes,233972,Education,NA,2131032,266069,Graduate,Pharmacy,Medical,No,Urban,NO_ELIGIBLE_SCHEME
Yes,407674,Education,NA,4023205,2387612,12th,Nursing,Professional,Yes,Urban,ELS
Yes,245808,Business,Tailoring,68639,64562,NA,NA,NA,NA,Urban,AMY
Yes,327014,Business,Small Manufacturing,5000000,5000000,NA,NA,NA,NA,Rural,NO_ELIGIBLE_SCHEME
Yes,250384,Business,Service Business,398322,357423,NA,NA,NA,NA,Rural,UNY
Yes,232763,Education,NA,2710131,1547704,Graduate,Law,Medical,Yes,Urban,ELS
No,83841,Business,Fisheries,164818,325628,NA,NA,NA,NA,Rural,NO_ELIGIBLE_SCHEME
Yes,315766,Business,Computer Centre,41900,36207,NA,NA,NA,NA,Urban,AMY
Yes,377494,Education,NA,4314758,918129,12th,BTech,Medical,Yes,Rural,ELS
Yes,84318,Business,Food Business,102498,63356,NA,NA,NA,NA,Rural,MFS
Yes,271681,Education,NA,1962673,873253,Graduate,Pharmacy,Medical,Yes,Urban,ELS
Yes,247675,Business,Service Business,36094,27677,NA,NA,NA,NA,Rural,AMY
Yes,71024,Business,Repair Shop,5000000,5000000,NA,NA,NA,NA,Rural,NO_ELIGIBLE_SCHEME
Yes,397593,Business,Computer Centre,80940,45561,NA,NA,NA,NA,Rural,MFS
Yes,410017,Business,Tailoring,189679,182555,NA,NA,NA,NA,Rural,UNY
Yes,98034,Business,Food Business,332483,158878,NA,NA,NA,NA,Rural,TERM_LOAN
Yes,373097,Business,Transport,115147,12153,NA,NA,NA,NA,Rural,AMY
Yes,433212,Education,NA,3289239,62681,Postgraduate,MBA,Management,No,Urban,NO_ELIGIBLE_SCHEME
Yes,310500,Business,Computer Centre,7812599,5054120,NA,NA,NA,NA,Rural,NO_ELIGIBLE_SCHEME
Yes,373141,Education,NA,220390,1352161,Postgraduate,Law,Professional,No,Urban,NO_ELIGIBLE_SCHEME
Yes,408343,Business,Tailoring,6911021,5388359,NA,NA,NA,NA,Rural,NO_ELIGIBLE_SCHEME
Yes,362639,Business,Poultry,492004,93172,NA,NA,NA,NA,Urban,UNY
Yes,399844,Business,Small Manufacturing,382853,286964,NA,NA,NA,NA,Rural,UNY
Yes,492018,Education,NA,399199,399199,Postgraduate,Pharmacy,Technical,Yes,Urban,ELS
Yes,339570,Business,Grocery Shop,585270,179376,NA,NA,NA,NA,Urban,TERM_LOAN
Yes,165609,Business,Grocery Shop,135233,113550,NA,NA,NA,NA,Rural,AMY
Yes,426242,Business,Small Manufacturing,130945,11303,NA,NA,NA,NA,Rural,MFS
Yes,142516,Business,Poultry,7929727,5537125,NA,NA,NA,NA,Urban,NO_ELIGIBLE_SCHEME
Yes,693018,Business,Service Business,385874,222192,NA,NA,NA,NA,Rural,NO_ELIGIBLE_SCHEME
Yes,418743,Education,NA,881175,881175,Postgraduate,BCA,Medical,Yes,Rural,ELS
Yes,116505,Business,Computer Centre,384391,342437,NA,NA,NA,NA,Urban,UNY
Yes,273654,Business,Repair Shop,303180,219537,NA,NA,NA,NA,Urban,TERM_LOAN
Yes,157905,Business,Transport,136988,113845,NA,NA,NA,NA,Rural,AMY
Yes,525740,Business,Service Business,187365,249656,NA,NA,NA,NA,Rural,NO_ELIGIBLE_SCHEME
Yes,89380,Business,Food Business,99594,57682,NA,NA,NA,NA,Urban,AMY
Yes,121647,Business,Food Business,39429,20919,NA,NA,NA,NA,Rural,AMY
Yes,172612,Business,Transport,457978,254601,NA,NA,NA,NA,Rural,UNY
Yes,304731,Business,Food Business,55362,30826,NA,NA,NA,NA,Urban,MFS
Yes,394772,Business,Computer Centre,44335,26268,NA,NA,NA,NA,Rural,MFS
Yes,273675,Business,Food Business,2020285,401964,NA,NA,NA,NA,Urban,TERM_LOAN
Yes,365603,Education,NA,682539,682539,Postgraduate,BTech,Technical,Yes,Rural,ELS
Yes,350115,Business,Food Business,317457,145013,NA,NA,NA,NA,Rural,UNY
Yes,498926,Business,Small Manufacturing,1004624,660820,NA,NA,NA,NA,Rural,TERM_LOAN
Yes,415765,Business,Small Manufacturing,78546,15693,NA,NA,NA,NA,Urban,MFS
Yes,54541,Business,Poultry,4380295,1626206,NA,NA,NA,NA,Urban,TERM_LOAN
Yes,422018,Business,Small Manufacturing,38600,20194,NA,NA,NA,NA,Urban,MFS
Yes,50781,Business,Fisheries,328366,197413,NA,NA,NA,NA,Rural,UNY
Yes,382129,Business,Transport,110541,66847,NA,NA,NA,NA,Urban,MFS
Yes,335507,Business,Fisheries,85723,25043,NA,NA,NA,NA,Rural,MFS
Yes,435855,Business,Poultry,134036,114336,NA,NA,NA,NA,Rural,MFS
Yes,297410,Business,Fisheries,1627694,1354072,NA,NA,NA,NA,Urban,TERM_LOAN
Yes,493290,Business,Grocery Shop,216359,76592,NA,NA,NA,NA,Rural,UNY
Yes,81788,Business,Computer Centre,45083,27648,NA,NA,NA,NA,Urban,MFS
Yes,295429,Business,Computer Centre,1575287,560459,NA,NA,NA,NA,Rural,TERM_LOAN
Yes,102516,Business,Repair Shop,357477,248117,NA,NA,NA,NA,Urban,UNY
No,446530,Business,Grocery Shop,228429,366887,NA,NA,NA,NA,Rural,NO_ELIGIBLE_SCHEME
Yes,680856,Business,Grocery Shop,349972,383131,NA,NA,NA,NA,Rural,NO_ELIGIBLE_SCHEME
Yes,449131,Business,Fisheries,152971,144928,NA,NA,NA,NA,Urban,UNY
Yes,210431,Business,Transport,81891,38651,NA,NA,NA,NA,Urban,AMY
Yes,474386,Education,NA,1495705,780435,Graduate,BTech,Medical,Yes,Rural,ELS
Yes,87676,Education,NA,2717336,1084209,Graduate,BCA,Management,Yes,Rural,ELS
Yes,158998,Business,Grocery Shop,2967117,2481564,NA,NA,NA,NA,Rural,TERM_LOAN
Yes,252541,Business,Computer Centre,278260,38119,NA,NA,NA,NA,Rural,UNY
Yes,182889,Business,Transport,164660,131734,NA,NA,NA,NA,Rural,UNY
Yes,432380,Education,NA,2114592,2114592,Postgraduate,Pharmacy,Medical,Yes,Urban,ELS
Yes,237993,Business,Small Manufacturing,420307,157468,NA,NA,NA,NA,Rural,UNY
Yes,198417,Business,Poultry,114133,65898,NA,NA,NA,NA,Rural,AMY
Yes,70675,Business,Small Manufacturing,379456,336516,NA,NA,NA,NA,Urban,UNY
Yes,260387,Business,Tailoring,45789,18670,NA,NA,NA,NA,Urban,AMY
Yes,131479,Business,Grocery Shop,47840,17141,NA,NA,NA,NA,Rural,MFS
Yes,282767,Business,Grocery Shop,350028,305889,NA,NA,NA,NA,Urban,UNY
Yes,297761,Business,Grocery Shop,94003,42441,NA,NA,NA,NA,Rural,AMY
Yes,79289,Business,Poultry,138504,39437,NA,NA,NA,NA,Rural,AMY
Yes,343126,Business,Small Manufacturing,53425,34262,NA,NA,NA,NA,Urban,MFS
Yes,338727,Business,Fisheries,3593539,2910213,NA,NA,NA,NA,Rural,TERM_LOAN
Yes,272367,Business,Grocery Shop,837632,392572,NA,NA,NA,NA,Urban,TERM_LOAN
Yes,448636,Business,Computer Centre,84817,32439,NA,NA,NA,NA,Rural,MFS
Yes,468354,Business,Service Business,235994,115970,NA,NA,NA,NA,Urban,UNY
Yes,457610,Business,Repair Shop,2560480,1901917,NA,NA,NA,NA,Urban,TERM_LOAN
Yes,94378,Education,NA,3243611,3243611,Postgraduate,MCA,Technical,Yes,Rural,ELS
Yes,67122,Business,Computer Centre,365031,150792,NA,NA,NA,NA,Urban,TERM_LOAN
Yes,156017,Business,Fisheries,137286,102319,NA,NA,NA,NA,Urban,AMY
Yes,58976,Business,Computer Centre,104834,56585,NA,NA,NA,NA,Urban,AMY
Yes,262902,Business,Grocery Shop,303908,78164,NA,NA,NA,NA,Urban,UNY
Yes,59107,Business,Poultry,3697516,2410578,NA,NA,NA,NA,Rural,TERM_LOAN
Yes,703882,Business,Poultry,484178,321486,NA,NA,NA,NA,Rural,NO_ELIGIBLE_SCHEME
Yes,467445,Business,Tailoring,288730,197260,NA,NA,NA,NA,Rural,UNY
Yes,206337,Business,Poultry,951702,767433,NA,NA,NA,NA,Rural,TERM_LOAN
Yes,239361,Business,Tailoring,2817034,299868,NA,NA,NA,NA,Rural,TERM_LOAN
Yes,372126,Education,NA,3744156,3744156,Graduate,Law,Management,Yes,Rural,ELS
Yes,198098,Business,Computer Centre,124734,19626,NA,NA,NA,NA,Urban,AMY
Yes,406912,Business,Poultry,116577,51888,NA,NA,NA,NA,Rural,MFS
Yes,354256,Business,Small Manufacturing,133105,41804,NA,NA,NA,NA,Urban,AMY
Yes,272293,Business,Tailoring,3581607,3354814,NA,NA,NA,NA,Rural,TERM_LOAN
Yes,272573,Business,Transport,1866160,176724,NA,NA,NA,NA,Urban,TERM_LOAN
Yes,399336,Education,NA,3295137,1986887,12th,Nursing,Medical,Yes,Urban,ELS
Yes,91755,Business,Service Business,3891525,3835572,NA,NA,NA,NA,Rural,TERM_LOAN
Yes,404734,Business,Small Manufacturing,5000000,5000000,NA,NA,NA,NA,Rural,NO_ELIGIBLE_SCHEME
No,198636,Business,Repair Shop,185578,179992,NA,NA,NA,NA,Urban,NO_ELIGIBLE_SCHEME
Yes,196654,Business,Service Business,130191,82070,NA,NA,NA,NA,Rural,MFS
Yes,479662,Business,Grocery Shop,93999,85527,NA,NA,NA,NA,Urban,MFS
No,104822,Business,Small Manufacturing,411111,364528,NA,NA,NA,NA,Rural,NO_ELIGIBLE_SCHEME
Yes,273002,Business,Poultry,63315,54336,NA,NA,NA,NA,Rural,AMY
Yes,261128,Business,Grocery Shop,199093,125291,NA,NA,NA,NA,Rural,UNY
Yes,222102,Business,Transport,2309501,2110838,NA,NA,NA,NA,Rural,TERM_LOAN
Yes,191740,Business,Computer Centre,495010,95221,NA,NA,NA,NA,Urban,UNY
Yes,201830,Business,Repair Shop,142317,33716,NA,NA,NA,NA,Rural,UNY
Yes,267328,Education,NA,2662004,2904126,12th,MCA,Professional,No,Urban,NO_ELIGIBLE_SCHEME
Yes,61366,Business,Repair Shop,3223721,554632,NA,NA,NA,NA,Urban,TERM_LOAN
Yes,442255,Business,Small Manufacturing,4509380,4124766,NA,NA,NA,NA,Urban,TERM_LOAN
Yes,443327,Business,Food Business,266198,53033,NA,NA,NA,NA,Rural,UNY
Yes,435877,Business,Transport,124036,107382,NA,NA,NA,NA,Urban,AMY
Yes,398374,Business,Food Business,6644669,6422306,NA,NA,NA,NA,Urban,NO_ELIGIBLE_SCHEME
Yes,101366,Business,Repair Shop,7148635,5523475,NA,NA,NA,NA,Urban,NO_ELIGIBLE_SCHEME
Yes,381451,Business,Transport,113084,111897,NA,NA,NA,NA,Rural,MFS
Yes,343868,Business,Grocery Shop,4072212,2400141,NA,NA,NA,NA,Rural,TERM_LOAN
Yes,285812,Business,Tailoring,2306537,2253111,NA,NA,NA,NA,Rural,TERM_LOAN
Yes,449703,Business,Fisheries,109822,100769,NA,NA,NA,NA,Urban,MFS
Yes,52553,Education,NA,2541829,2541829,Postgraduate,MCA,Technical,Yes,Rural,ELS
Yes,105585,Business,Service Business,409643,169941,NA,NA,NA,NA,Urban,UNY
Yes,142683,Business,Poultry,173677,46943,NA,NA,NA,NA,Rural,UNY
Yes,492682,Business,Poultry,47368,13843,NA,NA,NA,NA,Rural,MFS
Yes,342727,Business,Transport,263144,116677,NA,NA,NA,NA,Rural,UNY
Yes,210238,Business,Poultry,233996,97253,NA,NA,NA,NA,Rural,TERM_LOAN
Yes,292640,Business,Food Business,256688,141577,NA,NA,NA,NA,Rural,UNY
Yes,127267,Business,Computer Centre,85985,60512,NA,NA,NA,NA,Urban,AMY
Yes,376499,Education,NA,424677,363738,Graduate,Pharmacy,Professional,No,Rural,NO_ELIGIBLE_SCHEME
Yes,248091,Business,Poultry,297750,45247,NA,NA,NA,NA,Rural,UNY
Yes,298057,Business,Small Manufacturing,3559464,2181780,NA,NA,NA,NA,Urban,TERM_LOAN
Yes,161853,Business,Food Business,196603,85987,NA,NA,NA,NA,Urban,UNY
Yes,188678,Business,Poultry,209857,116404,NA,NA,NA,NA,Rural,UNY
Yes,381866,Education,NA,1588537,1725149,Postgraduate,Nursing,Medical,No,Rural,NO_ELIGIBLE_SCHEME
Yes,278500,Business,Repair Shop,3144720,2739916,NA,NA,NA,NA,Rural,TERM_LOAN
Yes,305514,Business,Small Manufacturing,135773,124290,NA,NA,NA,NA,Urban,AMY
Yes,193295,Business,Service Business,119313,78547,NA,NA,NA,NA,Rural,AMY
Yes,457005,Business,Computer Centre,3928787,1233803,NA,NA,NA,NA,Rural,TERM_LOAN
Yes,100142,Business,Computer Centre,5000000,5000000,NA,NA,NA,NA,Urban,NO_ELIGIBLE_SCHEME
Yes,283610,Business,Small Manufacturing,76052,50381,NA,NA,NA,NA,Rural,MFS
Yes,191058,Business,Tailoring,116231,53681,NA,NA,NA,NA,Rural,AMY
Yes,430637,Business,Service Business,155504,100384,NA,NA,NA,NA,Urban,UNY
Yes,239729,Business,Grocery Shop,88328,63729,NA,NA,NA,NA,Urban,AMY
Yes,118501,Business,Food Business,119714,105325,NA,NA,NA,NA,Urban,MFS
Yes,555937,Business,Repair Shop,240262,219097,NA,NA,NA,NA,Rural,NO_ELIGIBLE_SCHEME
Yes,154587,Business,Poultry,46920,21356,NA,NA,NA,NA,Urban,MFS
No,280330,Business,Poultry,416284,120842,NA,NA,NA,NA,Rural,NO_ELIGIBLE_SCHEME
Yes,251574,Business,Tailoring,467885,273585,NA,NA,NA,NA,Rural,UNY
Yes,60811,Business,Tailoring,141038,32990,NA,NA,NA,NA,Urban,UNY
Yes,500027,Business,Tailoring,224157,122297,NA,NA,NA,NA,Urban,NO_ELIGIBLE_SCHEME
Yes,105149,Business,Repair Shop,37425,30907,NA,NA,NA,NA,Urban,AMY
Yes,159754,Business,Transport,3746112,3246195,NA,NA,NA,NA,Urban,TERM_LOAN
Yes,105690,Business,Food Business,42653,31799,NA,NA,NA,NA,Urban,AMY
Yes,327175,Education,NA,2792403,931379,Graduate,Pharmacy,Medical,Yes,Rural,ELS
Yes,495644,Business,Tailoring,2464516,512712,NA,NA,NA,NA,Urban,TERM_LOAN
Yes,257220,Business,Tailoring,303413,112811,NA,NA,NA,NA,Rural,UNY
Yes,369605,Education,NA,3880911,1027333,Graduate,Pharmacy,Medical,Yes,Rural,ELS
Yes,289885,Business,Fisheries,120159,52584,NA,NA,NA,NA,Urban,MFS
Yes,267194,Education,NA,1905641,1905641,Postgraduate,Medical,Medical,Yes,Rural,ELS
Yes,283788,Business,Transport,5000000,5000000,NA,NA,NA,NA,Rural,NO_ELIGIBLE_SCHEME
Yes,106561,Business,Small Manufacturing,359790,77260,NA,NA,NA,NA,Rural,UNY
Yes,317975,Education,NA,2374315,299774,Graduate,BCA,Technical,Yes,Rural,ELS
Yes,135057,Education,NA,1011054,3283442,12th,Medical,Technical,No,Urban,NO_ELIGIBLE_SCHEME
Yes,448905,Education,NA,409883,409883,Postgraduate,Law,Medical,Yes,Rural,ELS
Yes,141645,Business,Food Business,119959,111699,NA,NA,NA,NA,Rural,MFS
Yes,189602,Business,Poultry,212232,139227,NA,NA,NA,NA,Rural,UNY
Yes,287070,Business,Poultry,90768,70868,NA,NA,NA,NA,Rural,AMY
Yes,214714,Business,Service Business,71947,41765,NA,NA,NA,NA,Rural,AMY
Yes,101731,Business,Tailoring,339824,45224,NA,NA,NA,NA,Urban,UNY
Yes,423401,Business,Food Business,69103,67263,NA,NA,NA,NA,Urban,AMY
Yes,366948,Business,Grocery Shop,1176661,63901,NA,NA,NA,NA,Rural,TERM_LOAN
Yes,289029,Education,NA,3816797,1098827,Postgraduate,Medical,Medical,Yes,Rural,ELS
Yes,207866,Business,Poultry,706682,376908,NA,NA,NA,NA,Urban,TERM_LOAN
Yes,115983,Education,NA,3037294,1282257,Postgraduate,MCA,Technical,Yes,Urban,ELS
Yes,101283,Education,NA,3257240,2058807,12th,BCA,Professional,Yes,Urban,ELS
Yes,51839,Business,Computer Centre,351958,120619,NA,NA,NA,NA,Urban,UNY
Yes,206881,Business,Computer Centre,4672664,4203568,NA,NA,NA,NA,Urban,TERM_LOAN
Yes,275421,Education,NA,783826,1163640,Graduate,Medical,Technical,No,Urban,NO_ELIGIBLE_SCHEME
Yes,241295,Business,Poultry,3559769,1825375,NA,NA,NA,NA,Rural,TERM_LOAN
Yes,449464,Education,NA,1636813,806782,Graduate,MCA,Medical,Yes,Rural,ELS
Yes,452406,Business,Food Business,423284,377572,NA,NA,NA,NA,Urban,TERM_LOAN
Yes,88736,Business,Food Business,1068184,1026829,NA,NA,NA,NA,Rural,TERM_LOAN
Yes,389489,Education,NA,2294668,2294668,Postgraduate,Pharmacy,Professional,Yes,Rural,ELS
Yes,94687,Business,Repair Shop,96194,32447,NA,NA,NA,NA,Urban,MFS
Yes,86973,Business,Tailoring,5000000,5000000,NA,NA,NA,NA,Rural,NO_ELIGIBLE_SCHEME
Yes,352643,Education,NA,3428360,3428360,Postgraduate,MCA,Management,Yes,Rural,ELS
Yes,107803,Education,NA,1707982,949670,Postgraduate,Engineering,Medical,No,Rural,NO_ELIGIBLE_SCHEME
Yes,256865,Business,Tailoring,206342,201510,NA,NA,NA,NA,Rural,UNY
Yes,361665,Business,Poultry,111916,71432,NA,NA,NA,NA,Rural,AMY
Yes,267018,Business,Tailoring,78589,51015,NA,NA,NA,NA,Rural,MFS
Yes,345544,Business,Repair Shop,125285,112894,NA,NA,NA,NA,Rural,MFS
Yes,462594,Business,Grocery Shop,118629,22722,NA,NA,NA,NA,Rural,AMY
Yes,219176,Education,NA,2553327,1050970,Graduate,MCA,Management,Yes,Urban,ELS
Yes,192518,Business,Transport,82461,69839,NA,NA,NA,NA,Urban,MFS
Yes,310041,Education,NA,1177978,1177978,Postgraduate,MCA,Professional,Yes,Urban,ELS
Yes,421732,Education,NA,1319068,1319068,Graduate,BCA,Technical,Yes,Urban,ELS
Yes,145003,Education,NA,1724634,1724634,Graduate,BTech,Professional,Yes,Urban,ELS
No,236305,Business,Fisheries,252019,188477,NA,NA,NA,NA,Rural,NO_ELIGIBLE_SCHEME
Yes,73709,Business,Computer Centre,171858,70444,NA,NA,NA,NA,Rural,UNY
Yes,402418,Business,Grocery Shop,2984185,914062,NA,NA,NA,NA,Urban,TERM_LOAN
Yes,336365,Education,NA,1448955,1448955,12th,Law,Technical,Yes,Urban,ELS
Yes,210972,Business,Food Business,46554,32781,NA,NA,NA,NA,Urban,AMY
Yes,152752,Education,NA,3702345,3488585,Postgraduate,Nursing,Medical,No,Urban,NO_ELIGIBLE_SCHEME
Yes,261245,Business,Food Business,2519748,2442661,NA,NA,NA,NA,Rural,TERM_LOAN
Yes,364755,Business,Service Business,101535,29391,NA,NA,NA,NA,Urban,AMY
Yes,115566,Business,Tailoring,424489,311634,NA,NA,NA,NA,Rural,UNY
Yes,86024,Business,Small Manufacturing,298617,161321,NA,NA,NA,NA,Urban,UNY
Yes,332263,Education,NA,4276381,3357010,Graduate,Law,Management,Yes,Rural,ELS
Yes,163731,Education,NA,3768998,2237638,Postgraduate,Law,Professional,Yes,Urban,ELS
Yes,129825,Business,Small Manufacturing,82059,37889,NA,NA,NA,NA,Rural,AMY
Yes,342716,Education,NA,1227091,1227091,Postgraduate,Medical,Medical,Yes,Urban,ELS
Yes,427839,Business,Service Business,5000000,5000000,NA,NA,NA,NA,Rural,NO_ELIGIBLE_SCHEME
Yes,243293,Education,NA,2724147,1686602,Postgraduate,Law,Professional,No,Rural,NO_ELIGIBLE_SCHEME
Yes,335310,Business,Repair Shop,5000000,5000000,NA,NA,NA,NA,Urban,NO_ELIGIBLE_SCHEME
Yes,358578,Business,Transport,497026,134579,NA,NA,NA,NA,Urban,UNY
Yes,440215,Business,Fisheries,76362,20363,NA,NA,NA,NA,Rural,AMY
Yes,403073,Business,Poultry,268899,80953,NA,NA,NA,NA,Rural,UNY
Yes,95286,Business,Service Business,33160,15308,NA,NA,NA,NA,Rural,AMY
Yes,319887,Business,Transport,487541,360549,NA,NA,NA,NA,Rural,UNY
Yes,283967,Business,Repair Shop,125703,110745,NA,NA,NA,NA,Rural,MFS
Yes,359509,Business,Grocery Shop,108861,24129,NA,NA,NA,NA,Rural,AMY
Yes,357566,Education,NA,2518212,796726,Postgraduate,MBA,Medical,Yes,Urban,ELS
Yes,143240,Business,Small Manufacturing,2451839,2321205,NA,NA,NA,NA,Rural,TERM_LOAN
Yes,226454,Business,Service Business,284233,272794,NA,NA,NA,NA,Rural,UNY
Yes,406985,Business,Tailoring,336325,129358,NA,NA,NA,NA,Rural,UNY
Yes,276562,Business,Transport,113948,96154,NA,NA,NA,NA,Rural,MFS
Yes,104136,Business,Computer Centre,1404454,674553,NA,NA,NA,NA,Urban,TERM_LOAN
Yes,148395,Business,Fisheries,70873,55971,NA,NA,NA,NA,Rural,AMY
Yes,259746,Business,Food Business,115166,31406,NA,NA,NA,NA,Rural,AMY
Yes,597642,Business,Repair Shop,111214,173898,NA,NA,NA,NA,Urban,NO_ELIGIBLE_SCHEME
Yes,144467,Business,Transport,155513,142766,NA,NA,NA,NA,Rural,UNY
Yes,458615,Business,Fisheries,4040479,3105945,NA,NA,NA,NA,Urban,TERM_LOAN
Yes,342788,Business,Tailoring,6297970,6480925,NA,NA,NA,NA,Urban,NO_ELIGIBLE_SCHEME
Yes,441203,Education,NA,2309994,2309994,Postgraduate,BTech,Medical,Yes,Urban,ELS
Yes,428943,Business,Poultry,97070,17321,NA,NA,NA,NA,Urban,AMY
Yes,279929,Business,Poultry,37425,14152,NA,NA,NA,NA,Urban,AMY
Yes,204889,Business,Poultry,2778782,1353658,NA,NA,NA,NA,Rural,TERM_LOAN
Yes,210471,Business,Computer Centre,453971,56940,NA,NA,NA,NA,Urban,UNY
Yes,71136,Business,Fisheries,250084,145487,NA,NA,NA,NA,Urban,UNY
Yes,290145,Business,Computer Centre,95459,29055,NA,NA,NA,NA,Rural,MFS
Yes,401129,Business,Computer Centre,64179,23386,NA,NA,NA,NA,Rural,MFS
Yes,451710,Business,Repair Shop,42032,18644,NA,NA,NA,NA,Rural,AMY
No,64679,Business,Computer Centre,373489,277295,NA,NA,NA,NA,Urban,NO_ELIGIBLE_SCHEME
Yes,321245,Business,Transport,3699230,3400549,NA,NA,NA,NA,Rural,TERM_LOAN
Yes,377843,Business,Computer Centre,70116,36453,NA,NA,NA,NA,Urban,AMY
No,212212,Business,Fisheries,91503,52193,NA,NA,NA,NA,Urban,NO_ELIGIBLE_SCHEME
Yes,415419,Business,Poultry,443073,216195,NA,NA,NA,NA,Rural,UNY
Yes,493797,Education,NA,2907158,1182142,Postgraduate,Medical,Medical,Yes,Urban,ELS
Yes,465599,Education,NA,3446613,3446613,Postgraduate,BTech,Medical,Yes,Rural,ELS
Yes,473803,Business,Service Business,34898,33946,NA,NA,NA,NA,Urban,MFS
Yes,482804,Business,Transport,2036612,207793,NA,NA,NA,NA,Rural,TERM_LOAN
Yes,140958,Business,Small Manufacturing,4600177,426270,NA,NA,NA,NA,Rural,TERM_LOAN
Yes,674134,Business,Small Manufacturing,453130,144629,NA,NA,NA,NA,Urban,NO_ELIGIBLE_SCHEME
Yes,296667,Business,Repair Shop,678866,345610,NA,NA,NA,NA,Urban,TERM_LOAN
Yes,156476,Business,Service Business,31699,18235,NA,NA,NA,NA,Urban,MFS
Yes,344585,Business,Poultry,76683,73249,NA,NA,NA,NA,Urban,AMY
Yes,370483,Business,Grocery Shop,62092,41138,NA,NA,NA,NA,Urban,MFS
Yes,110707,Business,Transport,36322,32601,NA,NA,NA,NA,Urban,MFS
Yes,490805,Business,Small Manufacturing,50103,34537,NA,NA,NA,NA,Urban,AMY
Yes,180979,Business,Poultry,5000000,5000000,NA,NA,NA,NA,Rural,NO_ELIGIBLE_SCHEME
Yes,166180,Business,Transport,42196,19641,NA,NA,NA,NA,Rural,MFS
Yes,434692,Business,Grocery Shop,828152,698149,NA,NA,NA,NA,Rural,TERM_LOAN
Yes,155973,Business,Fisheries,4107741,337969,NA,NA,NA,NA,Urban,TERM_LOAN
Yes,201438,Business,Food Business,5000000,5000000,NA,NA,NA,NA,Urban,NO_ELIGIBLE_SCHEME
Yes,157110,Education,NA,3798764,3105298,Graduate,BCA,Management,Yes,Rural,ELS
Yes,87047,Business,Tailoring,329450,228383,NA,NA,NA,NA,Rural,UNY
Yes,215404,Education,NA,1124670,1124670,Postgraduate,MBA,Medical,Yes,Urban,ELS
Yes,442613,Business,Repair Shop,6069072,5324121,NA,NA,NA,NA,Rural,NO_ELIGIBLE_SCHEME
Yes,371343,Business,Tailoring,49484,46591,NA,NA,NA,NA,Rural,MFS
Yes,170900,Business,Grocery Shop,477597,39706,NA,NA,NA,NA,Rural,UNY
Yes,284654,Education,NA,4443678,288576,12th,Engineering,Professional,Yes,Urban,ELS
Yes,458051,Business,Fisheries,135668,87837,NA,NA,NA,NA,Rural,AMY
Yes,316108,Business,Repair Shop,79105,39351,NA,NA,NA,NA,Urban,AMY
Yes,163787,Business,Computer Centre,370619,66348,NA,NA,NA,NA,Urban,UNY
Yes,187156,Business,Computer Centre,103696,52361,NA,NA,NA,NA,Urban,AMY
Yes,420529,Business,Fisheries,2348536,801643,NA,NA,NA,NA,Rural,TERM_LOAN
Yes,181281,Education,NA,1301719,1301719,12th,Law,Technical,Yes,Urban,ELS
No,238190,Business,Fisheries,118816,107456,NA,NA,NA,NA,Rural,NO_ELIGIBLE_SCHEME
Yes,397761,Business,Repair Shop,1188638,865666,NA,NA,NA,NA,Urban,TERM_LOAN
Yes,248425,Education,NA,765102,765102,Graduate,Pharmacy,Professional,Yes,Rural,ELS
Yes,156897,Business,Small Manufacturing,226311,39017,NA,NA,NA,NA,Urban,UNY
Yes,471973,Business,Small Manufacturing,352252,125091,NA,NA,NA,NA,Urban,UNY
Yes,158950,Education,NA,3251619,1600990,Postgraduate,MCA,Management,No,Rural,NO_ELIGIBLE_SCHEME
Yes,150468,Business,Small Manufacturing,228983,33049,NA,NA,NA,NA,Urban,UNY
Yes,424276,Education,NA,3788082,2381746,Graduate,MBA,Management,Yes,Urban,ELS
Yes,266496,Business,Transport,75955,70810,NA,NA,NA,NA,Rural,AMY
Yes,384083,Education,NA,2537531,2537531,Graduate,MCA,Management,Yes,Rural,ELS
Yes,338609,Business,Small Manufacturing,2438217,621995,NA,NA,NA,NA,Urban,TERM_LOAN
Yes,315414,Business,Grocery Shop,52942,36681,NA,NA,NA,NA,Rural,MFS
Yes,242967,Business,Small Manufacturing,1809223,1670474,NA,NA,NA,NA,Rural,TERM_LOAN
Yes,453163,Education,NA,3073749,1592206,Postgraduate,Pharmacy,Medical,No,Rural,NO_ELIGIBLE_SCHEME
Yes,265382,Business,Computer Centre,117819,26021,NA,NA,NA,NA,Urban,MFS
Yes,106642,Business,Grocery Shop,49316,39794,NA,NA,NA,NA,Urban,MFS
Yes,330122,Business,Tailoring,126895,16285,NA,NA,NA,NA,Rural,AMY
Yes,175389,Business,Fisheries,3933148,307673,NA,NA,NA,NA,Rural,TERM_LOAN
Yes,423887,Business,Repair Shop,58873,39067,NA,NA,NA,NA,Urban,AMY
Yes,231987,Business,Grocery Shop,422179,335949,NA,NA,NA,NA,Urban,UNY
Yes,362570,Education,NA,2743395,2743395,Graduate,Engineering,Management,Yes,Urban,ELS
Yes,495963,Business,Service Business,499444,348908,NA,NA,NA,NA,Urban,UNY
Yes,752858,Business,Grocery Shop,373687,363408,NA,NA,NA,NA,Urban,NO_ELIGIBLE_SCHEME
Yes,93828,Business,Repair Shop,62550,60470,NA,NA,NA,NA,Rural,AMY
Yes,388777,Business,Poultry,1955190,536721,NA,NA,NA,NA,Urban,TERM_LOAN
Yes,252481,Business,Repair Shop,361583,241196,NA,NA,NA,NA,Urban,TERM_LOAN
Yes,405119,Education,NA,2714715,2714715,12th,Law,Medical,Yes,Rural,ELS
Yes,157249,Business,Grocery Shop,400139,40562,NA,NA,NA,NA,Rural,UNY
Yes,152009,Business,Small Manufacturing,345199,141495,NA,NA,NA,NA,Rural,UNY
Yes,71300,Education,NA,395429,395429,Postgraduate,Nursing,Professional,Yes,Rural,ELS
Yes,466255,Business,Food Business,259230,239156,NA,NA,NA,NA,Rural,UNY
No,306999,Business,Fisheries,406661,170223,NA,NA,NA,NA,Urban,NO_ELIGIBLE_SCHEME
Yes,293896,Education,NA,1066945,526332,Postgraduate,MBA,Medical,Yes,Rural,ELS
Yes,65174,Education,NA,3567231,2161687,Graduate,Nursing,Professional,Yes,Rural,ELS
Yes,488567,Business,Small Manufacturing,87941,16259,NA,NA,NA,NA,Rural,AMY
Yes,499918,Business,Fisheries,148111,66470,NA,NA,NA,NA,Rural,UNY
Yes,492500,Education,NA,1592180,1592180,Graduate,Nursing,Professional,Yes,Rural,ELS
Yes,194577,Business,Transport,110854,60317,NA,NA,NA,NA,Rural,AMY
Yes,76431,Education,NA,1303547,1303547,Postgraduate,Engineering,Management,Yes,Urban,ELS
Yes,390065,Business,Poultry,57424,41530,NA,NA,NA,NA,Rural,MFS
Yes,386291,Education,NA,4271131,1176947,Postgraduate,Nursing,Management,Yes,Rural,ELS
Yes,127836,Education,NA,1879964,1879964,Postgraduate,Medical,Medical,Yes,Rural,ELS
Yes,286764,Business,Transport,7103005,6510157,NA,NA,NA,NA,Rural,NO_ELIGIBLE_SCHEME
Yes,437901,Business,Small Manufacturing,341520,63625,NA,NA,NA,NA,Urban,UNY
Yes,97983,Business,Tailoring,77277,23965,NA,NA,NA,NA,Urban,MFS
Yes,455324,Business,Tailoring,244101,217239,NA,NA,NA,NA,Urban,UNY
Yes,89571,Business,Repair Shop,3506650,2086026,NA,NA,NA,NA,Urban,TERM_LOAN
Yes,266650,Business,Small Manufacturing,128955,36698,NA,NA,NA,NA,Urban,MFS
Yes,260953,Business,Repair Shop,1917862,1050214,NA,NA,NA,NA,Urban,TERM_LOAN
Yes,223168,Business,Computer Centre,4787294,3196634,NA,NA,NA,NA,Rural,TERM_LOAN
Yes,63525,Education,NA,1672010,1672010,12th,MCA,Professional,Yes,Rural,ELS
Yes,613992,Business,Transport,181095,324282,NA,NA,NA,NA,Urban,NO_ELIGIBLE_SCHEME
Yes,319842,Business,Tailoring,230389,160549,NA,NA,NA,NA,Rural,UNY
Yes,236030,Business,Repair Shop,93904,37802,NA,NA,NA,NA,Urban,MFS
Yes,499699,Business,Poultry,117835,23710,NA,NA,NA,NA,Urban,MFS
Yes,340954,Business,Service Business,4841491,4197053,NA,NA,NA,NA,Rural,TERM_LOAN
Yes,150948,Business,Poultry,117464,46078,NA,NA,NA,NA,Rural,AMY
Yes,212857,Education,NA,292817,292817,Postgraduate,MBA,Technical,Yes,Urban,ELS
Yes,137671,Business,Computer Centre,3028987,1464047,NA,NA,NA,NA,Rural,TERM_LOAN
Yes,324945,Business,Food Business,371864,359643,NA,NA,NA,NA,Rural,UNY
Yes,371346,Business,Poultry,78435,13779,NA,NA,NA,NA,Rural,AMY
Yes,271530,Business,Computer Centre,41825,34788,NA,NA,NA,NA,Rural,MFS
Yes,78224,Business,Repair Shop,3484475,2101249,NA,NA,NA,NA,Rural,TERM_LOAN
Yes,348908,Business,Service Business,65280,15573,NA,NA,NA,NA,Rural,AMY
Yes,488461,Business,Transport,104843,94115,NA,NA,NA,NA,Urban,MFS
No,321935,Business,Poultry,218028,249267,NA,NA,NA,NA,Urban,NO_ELIGIBLE_SCHEME
No,408954,Business,Grocery Shop,219518,140804,NA,NA,NA,NA,Rural,NO_ELIGIBLE_SCHEME
Yes,349234,Business,Repair Shop,57696,17250,NA,NA,NA,NA,Rural,AMY
Yes,481423,Business,Service Business,344683,63497,NA,NA,NA,NA,Urban,UNY
No,464777,Business,Grocery Shop,368772,342399,NA,NA,NA,NA,Rural,NO_ELIGIBLE_SCHEME
Yes,77362,Business,Poultry,40195,39358,NA,NA,NA,NA,Urban,AMY
Yes,577893,Business,Service Business,374882,244133,NA,NA,NA,NA,Urban,NO_ELIGIBLE_SCHEME
Yes,285673,Business,Repair Shop,1241590,323754,NA,NA,NA,NA,Rural,TERM_LOAN
Yes,139252,Business,Service Business,70648,63842,NA,NA,NA,NA,Urban,AMY
Yes,295634,Business,Small Manufacturing,489554,337421,NA,NA,NA,NA,Urban,UNY
Yes,285014,Business,Grocery Shop,1361756,436361,NA,NA,NA,NA,Urban,TERM_LOAN
Yes,217785,Business,Small Manufacturing,3948334,1476835,NA,NA,NA,NA,Rural,TERM_LOAN
Yes,420347,Education,NA,3844247,2735047,Graduate,MBA,Medical,Yes,Urban,ELS
Yes,93362,Education,NA,2161118,2161118,Graduate,Nursing,Management,Yes,Urban,ELS
Yes,480632,Business,Computer Centre,4785396,775954,NA,NA,NA,NA,Urban,TERM_LOAN
Yes,252953,Business,Repair Shop,112215,85426,NA,NA,NA,NA,Urban,AMY
Yes,231294,Business,Poultry,459681,440279,NA,NA,NA,NA,Rural,UNY
Yes,372779,Business,Computer Centre,87403,25465,NA,NA,NA,NA,Urban,AMY
Yes,112206,Business,Poultry,259991,143943,NA,NA,NA,NA,Urban,UNY
Yes,69582,Business,Tailoring,205182,91143,NA,NA,NA,NA,Urban,UNY
Yes,237561,Business,Fisheries,86280,34368,NA,NA,NA,NA,Rural,AMY
Yes,296008,Business,Computer Centre,92518,15573,NA,NA,NA,NA,Urban,AMY
Yes,263269,Business,Grocery Shop,4732260,510904,NA,NA,NA,NA,Rural,TERM_LOAN
Yes,52049,Education,NA,2322966,1181748,Graduate,BTech,Professional,Yes,Rural,ELS
Yes,469473,Education,NA,3329967,2929331,Graduate,Pharmacy,Management,Yes,Urban,ELS
Yes,283397,Business,Transport,4751027,3608619,NA,NA,NA,NA,Rural,TERM_LOAN
Yes,93640,Business,Tailoring,2603490,1779243,NA,NA,NA,NA,Urban,TERM_LOAN
Yes,458604,Business,Transport,420040,160408,NA,NA,NA,NA,Urban,UNY
Yes,95063,Business,Tailoring,208153,47160,NA,NA,NA,NA,Rural,UNY
Yes,439925,Business,Food Business,47614,29692,NA,NA,NA,NA,Urban,MFS
Yes,122560,Business,Repair Shop,135022,89254,NA,NA,NA,NA,Rural,MFS
Yes,355863,Business,Transport,3884256,2971430,NA,NA,NA,NA,Rural,TERM_LOAN
Yes,690841,Business,Tailoring,433442,237274,NA,NA,NA,NA,Urban,NO_ELIGIBLE_SCHEME
Yes,76036,Business,Food Business,55971,22918,NA,NA,NA,NA,Urban,AMY
Yes,466419,Business,Repair Shop,84784,40818,NA,NA,NA,NA,Urban,AMY
Yes,313189,Business,Small Manufacturing,132926,122592,NA,NA,NA,NA,Rural,AMY
Yes,491091,Business,Tailoring,264657,199637,NA,NA,NA,NA,Urban,UNY
Yes,673122,Business,Grocery Shop,98953,93057,NA,NA,NA,NA,Rural,NO_ELIGIBLE_SCHEME
Yes,412631,Business,Small Manufacturing,148535,33261,NA,NA,NA,NA,Urban,UNY
Yes,81873,Business,Fisheries,35956,28552,NA,NA,NA,NA,Urban,AMY
Yes,380175,Business,Poultry,134563,63090,NA,NA,NA,NA,Rural,MFS
Yes,339767,Business,Tailoring,3267939,1515985,NA,NA,NA,NA,Urban,TERM_LOAN
Yes,485540,Business,Service Business,58163,34827,NA,NA,NA,NA,Rural,AMY
Yes,93636,Education,NA,695574,695574,Postgraduate,Law,Technical,Yes,Rural,ELS
Yes,414071,Education,NA,1229589,3326177,Graduate,BTech,Management,No,Urban,NO_ELIGIBLE_SCHEME
No,104902,Business,Computer Centre,114049,81594,NA,NA,NA,NA,Rural,NO_ELIGIBLE_SCHEME
Yes,288076,Business,Service Business,5000000,5000000,NA,NA,NA,NA,Urban,NO_ELIGIBLE_SCHEME
Yes,153773,Business,Grocery Shop,720567,72838,NA,NA,NA,NA,Urban,TERM_LOAN
Yes,281710,Business,Tailoring,362663,58366,NA,NA,NA,NA,Urban,UNY
Yes,156870,Education,NA,3947687,1311040,12th,Law,Technical,Yes,Rural,ELS
Yes,138867,Business,Poultry,119825,59903,NA,NA,NA,NA,Urban,MFS
No,104576,Business,Food Business,497623,93958,NA,NA,NA,NA,Rural,NO_ELIGIBLE_SCHEME
Yes,150222,Business,Computer Centre,52307,15768,NA,NA,NA,NA,Rural,AMY
Yes,282328,Business,Small Manufacturing,62742,14940,NA,NA,NA,NA,Rural,MFS
Yes,74587,Business,Small Manufacturing,7570207,6742414,NA,NA,NA,NA,Urban,NO_ELIGIBLE_SCHEME
Yes,284830,Business,Fisheries,71984,18878,NA,NA,NA,NA,Urban,AMY
Yes,467608,Education,NA,1444200,1927988,Graduate,Nursing,Technical,No,Urban,NO_ELIGIBLE_SCHEME
Yes,475437,Business,Computer Centre,95107,75898,NA,NA,NA,NA,Rural,MFS
No,276008,Business,Grocery Shop,275101,25687,NA,NA,NA,NA,Urban,NO_ELIGIBLE_SCHEME
Yes,409536,Business,Grocery Shop,3918808,917128,NA,NA,NA,NA,Urban,TERM_LOAN
Yes,349629,Business,Tailoring,4723385,2972483,NA,NA,NA,NA,Urban,TERM_LOAN
Yes,238176,Business,Computer Centre,104349,80163,NA,NA,NA,NA,Urban,MFS
Yes,480808,Business,Computer Centre,340008,214694,NA,NA,NA,NA,Urban,UNY
No,104055,Business,Fisheries,490217,77763,NA,NA,NA,NA,Urban,NO_ELIGIBLE_SCHEME
Yes,220811,Education,NA,525379,525379,12th,Pharmacy,Professional,Yes,Rural,ELS
Yes,226454,Business,Repair Shop,106810,23242,NA,NA,NA,NA,Urban,MFS
Yes,139609,Business,Service Business,359116,347932,NA,NA,NA,NA,Rural,UNY
Yes,161613,Business,Small Manufacturing,2673139,2102997,NA,NA,NA,NA,Urban,TERM_LOAN
Yes,318777,Business,Fisheries,139058,58163,NA,NA,NA,NA,Urban,MFS
Yes,164954,Education,NA,2132030,2132030,12th,Nursing,Management,Yes,Urban,ELS
Yes,268400,Business,Computer Centre,80014,60797,NA,NA,NA,NA,Rural,MFS
Yes,484707,Business,Transport,104758,58674,NA,NA,NA,NA,Rural,AMY
Yes,150881,Education,NA,607668,398779,Postgraduate,Law,Medical,Yes,Rural,ELS
Yes,70978,Business,Transport,111719,66479,NA,NA,NA,NA,Rural,AMY
Yes,106489,Business,Repair Shop,129413,51168,NA,NA,NA,NA,Urban,AMY
Yes,193401,Business,Poultry,2843560,670585,NA,NA,NA,NA,Rural,TERM_LOAN
Yes,354323,Business,Repair Shop,6435202,5150240,NA,NA,NA,NA,Rural,NO_ELIGIBLE_SCHEME
Yes,489078,Business,Service Business,125164,49132,NA,NA,NA,NA,Urban,MFS
Yes,495503,Education,NA,2929680,331453,Postgraduate,BTech,Management,Yes,Rural,ELS
Yes,393281,Business,Tailoring,36957,25235,NA,NA,NA,NA,Rural,MFS
Yes,294168,Business,Food Business,137184,46289,NA,NA,NA,NA,Rural,AMY
Yes,268540,Business,Computer Centre,257818,173780,NA,NA,NA,NA,Rural,UNY
Yes,347411,Business,Repair Shop,137338,12279,NA,NA,NA,NA,Rural,AMY
Yes,176551,Business,Service Business,79787,54221,NA,NA,NA,NA,Urban,AMY
Yes,53770,Business,Grocery Shop,107128,38864,NA,NA,NA,NA,Rural,MFS
Yes,72452,Education,NA,1382047,1382047,Postgraduate,BTech,Medical,Yes,Rural,ELS
Yes,166588,Education,NA,2950600,1031404,Postgraduate,Engineering,Management,Yes,Rural,ELS
Yes,368238,Education,NA,3230567,1706441,Graduate,Engineering,Professional,Yes,Rural,ELS
Yes,93172,Business,Tailoring,35104,29099,NA,NA,NA,NA,Rural,AMY
Yes,197232,Business,Repair Shop,130864,124868,NA,NA,NA,NA,Urban,AMY
Yes,357462,Business,Fisheries,7207668,6506810,NA,NA,NA,NA,Urban,NO_ELIGIBLE_SCHEME
Yes,79388,Business,Computer Centre,34855,21117,NA,NA,NA,NA,Rural,MFS
Yes,368328,Education,NA,1664724,1664724,12th,Nursing,Professional,Yes,Rural,ELS
Yes,123236,Business,Fisheries,7637332,5588849,NA,NA,NA,NA,Urban,NO_ELIGIBLE_SCHEME
Yes,178418,Business,Service Business,2030700,1852406,NA,NA,NA,NA,Rural,TERM_LOAN
Yes,60072,Business,Repair Shop,126290,85189,NA,NA,NA,NA,Urban,AMY
Yes,360642,Business,Repair Shop,33655,27692,NA,NA,NA,NA,Rural,MFS
Yes,141666,Business,Service Business,5000000,5000000,NA,NA,NA,NA,Urban,NO_ELIGIBLE_SCHEME
Yes,436432,Education,NA,3267945,2193884,12th,Law,Technical,No,Urban,NO_ELIGIBLE_SCHEME
Yes,393098,Business,Food Business,7887164,6360714,NA,NA,NA,NA,Urban,NO_ELIGIBLE_SCHEME
Yes,329105,Business,Computer Centre,483338,163669,NA,NA,NA,NA,Rural,UNY
Yes,196516,Business,Transport,125036,82938,NA,NA,NA,NA,Rural,MFS
Yes,310284,Education,NA,1237257,3680785,12th,MBA,Technical,No,Rural,NO_ELIGIBLE_SCHEME
Yes,458647,Business,Fisheries,156672,112876,NA,NA,NA,NA,Urban,UNY
Yes,232809,Business,Repair Shop,460720,231292,NA,NA,NA,NA,Urban,UNY
Yes,439297,Business,Tailoring,123791,121208,NA,NA,NA,NA,Urban,AMY
Yes,461793,Business,Fisheries,4778708,1523913,NA,NA,NA,NA,Rural,TERM_LOAN
Yes,128094,Business,Service Business,118877,80328,NA,NA,NA,NA,Rural,MFS
Yes,392550,Education,NA,1885577,1758190,Postgraduate,Pharmacy,Medical,Yes,Rural,ELS
Yes,194102,Business,Fisheries,68284,12142,NA,NA,NA,NA,Urban,MFS
Yes,485213,Business,Small Manufacturing,773483,305419,NA,NA,NA,NA,Rural,TERM_LOAN
Yes,365381,Business,Poultry,838620,346141,NA,NA,NA,NA,Rural,TERM_LOAN
Yes,68609,Education,NA,4171407,1074473,Graduate,Nursing,Technical,Yes,Rural,ELS
Yes,126341,Education,NA,237368,1360167,Postgraduate,Pharmacy,Medical,No,Rural,NO_ELIGIBLE_SCHEME
Yes,449265,Business,Service Business,107207,107175,NA,NA,NA,NA,Rural,MFS
Yes,229657,Business,Transport,48004,23126,NA,NA,NA,NA,Urban,MFS
Yes,307325,Business,Transport,123534,88346,NA,NA,NA,NA,Rural,AMY
Yes,347466,Education,NA,1259884,3276011,Graduate,BCA,Technical,No,Rural,NO_ELIGIBLE_SCHEME
Yes,460297,Business,Computer Centre,3806546,3693493,NA,NA,NA,NA,Rural,TERM_LOAN
Yes,366560,Business,Grocery Shop,30004,15014,NA,NA,NA,NA,Rural,AMY
Yes,129484,Business,Fisheries,929370,513752,NA,NA,NA,NA,Urban,TERM_LOAN
Yes,269802,Business,Poultry,137905,30641,NA,NA,NA,NA,Rural,AMY
Yes,416611,Business,Grocery Shop,43768,37898,NA,NA,NA,NA,Urban,AMY
Yes,404041,Business,Computer Centre,2951335,129133,NA,NA,NA,NA,Rural,TERM_LOAN
Yes,112526,Business,Grocery Shop,1113025,923509,NA,NA,NA,NA,Urban,TERM_LOAN
Yes,183314,Education,NA,2743545,1831427,12th,Law,Professional,Yes,Urban,ELS
Yes,427034,Business,Computer Centre,320340,92014,NA,NA,NA,NA,Urban,UNY
Yes,336111,Business,Repair Shop,94312,55977,NA,NA,NA,NA,Urban,AMY
Yes,318140,Education,NA,3586506,3360155,12th,Law,Professional,Yes,Rural,ELS
Yes,395418,Business,Food Business,3030722,791532,NA,NA,NA,NA,Urban,TERM_LOAN
Yes,331933,Education,NA,3651524,616952,12th,BCA,Professional,Yes,Rural,ELS
Yes,72873,Education,NA,3007060,3007060,12th,Medical,Technical,Yes,Urban,ELS
Yes,493780,Education,NA,1117399,142858,Graduate,Engineering,Professional,Yes,Rural,ELS
Yes,286061,Business,Small Manufacturing,207512,78747,NA,NA,NA,NA,Urban,UNY
Yes,66663,Business,Tailoring,107397,65302,NA,NA,NA,NA,Rural,MFS
Yes,164391,Business,Grocery Shop,207236,124512,NA,NA,NA,NA,Urban,UNY
Yes,477608,Business,Poultry,90213,34251,NA,NA,NA,NA,Rural,AMY
Yes,285363,Business,Poultry,49356,17056,NA,NA,NA,NA,Rural,AMY
Yes,431004,Business,Fisheries,138014,47089,NA,NA,NA,NA,Urban,MFS
No,465934,Business,Small Manufacturing,362004,103872,NA,NA,NA,NA,Rural,NO_ELIGIBLE_SCHEME
Yes,221889,Education,NA,732385,732385,Postgraduate,MCA,Professional,Yes,Urban,ELS
Yes,327682,Business,Small Manufacturing,464241,128916,NA,NA,NA,NA,Urban,TERM_LOAN
Yes,353201,Business,Grocery Shop,127754,38560,NA,NA,NA,NA,Rural,MFS
Yes,82176,Education,NA,2787264,2508078,Graduate,Engineering,Professional,No,Urban,NO_ELIGIBLE_SCHEME
Yes,240346,Business,Tailoring,5000000,5000000,NA,NA,NA,NA,Urban,NO_ELIGIBLE_SCHEME
Yes,291439,Business,Transport,1967301,1474799,NA,NA,NA,NA,Urban,TERM_LOAN
Yes,447521,Business,Fisheries,2391194,153721,NA,NA,NA,NA,Rural,TERM_LOAN
Yes,682275,Business,Tailoring,497767,254793,NA,NA,NA,NA,Urban,NO_ELIGIBLE_SCHEME
Yes,514271,Business,Grocery Shop,50846,376566,NA,NA,NA,NA,Rural,NO_ELIGIBLE_SCHEME
Yes,317149,Business,Food Business,30854,20459,NA,NA,NA,NA,Urban,AMY
No,377664,Business,Fisheries,171175,226588,NA,NA,NA,NA,Rural,NO_ELIGIBLE_SCHEME
Yes,385604,Business,Repair Shop,213208,137967,NA,NA,NA,NA,Urban,TERM_LOAN
Yes,231773,Business,Small Manufacturing,51473,42532,NA,NA,NA,NA,Urban,MFS
Yes,376943,Business,Transport,139168,111525,NA,NA,NA,NA,Rural,AMY
Yes,393070,Business,Fisheries,35379,29220,NA,NA,NA,NA,Rural,AMY
Yes,84038,Business,Repair Shop,310170,73286,NA,NA,NA,NA,Rural,UNY
Yes,226299,Business,Service Business,2334915,2015980,NA,NA,NA,NA,Urban,TERM_LOAN
Yes,340758,Business,Food Business,64521,60168,NA,NA,NA,NA,Rural,AMY
Yes,478208,Education,NA,4277893,3787744,12th,Nursing,Professional,Yes,Rural,ELS
Yes,498844,Business,Service Business,114366,112669,NA,NA,NA,NA,Rural,AMY
Yes,400347,Business,Grocery Shop,113480,68560,NA,NA,NA,NA,Rural,AMY
Yes,207329,Education,NA,3315516,2623209,12th,Pharmacy,Technical,Yes,Rural,ELS
Yes,246789,Education,NA,2070219,2070219,Graduate,Nursing,Medical,Yes,Rural,ELS
Yes,105906,Business,Repair Shop,5000000,5000000,NA,NA,NA,NA,Rural,NO_ELIGIBLE_SCHEME
Yes,87618,Education,NA,1077835,1077835,12th,Engineering,Medical,Yes,Rural,ELS
Yes,174591,Business,Repair Shop,131734,47762,NA,NA,NA,NA,Rural,MFS
Yes,136189,Education,NA,2368015,3101867,Graduate,BTech,Technical,No,Urban,NO_ELIGIBLE_SCHEME
Yes,758566,Business,Small Manufacturing,258514,225773,NA,NA,NA,NA,Urban,NO_ELIGIBLE_SCHEME
Yes,348353,Business,Fisheries,104774,62402,NA,NA,NA,NA,Rural,MFS
Yes,282776,Business,Tailoring,81199,50412,NA,NA,NA,NA,Rural,AMY
Yes,430769,Business,Service Business,7747153,5656359,NA,NA,NA,NA,Urban,NO_ELIGIBLE_SCHEME
Yes,430756,Education,NA,4360810,3486972,12th,BTech,Professional,Yes,Urban,ELS
Yes,266642,Education,NA,4165730,1713036,12th,BCA,Professional,Yes,Urban,ELS
Yes,675466,Business,Poultry,385333,213584,NA,NA,NA,NA,Urban,NO_ELIGIBLE_SCHEME
Yes,457060,Business,Service Business,339660,178599,NA,NA,NA,NA,Rural,UNY
Yes,359456,Business,Poultry,5000000,5000000,NA,NA,NA,NA,Urban,NO_ELIGIBLE_SCHEME
Yes,301813,Education,NA,3053818,669328,12th,Law,Medical,Yes,Urban,ELS
Yes,146445,Business,Computer Centre,430903,252957,NA,NA,NA,NA,Rural,UNY
Yes,373675,Business,Poultry,76135,70012,NA,NA,NA,NA,Urban,MFS
Yes,394270,Business,Food Business,390801,388829,NA,NA,NA,NA,Urban,UNY
Yes,496482,Business,Poultry,86735,67030,NA,NA,NA,NA,Urban,AMY
Yes,612292,Business,Food Business,318183,215053,NA,NA,NA,NA,Urban,NO_ELIGIBLE_SCHEME
Yes,425556,Business,Small Manufacturing,493232,403952,NA,NA,NA,NA,Urban,UNY
Yes,366628,Business,Food Business,61460,43605,NA,NA,NA,NA,Urban,AMY
Yes,302703,Business,Service Business,216517,123254,NA,NA,NA,NA,Urban,TERM_LOAN
Yes,363641,Education,NA,546804,546804,Postgraduate,Nursing,Professional,Yes,Urban,ELS
Yes,210162,Business,Poultry,6554673,6629245,NA,NA,NA,NA,Urban,NO_ELIGIBLE_SCHEME
Yes,362648,Business,Repair Shop,88478,65540,NA,NA,NA,NA,Urban,AMY
Yes,403134,Education,NA,4493495,1488740,Postgraduate,Engineering,Technical,Yes,Urban,ELS
Yes,387363,Business,Repair Shop,148211,107943,NA,NA,NA,NA,Urban,TERM_LOAN
Yes,297747,Business,Grocery Shop,113958,93435,NA,NA,NA,NA,Urban,MFS
No,53734,Business,Tailoring,85260,309497,NA,NA,NA,NA,Rural,NO_ELIGIBLE_SCHEME
Yes,299265,Business,Grocery Shop,2241661,604991,NA,NA,NA,NA,Urban,TERM_LOAN
Yes,142830,Business,Transport,67151,28306,NA,NA,NA,NA,Rural,AMY
Yes,340065,Business,Grocery Shop,85312,51399,NA,NA,NA,NA,Urban,MFS
Yes,572210,Business,Grocery Shop,303710,123939,NA,NA,NA,NA,Rural,NO_ELIGIBLE_SCHEME
Yes,498265,Business,Grocery Shop,126440,28096,NA,NA,NA,NA,Rural,MFS
Yes,137762,Business,Food Business,2701123,2567431,NA,NA,NA,NA,Urban,TERM_LOAN
Yes,120944,Education,NA,2499122,1168063,Postgraduate,Nursing,Management,Yes,Urban,ELS
No,311390,Business,Tailoring,420410,85222,NA,NA,NA,NA,Rural,NO_ELIGIBLE_SCHEME
Yes,284280,Business,Service Business,7191446,5444021,NA,NA,NA,NA,Urban,NO_ELIGIBLE_SCHEME
Yes,108365,Business,Fisheries,256881,201500,NA,NA,NA,NA,Rural,UNY
Yes,127760,Education,NA,1261949,3301322,12th,BTech,Technical,No,Rural,NO_ELIGIBLE_SCHEME
Yes,497652,Business,Grocery Shop,104728,62334,NA,NA,NA,NA,Rural,AMY
Yes,284303,Education,NA,1201609,941199,Postgraduate,Pharmacy,Technical,No,Urban,NO_ELIGIBLE_SCHEME
Yes,368008,Business,Fisheries,139867,67958,NA,NA,NA,NA,Urban,AMY
Yes,435672,Business,Fisheries,728374,112841,NA,NA,NA,NA,Urban,TERM_LOAN
Yes,74852,Education,NA,3664515,1088303,Postgraduate,MCA,Medical,Yes,Urban,ELS
Yes,418491,Business,Grocery Shop,5000000,5000000,NA,NA,NA,NA,Urban,NO_ELIGIBLE_SCHEME
Yes,127920,Business,Tailoring,36975,16190,NA,NA,NA,NA,Rural,MFS
Yes,70668,Business,Repair Shop,112242,94717,NA,NA,NA,NA,Urban,MFS
Yes,412002,Business,Grocery Shop,2380226,577256,NA,NA,NA,NA,Urban,TERM_LOAN
Yes,261097,Business,Food Business,3074898,1722524,NA,NA,NA,NA,Urban,TERM_LOAN
Yes,426931,Education,NA,502334,3769770,Graduate,Medical,Medical,No,Urban,NO_ELIGIBLE_SCHEME
Yes,253349,Business,Small Manufacturing,42982,21299,NA,NA,NA,NA,Rural,AMY
Yes,77322,Business,Computer Centre,103007,17700,NA,NA,NA,NA,Rural,MFS
Yes,124572,Business,Grocery Shop,64816,64174,NA,NA,NA,NA,Rural,MFS
Yes,186906,Business,Grocery Shop,32631,20443,NA,NA,NA,NA,Rural,MFS
Yes,210399,Education,NA,1464932,940638,12th,Law,Management,No,Rural,NO_ELIGIBLE_SCHEME
Yes,125809,Education,NA,1588506,1520807,12th,Law,Technical,Yes,Rural,ELS
Yes,305453,Education,NA,3484383,1278433,12th,Medical,Professional,Yes,Rural,ELS
Yes,602929,Business,Repair Shop,77002,285594,NA,NA,NA,NA,Urban,NO_ELIGIBLE_SCHEME
Yes,400086,Education,NA,1700412,1418951,Graduate,Nursing,Medical,Yes,Rural,ELS
Yes,417103,Business,Repair Shop,410422,91467,NA,NA,NA,NA,Rural,UNY
Yes,369497,Education,NA,839602,839602,Postgraduate,BCA,Medical,Yes,Rural,ELS
Yes,273308,Business,Service Business,334507,281951,NA,NA,NA,NA,Rural,UNY
Yes,115444,Business,Poultry,156062,113212,NA,NA,NA,NA,Urban,UNY
Yes,315888,Education,NA,763705,424035,12th,Law,Management,Yes,Rural,ELS
No,235417,Business,Fisheries,369581,163301,NA,NA,NA,NA,Rural,NO_ELIGIBLE_SCHEME
Yes,191637,Business,Fisheries,311253,119088,NA,NA,NA,NA,Rural,UNY
Yes,358728,Business,Service Business,46963,31238,NA,NA,NA,NA,Urban,AMY
Yes,480308,Business,Fisheries,327563,110587,NA,NA,NA,NA,Urban,UNY
Yes,131382,Business,Tailoring,5000000,5000000,NA,NA,NA,NA,Urban,NO_ELIGIBLE_SCHEME
Yes,482012,Business,Food Business,32594,31261,NA,NA,NA,NA,Urban,AMY
Yes,109062,Business,Computer Centre,408101,372469,NA,NA,NA,NA,Rural,UNY
Yes,287112,Education,NA,3833815,2754674,Postgraduate,MBA,Medical,Yes,Rural,ELS
Yes,414101,Business,Food Business,212876,55919,NA,NA,NA,NA,Rural,UNY
Yes,165284,Business,Repair Shop,81496,23278,NA,NA,NA,NA,Urban,AMY
Yes,67500,Education,NA,1527131,1527131,Postgraduate,BCA,Professional,Yes,Urban,ELS
Yes,125034,Business,Fisheries,95230,86435,NA,NA,NA,NA,Urban,MFS
Yes,497199,Business,Repair Shop,291885,55158,NA,NA,NA,NA,Rural,UNY
Yes,580771,Business,Tailoring,293635,99927,NA,NA,NA,NA,Rural,NO_ELIGIBLE_SCHEME
Yes,465688,Business,Poultry,41848,20134,NA,NA,NA,NA,Urban,AMY
Yes,113254,Education,NA,3145954,2320544,Postgraduate,Law,Professional,Yes,Rural,ELS
Yes,164368,Business,Transport,7783170,6332760,NA,NA,NA,NA,Rural,NO_ELIGIBLE_SCHEME
Yes,111509,Education,NA,2611489,2508678,Graduate,BCA,Professional,Yes,Rural,ELS
Yes,378762,Education,NA,385043,1198148,Graduate,Medical,Medical,No,Urban,NO_ELIGIBLE_SCHEME
Yes,255410,Business,Poultry,182024,178512,NA,NA,NA,NA,Rural,UNY
Yes,281047,Business,Tailoring,44802,36953,NA,NA,NA,NA,Rural,MFS
Yes,292201,Education,NA,2213252,2213252,Graduate,MBA,Management,Yes,Rural,ELS
Yes,268066,Education,NA,230447,50361,12th,BCA,Management,Yes,Rural,ELS
Yes,176422,Business,Service Business,203891,175909,NA,NA,NA,NA,Rural,UNY
Yes,183336,Education,NA,469937,56911,12th,Engineering,Medical,Yes,Rural,ELS
Yes,114217,Business,Repair Shop,1128385,326435,NA,NA,NA,NA,Urban,TERM_LOAN
Yes,306466,Business,Fisheries,589422,577873,NA,NA,NA,NA,Rural,TERM_LOAN
Yes,86775,Education,NA,2685392,2685392,12th,Nursing,Professional,Yes,Rural,ELS
Yes,181441,Education,NA,1635373,1635373,Postgraduate,MCA,Management,Yes,Rural,ELS
Yes,225076,Business,Fisheries,58367,21856,NA,NA,NA,NA,Urban,AMY
Yes,681507,Business,Small Manufacturing,406147,200858,NA,NA,NA,NA,Urban,NO_ELIGIBLE_SCHEME
Yes,247725,Business,Repair Shop,84511,64216,NA,NA,NA,NA,Rural,AMY
Yes,339574,Business,Tailoring,2573954,1439521,NA,NA,NA,NA,Rural,TERM_LOAN
No,193550,Business,Tailoring,217468,50038,NA,NA,NA,NA,Rural,NO_ELIGIBLE_SCHEME
Yes,441137,Business,Fisheries,456210,301761,NA,NA,NA,NA,Rural,UNY
Yes,270765,Business,Fisheries,48892,46143,NA,NA,NA,NA,Rural,AMY
Yes,431688,Business,Tailoring,3544654,1777779,NA,NA,NA,NA,Rural,TERM_LOAN
Yes,267143,Business,Small Manufacturing,246825,44774,NA,NA,NA,NA,Rural,UNY
Yes,473500,Business,Food Business,287951,25831,NA,NA,NA,NA,Urban,UNY
Yes,290840,Education,NA,1963352,3931340,Graduate,Medical,Medical,No,Urban,NO_ELIGIBLE_SCHEME
Yes,73145,Business,Service Business,91251,13440,NA,NA,NA,NA,Rural,AMY
Yes,120303,Education,NA,4183531,3670766,12th,BTech,Medical,Yes,Rural,ELS
Yes,353397,Business,Tailoring,70768,17084,NA,NA,NA,NA,Urban,MFS
Yes,485261,Education,NA,1179365,1179365,Postgraduate,Nursing,Technical,Yes,Urban,ELS
Yes,210502,Business,Transport,2934638,2645000,NA,NA,NA,NA,Urban,TERM_LOAN
Yes,143164,Education,NA,3089692,3089692,Graduate,MCA,Medical,Yes,Urban,ELS
Yes,303296,Business,Repair Shop,68019,29606,NA,NA,NA,NA,Urban,AMY
Yes,400237,Education,NA,3934115,3769992,Graduate,MCA,Medical,Yes,Rural,ELS
Yes,174308,Business,Tailoring,116850,15863,NA,NA,NA,NA,Rural,AMY
Yes,454856,Business,Small Manufacturing,4473411,1442523,NA,NA,NA,NA,Rural,TERM_LOAN
Yes,485489,Business,Grocery Shop,62163,57466,NA,NA,NA,NA,Urban,AMY
Yes,271695,Business,Food Business,333888,171896,NA,NA,NA,NA,Urban,UNY
Yes,106001,Business,Poultry,58574,19455,NA,NA,NA,NA,Rural,MFS
Yes,466762,Education,NA,4203047,1634494,12th,BCA,Technical,Yes,Urban,ELS
Yes,188345,Education,NA,2496298,134673,12th,BCA,Technical,Yes,Rural,ELS
Yes,426620,Business,Transport,84321,35485,NA,NA,NA,NA,Urban,MFS
No,300182,Business,Small Manufacturing,112645,160108,NA,NA,NA,NA,Rural,NO_ELIGIBLE_SCHEME
Yes,150980,Business,Computer Centre,1444804,1153120,NA,NA,NA,NA,Urban,TERM_LOAN
Yes,298024,Education,NA,3498917,2688454,Postgraduate,BTech,Professional,Yes,Rural,ELS
Yes,245854,Business,Food Business,6916964,5111242,NA,NA,NA,NA,Rural,NO_ELIGIBLE_SCHEME
Yes,246777,Education,NA,4399224,3116669,Graduate,Medical,Technical,Yes,Urban,ELS
Yes,132806,Business,Transport,30679,28033,NA,NA,NA,NA,Urban,MFS
Yes,453255,Business,Poultry,1533886,954451,NA,NA,NA,NA,Urban,TERM_LOAN
Yes,445477,Business,Tailoring,4991935,357282,NA,NA,NA,NA,Urban,TERM_LOAN
Yes,277454,Business,Computer Centre,4039472,688767,NA,NA,NA,NA,Urban,TERM_LOAN
Yes,465110,Business,Grocery Shop,440766,387964,NA,NA,NA,NA,Rural,UNY
Yes,57231,Business,Repair Shop,106986,18851,NA,NA,NA,NA,Rural,MFS
Yes,202228,Business,Transport,3010439,1466631,NA,NA,NA,NA,Rural,TERM_LOAN
Yes,259783,Business,Small Manufacturing,279418,165147,NA,NA,NA,NA,Rural,UNY
No,221300,Business,Repair Shop,270216,293054,NA,NA,NA,NA,Rural,NO_ELIGIBLE_SCHEME
Yes,314335,Education,NA,2227192,2063494,12th,Medical,Medical,Yes,Rural,ELS
Yes,292990,Business,Computer Centre,162544,59877,NA,NA,NA,NA,Urban,UNY
Yes,355780,Business,Repair Shop,33670,16935,NA,NA,NA,NA,Rural,AMY
Yes,250491,Education,NA,3176304,2691096,Graduate,Engineering,Management,Yes,Rural,ELS
Yes,240767,Education,NA,4196010,1224815,12th,Law,Management,Yes,Rural,ELS
Yes,336404,Business,Computer Centre,99878,54869,NA,NA,NA,NA,Urban,MFS
Yes,53275,Business,Food Business,424293,220633,NA,NA,NA,NA,Rural,UNY
Yes,345676,Business,Fisheries,69226,20646,NA,NA,NA,NA,Urban,MFS
No,457905,Business,Computer Centre,133301,371133,NA,NA,NA,NA,Urban,NO_ELIGIBLE_SCHEME
Yes,185391,Education,NA,1838454,1838454,Postgraduate,BCA,Medical,Yes,Rural,ELS
Yes,322957,Education,NA,1043734,1043734,Graduate,Nursing,Technical,Yes,Rural,ELS
Yes,162780,Business,Tailoring,192019,125003,NA,NA,NA,NA,Urban,UNY
Yes,434808,Business,Service Business,6637419,6834608,NA,NA,NA,NA,Urban,NO_ELIGIBLE_SCHEME
Yes,182651,Business,Tailoring,91483,25587,NA,NA,NA,NA,Rural,MFS
Yes,373818,Business,Computer Centre,370768,357249,NA,NA,NA,NA,Rural,UNY
Yes,366692,Business,Fisheries,2611334,2057045,NA,NA,NA,NA,Urban,TERM_LOAN
Yes,79634,Education,NA,3876425,2618866,12th,Engineering,Professional,Yes,Rural,ELS
Yes,340218,Business,Tailoring,1788656,679170,NA,NA,NA,NA,Rural,TERM_LOAN
Yes,52745,Business,Computer Centre,34356,14605,NA,NA,NA,NA,Urban,AMY
Yes,349115,Education,NA,4152474,3915892,12th,BTech,Management,Yes,Rural,ELS
Yes,69596,Business,Food Business,100571,52744,NA,NA,NA,NA,Urban,MFS
Yes,425834,Business,Food Business,5000000,5000000,NA,NA,NA,NA,Rural,NO_ELIGIBLE_SCHEME
Yes,176702,Business,Small Manufacturing,372575,252137,NA,NA,NA,NA,Rural,UNY
No,63375,Business,Transport,243275,260504,NA,NA,NA,NA,Rural,NO_ELIGIBLE_SCHEME
Yes,174245,Business,Fisheries,96982,20151,NA,NA,NA,NA,Urban,AMY
Yes,73335,Business,Repair Shop,52621,39058,NA,NA,NA,NA,Rural,AMY
Yes,230584,Business,Transport,4681604,827872,NA,NA,NA,NA,Rural,TERM_LOAN
Yes,470652,Business,Fisheries,3676568,555557,NA,NA,NA,NA,Rural,TERM_LOAN
Yes,236894,Education,NA,3129899,3129899,Graduate,Law,Technical,Yes,Rural,ELS
Yes,104149,Business,Food Business,4631032,2213042,NA,NA,NA,NA,Rural,TERM_LOAN
Yes,470128,Business,Service Business,138599,16760,NA,NA,NA,NA,Urban,AMY
Yes,263058,Business,Service Business,132251,83385,NA,NA,NA,NA,Rural,MFS
Yes,271116,Business,Repair Shop,2480820,719662,NA,NA,NA,NA,Rural,TERM_LOAN
Yes,199369,Business,Tailoring,44505,22423,NA,NA,NA,NA,Rural,AMY
Yes,198594,Business,Food Business,49420,11833,NA,NA,NA,NA,Rural,AMY
Yes,384351,Education,NA,2695430,441594,12th,BTech,Medical,Yes,Urban,ELS
Yes,454414,Education,NA,4195419,1431813,Graduate,BTech,Medical,Yes,Urban,ELS
Yes,331657,Business,Computer Centre,5000000,5000000,NA,NA,NA,NA,Rural,NO_ELIGIBLE_SCHEME
Yes,106189,Business,Grocery Shop,49305,40209,NA,NA,NA,NA,Rural,AMY
Yes,443540,Business,Grocery Shop,5000000,5000000,NA,NA,NA,NA,Urban,NO_ELIGIBLE_SCHEME
Yes,235989,Education,NA,724637,724637,Graduate,Law,Medical,Yes,Rural,ELS
Yes,124687,Business,Poultry,84087,77181,NA,NA,NA,NA,Rural,MFS
Yes,76363,Business,Repair Shop,90515,33819,NA,NA,NA,NA,Urban,MFS
Yes,303816,Business,Service Business,1041797,103713,NA,NA,NA,NA,Urban,TERM_LOAN
Yes,434984,Business,Grocery Shop,99339,15328,NA,NA,NA,NA,Urban,MFS
Yes,374803,Business,Poultry,4584514,4229952,NA,NA,NA,NA,Rural,TERM_LOAN
Yes,462835,Business,Fisheries,1700671,359003,NA,NA,NA,NA,Urban,TERM_LOAN
Yes,456766,Education,NA,1178826,570932,Graduate,BCA,Technical,Yes,Rural,ELS
Yes,137312,Business,Small Manufacturing,59007,47519,NA,NA,NA,NA,Rural,AMY
Yes,228407,Business,Service Business,187342,110806,NA,NA,NA,NA,Urban,UNY
Yes,469750,Business,Poultry,2416869,1493415,NA,NA,NA,NA,Rural,TERM_LOAN
Yes,67569,Business,Fisheries,62396,58340,NA,NA,NA,NA,Urban,MFS
Yes,263722,Business,Poultry,204657,173656,NA,NA,NA,NA,Rural,TERM_LOAN
Yes,197246,Business,Computer Centre,188433,171009,NA,NA,NA,NA,Rural,UNY
Yes,109352,Education,NA,2738054,1978642,Postgraduate,MCA,Medical,No,Urban,NO_ELIGIBLE_SCHEME
Yes,142285,Business,Computer Centre,4761917,4430979,NA,NA,NA,NA,Rural,TERM_LOAN
Yes,167329,Education,NA,2199004,2160939,Graduate,MCA,Management,Yes,Urban,ELS
Yes,218618,Business,Repair Shop,61369,46181,NA,NA,NA,NA,Urban,MFS
Yes,286612,Education,NA,4041490,714198,12th,BCA,Medical,Yes,Rural,ELS
Yes,316885,Business,Transport,262433,52383,NA,NA,NA,NA,Rural,UNY
Yes,151523,Business,Fisheries,249132,188520,NA,NA,NA,NA,Rural,UNY
Yes,436310,Business,Computer Centre,365110,41320,NA,NA,NA,NA,Urban,UNY
Yes,301128,Business,Transport,4015755,799813,NA,NA,NA,NA,Urban,TERM_LOAN
Yes,426664,Business,Poultry,43449,38919,NA,NA,NA,NA,Rural,AMY
Yes,93434,Business,Transport,1286861,541431,NA,NA,NA,NA,Urban,TERM_LOAN
Yes,297835,Education,NA,1917193,1917193,12th,Law,Management,Yes,Rural,ELS
Yes,373853,Education,NA,2466416,1123940,Graduate,Pharmacy,Management,Yes,Rural,ELS
No,418512,Business,Food Business,50976,208940,NA,NA,NA,NA,Urban,NO_ELIGIBLE_SCHEME
Yes,133872,Education,NA,4298476,1541242,Postgraduate,Medical,Technical,Yes,Rural,ELS
Yes,467753,Education,NA,3228640,2666485,12th,MCA,Medical,Yes,Urban,ELS
Yes,184103,Business,Food Business,76071,14068,NA,NA,NA,NA,Urban,AMY
Yes,405408,Business,Tailoring,7779309,5778691,NA,NA,NA,NA,Urban,NO_ELIGIBLE_SCHEME
Yes,375488,Education,NA,4363555,2918012,12th,MBA,Technical,Yes,Rural,ELS
Yes,74933,Business,Poultry,71922,68661,NA,NA,NA,NA,Rural,AMY
Yes,357484,Business,Poultry,67324,20675,NA,NA,NA,NA,Urban,AMY
Yes,374194,Business,Food Business,78290,69233,NA,NA,NA,NA,Urban,AMY
Yes,333105,Business,Food Business,65683,42798,NA,NA,NA,NA,Urban,MFS
Yes,148643,Education,NA,1369171,1369171,12th,Law,Technical,Yes,Urban,ELS
Yes,454262,Education,NA,1102589,1102589,Graduate,BTech,Management,Yes,Rural,ELS
Yes,486067,Business,Fisheries,354221,196292,NA,NA,NA,NA,Urban,UNY
Yes,88027,Business,Computer Centre,98982,57826,NA,NA,NA,NA,Urban,MFS
Yes,428817,Business,Repair Shop,3790673,2112372,NA,NA,NA,NA,Urban,TERM_LOAN
Yes,244492,Business,Tailoring,367527,29384,NA,NA,NA,NA,Rural,UNY
Yes,557250,Business,Small Manufacturing,414340,381647,NA,NA,NA,NA,Rural,NO_ELIGIBLE_SCHEME
Yes,282687,Business,Transport,139147,76296,NA,NA,NA,NA,Rural,AMY
Yes,320827,Education,NA,3544179,1005897,Graduate,MBA,Technical,Yes,Urban,ELS
Yes,216884,Business,Transport,367847,154665,NA,NA,NA,NA,Urban,TERM_LOAN
Yes,231175,Business,Service Business,39681,24474,NA,NA,NA,NA,Urban,MFS
Yes,98885,Business,Poultry,113755,49930,NA,NA,NA,NA,Rural,AMY
Yes,289365,Education,NA,3184685,1570810,Graduate,BCA,Management,Yes,Rural,ELS
Yes,321522,Education,NA,203457,203457,Graduate,Nursing,Management,Yes,Rural,ELS
No,327153,Business,Fisheries,392844,153655,NA,NA,NA,NA,Rural,NO_ELIGIBLE_SCHEME
Yes,101182,Business,Food Business,75652,72411,NA,NA,NA,NA,Urban,MFS
No,236522,Business,Small Manufacturing,199100,364268,NA,NA,NA,NA,Urban,NO_ELIGIBLE_SCHEME
Yes,221830,Business,Tailoring,162396,99293,NA,NA,NA,NA,Rural,UNY
Yes,435851,Business,Tailoring,449698,119546,NA,NA,NA,NA,Urban,UNY
Yes,252580,Business,Food Business,540694,472928,NA,NA,NA,NA,Rural,TERM_LOAN
Yes,165927,Business,Fisheries,50257,42989,NA,NA,NA,NA,Rural,MFS
Yes,90671,Business,Computer Centre,3454279,1795654,NA,NA,NA,NA,Urban,TERM_LOAN
Yes,283787,Business,Poultry,138864,81810,NA,NA,NA,NA,Urban,MFS
Yes,407240,Business,Grocery Shop,484564,361719,NA,NA,NA,NA,Urban,UNY
Yes,429654,Business,Fisheries,87219,21818,NA,NA,NA,NA,Rural,AMY
Yes,362254,Business,Small Manufacturing,165284,164530,NA,NA,NA,NA,Urban,UNY
Yes,104328,Business,Poultry,133209,26260,NA,NA,NA,NA,Urban,AMY
Yes,355248,Business,Food Business,5000000,5000000,NA,NA,NA,NA,Rural,NO_ELIGIBLE_SCHEME
Yes,328211,Business,Food Business,1540055,1059740,NA,NA,NA,NA,Rural,TERM_LOAN
Yes,304510,Business,Computer Centre,64692,56359,NA,NA,NA,NA,Urban,AMY
Yes,379101,Business,Tailoring,523745,233772,NA,NA,NA,NA,Urban,TERM_LOAN
Yes,396099,Education,NA,3474706,1731440,Graduate,BCA,Technical,Yes,Rural,ELS
Yes,382590,Business,Poultry,55226,13414,NA,NA,NA,NA,Rural,AMY
Yes,182978,Education,NA,1584505,1584505,Postgraduate,Medical,Medical,Yes,Rural,ELS
Yes,179689,Business,Grocery Shop,482984,164670,NA,NA,NA,NA,Rural,UNY
Yes,56943,Education,NA,1542194,1542194,Graduate,Medical,Management,Yes,Rural,ELS
Yes,376241,Business,Small Manufacturing,91261,26728,NA,NA,NA,NA,Rural,MFS
Yes,291561,Business,Small Manufacturing,166729,160153,NA,NA,NA,NA,Rural,UNY
Yes,460593,Business,Fisheries,3444670,254005,NA,NA,NA,NA,Rural,TERM_LOAN
Yes,254035,Business,Tailoring,4684132,1786935,NA,NA,NA,NA,Rural,TERM_LOAN
Yes,258881,Business,Food Business,379020,161095,NA,NA,NA,NA,Rural,UNY
Yes,471769,Education,NA,2534822,2534822,Graduate,Medical,Management,Yes,Rural,ELS
No,481583,Business,Service Business,366744,36492,NA,NA,NA,NA,Urban,NO_ELIGIBLE_SCHEME
Yes,637869,Business,Transport,246113,195556,NA,NA,NA,NA,Rural,NO_ELIGIBLE_SCHEME
Yes,473324,Business,Grocery Shop,123882,89679,NA,NA,NA,NA,Urban,AMY
Yes,394358,Business,Food Business,3083764,1687966,NA,NA,NA,NA,Rural,TERM_LOAN
Yes,299974,Business,Small Manufacturing,36572,29142,NA,NA,NA,NA,Rural,MFS
Yes,236080,Business,Tailoring,6990219,6174826,NA,NA,NA,NA,Urban,NO_ELIGIBLE_SCHEME
Yes,395075,Education,NA,4217876,3505278,12th,BCA,Management,Yes,Rural,ELS
Yes,448529,Education,NA,3758977,1997390,Postgraduate,MBA,Professional,No,Rural,NO_ELIGIBLE_SCHEME
Yes,369504,Business,Fisheries,94553,33580,NA,NA,NA,NA,Urban,MFS
Yes,421955,Education,NA,4493625,780290,Graduate,BCA,Management,Yes,Urban,ELS
Yes,357563,Education,NA,438574,438574,12th,MBA,Technical,Yes,Urban,ELS
Yes,360774,Education,NA,1844067,3596519,Postgraduate,Medical,Medical,No,Urban,NO_ELIGIBLE_SCHEME
Yes,249314,Business,Tailoring,110616,108394,NA,NA,NA,NA,Urban,AMY
Yes,154580,Business,Transport,130691,66769,NA,NA,NA,NA,Urban,AMY
Yes,348883,Business,Computer Centre,135570,17780,NA,NA,NA,NA,Urban,MFS
Yes,491676,Business,Computer Centre,104890,30605,NA,NA,NA,NA,Urban,AMY
Yes,180161,Business,Transport,59427,31089,NA,NA,NA,NA,Urban,MFS
Yes,136847,Business,Grocery Shop,317051,302929,NA,NA,NA,NA,Rural,UNY
Yes,230869,Business,Small Manufacturing,1060436,548276,NA,NA,NA,NA,Rural,TERM_LOAN
Yes,436227,Education,NA,578535,578535,12th,BTech,Management,Yes,Rural,ELS
Yes,189401,Business,Service Business,98755,97282,NA,NA,NA,NA,Rural,AMY
Yes,65878,Business,Food Business,111016,93753,NA,NA,NA,NA,Urban,MFS
Yes,439107,Education,NA,3031273,3031273,Graduate,Engineering,Professional,Yes,Urban,ELS
No,72614,Business,Tailoring,259565,354110,NA,NA,NA,NA,Urban,NO_ELIGIBLE_SCHEME
Yes,177267,Business,Service Business,43255,41820,NA,NA,NA,NA,Urban,AMY
Yes,167568,Business,Poultry,460396,306683,NA,NA,NA,NA,Rural,UNY
Yes,298336,Business,Computer Centre,139420,116056,NA,NA,NA,NA,Urban,MFS
Yes,117739,Business,Fisheries,325619,143227,NA,NA,NA,NA,Urban,UNY
Yes,287314,Business,Computer Centre,92421,79584,NA,NA,NA,NA,Urban,AMY
Yes,474114,Business,Service Business,113614,79824,NA,NA,NA,NA,Urban,MFS
Yes,51400,Business,Fisheries,57434,21016,NA,NA,NA,NA,Rural,AMY
Yes,269988,Business,Food Business,44728,28826,NA,NA,NA,NA,Urban,AMY
Yes,146903,Business,Fisheries,145596,144473,NA,NA,NA,NA,Rural,UNY
Yes,332456,Business,Service Business,334373,130272,NA,NA,NA,NA,Rural,UNY
Yes,448587,Education,NA,1339685,1346601,Graduate,Law,Management,No,Rural,NO_ELIGIBLE_SCHEME
Yes,302291,Education,NA,2974163,2974163,12th,MBA,Technical,Yes,Rural,ELS
Yes,403458,Business,Poultry,1978080,1092897,NA,NA,NA,NA,Rural,TERM_LOAN
Yes,388727,Business,Small Manufacturing,219141,54551,NA,NA,NA,NA,Urban,UNY
Yes,466934,Business,Computer Centre,90997,84379,NA,NA,NA,NA,Rural,AMY
Yes,296528,Education,NA,527846,1551300,Graduate,Pharmacy,Medical,No,Rural,NO_ELIGIBLE_SCHEME
Yes,435908,Business,Repair Shop,1930171,1605381,NA,NA,NA,NA,Urban,TERM_LOAN
Yes,249069,Business,Transport,45974,45598,NA,NA,NA,NA,Urban,MFS
Yes,192151,Business,Small Manufacturing,56485,45296,NA,NA,NA,NA,Urban,MFS
Yes,258517,Business,Fisheries,134291,80048,NA,NA,NA,NA,Urban,MFS
No,407599,Business,Food Business,173483,353159,NA,NA,NA,NA,Rural,NO_ELIGIBLE_SCHEME
Yes,327209,Business,Service Business,99582,61208,NA,NA,NA,NA,Rural,AMY
Yes,236547,Business,Small Manufacturing,94304,39902,NA,NA,NA,NA,Urban,MFS
Yes,107847,Business,Grocery Shop,45566,36779,NA,NA,NA,NA,Urban,MFS
Yes,441585,Business,Poultry,114746,19452,NA,NA,NA,NA,Rural,MFS
Yes,329909,Education,NA,3992106,2790249,12th,MBA,Technical,Yes,Urban,ELS
Yes,442671,Business,Grocery Shop,51432,26951,NA,NA,NA,NA,Urban,MFS
Yes,78725,Business,Repair Shop,135170,67923,NA,NA,NA,NA,Urban,MFS
Yes,384699,Business,Tailoring,102311,36440,NA,NA,NA,NA,Rural,AMY
Yes,223094,Business,Food Business,50097,34767,NA,NA,NA,NA,Urban,AMY
Yes,401888,Business,Transport,4831646,484283,NA,NA,NA,NA,Rural,TERM_LOAN
Yes,745041,Business,Transport,389496,225304,NA,NA,NA,NA,Rural,NO_ELIGIBLE_SCHEME
Yes,165678,Business,Computer Centre,137065,67958,NA,NA,NA,NA,Urban,AMY
Yes,282317,Business,Grocery Shop,4864003,746077,NA,NA,NA,NA,Urban,TERM_LOAN
Yes,92104,Business,Small Manufacturing,426630,313584,NA,NA,NA,NA,Rural,UNY
Yes,358722,Business,Computer Centre,280056,36307,NA,NA,NA,NA,Rural,UNY
Yes,395491,Business,Poultry,91833,89408,NA,NA,NA,NA,Urban,AMY
Yes,312904,Business,Small Manufacturing,89298,73730,NA,NA,NA,NA,Rural,MFS
Yes,225003,Business,Computer Centre,84269,15962,NA,NA,NA,NA,Rural,MFS
Yes,403584,Education,NA,638682,327424,Graduate,Nursing,Management,Yes,Urban,ELS
Yes,52396,Business,Small Manufacturing,75593,64891,NA,NA,NA,NA,Rural,MFS
Yes,124574,Business,Food Business,120433,77760,NA,NA,NA,NA,Urban,MFS
Yes,269946,Business,Computer Centre,65739,33669,NA,NA,NA,NA,Rural,MFS
Yes,161288,Education,NA,173894,2537250,Postgraduate,BTech,Professional,No,Urban,NO_ELIGIBLE_SCHEME
Yes,179317,Business,Fisheries,126492,124373,NA,NA,NA,NA,Urban,MFS
Yes,432136,Education,NA,2602004,2564465,Postgraduate,Pharmacy,Technical,Yes,Urban,ELS
Yes,419989,Business,Fisheries,6181517,5073604,NA,NA,NA,NA,Urban,NO_ELIGIBLE_SCHEME
Yes,269981,Business,Repair Shop,53444,13362,NA,NA,NA,NA,Urban,MFS
Yes,293050,Business,Poultry,30400,24198,NA,NA,NA,NA,Rural,AMY
Yes,243617,Business,Repair Shop,108555,99966,NA,NA,NA,NA,Urban,AMY
Yes,372409,Business,Grocery Shop,396510,218065,NA,NA,NA,NA,Urban,UNY
Yes,426695,Education,NA,3500460,2509582,12th,Law,Management,Yes,Rural,ELS
Yes,491292,Business,Computer Centre,229293,203590,NA,NA,NA,NA,Rural,UNY
Yes,193732,Business,Poultry,51880,49266,NA,NA,NA,NA,Urban,AMY
No,414172,Business,Fisheries,202070,288213,NA,NA,NA,NA,Urban,NO_ELIGIBLE_SCHEME
Yes,488280,Business,Repair Shop,174998,150098,NA,NA,NA,NA,Rural,UNY
Yes,311865,Business,Service Business,5000000,5000000,NA,NA,NA,NA,Urban,NO_ELIGIBLE_SCHEME
Yes,154696,Business,Poultry,181346,49084,NA,NA,NA,NA,Urban,UNY
Yes,229891,Business,Fisheries,354885,27456,NA,NA,NA,NA,Urban,UNY
Yes,79407,Business,Poultry,482255,114042,NA,NA,NA,NA,Rural,UNY
Yes,313441,Business,Computer Centre,100879,14268,NA,NA,NA,NA,Urban,MFS
Yes,357820,Business,Computer Centre,415887,160117,NA,NA,NA,NA,Rural,UNY
Yes,247950,Business,Poultry,42050,27088,NA,NA,NA,NA,Rural,AMY
Yes,450837,Business,Tailoring,148107,72852,NA,NA,NA,NA,Urban,UNY
Yes,160829,Business,Transport,54633,38948,NA,NA,NA,NA,Urban,MFS
Yes,380885,Business,Poultry,97768,96288,NA,NA,NA,NA,Urban,AMY
Yes,328232,Education,NA,3007408,1297057,Graduate,MCA,Technical,Yes,Urban,ELS
Yes,390560,Education,NA,3115501,2728168,Graduate,Law,Management,Yes,Rural,ELS
Yes,774985,Business,Grocery Shop,398741,120114,NA,NA,NA,NA,Rural,NO_ELIGIBLE_SCHEME
No,179780,Business,Computer Centre,410539,364483,NA,NA,NA,NA,Rural,NO_ELIGIBLE_SCHEME
Yes,109683,Business,Computer Centre,130536,10803,NA,NA,NA,NA,Urban,MFS
Yes,397970,Business,Food Business,7135597,6886730,NA,NA,NA,NA,Rural,NO_ELIGIBLE_SCHEME
Yes,401934,Business,Computer Centre,69650,35866,NA,NA,NA,NA,Rural,MFS
Yes,85794,Education,NA,3362986,1495191,Postgraduate,Law,Professional,Yes,Urban,ELS
Yes,237740,Business,Poultry,50119,38878,NA,NA,NA,NA,Rural,AMY
Yes,279300,Business,Grocery Shop,68103,40685,NA,NA,NA,NA,Urban,MFS
Yes,269498,Business,Poultry,95916,79135,NA,NA,NA,NA,Rural,MFS
Yes,108611,Business,Service Business,295292,119525,NA,NA,NA,NA,Rural,UNY
Yes,226875,Business,Service Business,300812,143146,NA,NA,NA,NA,Urban,UNY
Yes,418560,Education,NA,1083808,1083808,Graduate,Nursing,Professional,Yes,Rural,ELS
Yes,224109,Business,Poultry,981007,761741,NA,NA,NA,NA,Urban,TERM_LOAN
Yes,259370,Business,Fisheries,75043,58887,NA,NA,NA,NA,Urban,AMY
Yes,50508,Business,Fisheries,886812,816208,NA,NA,NA,NA,Urban,TERM_LOAN
Yes,314641,Business,Food Business,129870,28156,NA,NA,NA,NA,Urban,MFS
Yes,355402,Business,Small Manufacturing,139392,58393,NA,NA,NA,NA,Rural,MFS
Yes,327320,Business,Fisheries,1427994,1421943,NA,NA,NA,NA,Rural,TERM_LOAN
Yes,169211,Business,Food Business,4069284,3277776,NA,NA,NA,NA,Rural,TERM_LOAN
Yes,279753,Business,Transport,36310,22646,NA,NA,NA,NA,Rural,MFS
Yes,115310,Business,Service Business,215836,93729,NA,NA,NA,NA,Rural,UNY
Yes,341538,Business,Poultry,1658182,416979,NA,NA,NA,NA,Urban,TERM_LOAN
Yes,205571,Business,Repair Shop,178974,167917,NA,NA,NA,NA,Urban,UNY
Yes,280263,Education,NA,253858,253858,Postgraduate,Nursing,Management,Yes,Urban,ELS
Yes,299791,Business,Repair Shop,88385,60867,NA,NA,NA,NA,Urban,MFS
Yes,153865,Business,Food Business,93035,83308,NA,NA,NA,NA,Urban,MFS
Yes,251361,Business,Poultry,42170,21127,NA,NA,NA,NA,Urban,AMY
Yes,377751,Education,NA,2242964,427600,12th,MCA,Medical,Yes,Urban,ELS
Yes,154137,Business,Repair Shop,3109029,2206347,NA,NA,NA,NA,Rural,TERM_LOAN
Yes,202464,Business,Fisheries,86629,20579,NA,NA,NA,NA,Rural,AMY
Yes,471226,Education,NA,2526781,1200152,Graduate,BTech,Professional,Yes,Rural,ELS
Yes,475482,Business,Repair Shop,53878,45155,NA,NA,NA,NA,Rural,AMY
Yes,308846,Education,NA,2870201,1122256,12th,Law,Management,Yes,Rural,ELS
No,100180,Business,Service Business,460128,398545,NA,NA,NA,NA,Urban,NO_ELIGIBLE_SCHEME
Yes,372813,Business,Small Manufacturing,379408,225766,NA,NA,NA,NA,Rural,UNY
Yes,209680,Education,NA,3073175,1110939,Postgraduate,BCA,Technical,No,Urban,NO_ELIGIBLE_SCHEME
Yes,65618,Business,Computer Centre,92742,56056,NA,NA,NA,NA,Urban,AMY
Yes,680982,Business,Food Business,270740,60989,NA,NA,NA,NA,Urban,NO_ELIGIBLE_SCHEME
Yes,407584,Business,Computer Centre,6166613,6131406,NA,NA,NA,NA,Urban,NO_ELIGIBLE_SCHEME
Yes,192512,Business,Repair Shop,6032404,6246203,NA,NA,NA,NA,Rural,NO_ELIGIBLE_SCHEME
Yes,307783,Business,Food Business,81216,31660,NA,NA,NA,NA,Urban,AMY
Yes,302795,Business,Small Manufacturing,88495,25162,NA,NA,NA,NA,Rural,AMY
Yes,250551,Business,Transport,36440,31254,NA,NA,NA,NA,Rural,AMY
Yes,208063,Business,Small Manufacturing,1600532,495837,NA,NA,NA,NA,Rural,TERM_LOAN
Yes,71337,Business,Poultry,61934,48141,NA,NA,NA,NA,Rural,MFS
Yes,221064,Business,Poultry,6835353,5061339,NA,NA,NA,NA,Urban,NO_ELIGIBLE_SCHEME
Yes,151429,Business,Repair Shop,2477554,640609,NA,NA,NA,NA,Urban,TERM_LOAN
Yes,401562,Business,Small Manufacturing,278330,189417,NA,NA,NA,NA,Urban,UNY
Yes,168923,Business,Tailoring,481869,371729,NA,NA,NA,NA,Urban,UNY
No,87143,Business,Grocery Shop,289107,60691,NA,NA,NA,NA,Rural,NO_ELIGIBLE_SCHEME
Yes,247922,Business,Grocery Shop,1273340,699815,NA,NA,NA,NA,Urban,TERM_LOAN
Yes,450648,Education,NA,1174989,1174989,Graduate,BCA,Management,Yes,Urban,ELS
Yes,350131,Education,NA,3471254,3209306,12th,MBA,Professional,Yes,Rural,ELS
Yes,78538,Business,Computer Centre,74669,64559,NA,NA,NA,NA,Rural,MFS
Yes,295756,Business,Tailoring,683157,600173,NA,NA,NA,NA,Urban,TERM_LOAN
Yes,418866,Business,Repair Shop,83138,75866,NA,NA,NA,NA,Rural,MFS
Yes,191218,Business,Repair Shop,3476734,1290511,NA,NA,NA,NA,Urban,TERM_LOAN
Yes,262832,Education,NA,3783040,1876312,Graduate,Nursing,Medical,Yes,Urban,ELS
Yes,168794,Education,NA,2145722,2953779,Graduate,MCA,Medical,No,Urban,NO_ELIGIBLE_SCHEME
Yes,80534,Education,NA,534943,534943,Graduate,Law,Medical,Yes,Rural,ELS
Yes,69234,Education,NA,1282876,1282876,Graduate,Medical,Management,Yes,Urban,ELS
Yes,130826,Business,Food Business,213371,75737,NA,NA,NA,NA,Urban,UNY
Yes,292600,Business,Tailoring,53433,39085,NA,NA,NA,NA,Urban,AMY
Yes,76800,Business,Tailoring,2439855,1382933,NA,NA,NA,NA,Rural,TERM_LOAN
Yes,103247,Business,Poultry,263798,218917,NA,NA,NA,NA,Rural,UNY
Yes,604488,Business,Service Business,272944,243396,NA,NA,NA,NA,Rural,NO_ELIGIBLE_SCHEME
Yes,263875,Business,Fisheries,2180563,447254,NA,NA,NA,NA,Rural,TERM_LOAN
Yes,477329,Business,Small Manufacturing,225653,67463,NA,NA,NA,NA,Urban,UNY
Yes,319031,Business,Poultry,4969445,352831,NA,NA,NA,NA,Rural,TERM_LOAN
Yes,236791,Education,NA,507972,2915358,Graduate,MCA,Professional,No,Urban,NO_ELIGIBLE_SCHEME
Yes,51963,Business,Computer Centre,3981971,3601754,NA,NA,NA,NA,Rural,TERM_LOAN
Yes,258738,Business,Small Manufacturing,128524,47015,NA,NA,NA,NA,Rural,AMY
Yes,402642,Business,Food Business,91381,31706,NA,NA,NA,NA,Rural,AMY
Yes,468112,Business,Grocery Shop,1717820,214981,NA,NA,NA,NA,Rural,TERM_LOAN
Yes,278979,Business,Computer Centre,2922963,1681546,NA,NA,NA,NA,Rural,TERM_LOAN
Yes,248464,Education,NA,2507883,2507883,Graduate,MCA,Professional,Yes,Urban,ELS
Yes,346962,Business,Fisheries,7539041,5839308,NA,NA,NA,NA,Urban,NO_ELIGIBLE_SCHEME
Yes,398164,Business,Tailoring,314409,255061,NA,NA,NA,NA,Rural,TERM_LOAN
Yes,59005,Business,Small Manufacturing,354916,163304,NA,NA,NA,NA,Rural,UNY
Yes,491897,Business,Tailoring,119733,52504,NA,NA,NA,NA,Rural,MFS
Yes,268883,Business,Tailoring,39974,19174,NA,NA,NA,NA,Urban,AMY
Yes,137130,Business,Repair Shop,121709,116509,NA,NA,NA,NA,Urban,AMY
Yes,294855,Business,Tailoring,85519,63883,NA,NA,NA,NA,Rural,MFS
Yes,719452,Business,Small Manufacturing,366839,286491,NA,NA,NA,NA,Rural,NO_ELIGIBLE_SCHEME
Yes,424010,Business,Fisheries,74979,57615,NA,NA,NA,NA,Urban,MFS
Yes,269837,Business,Repair Shop,4856841,3157741,NA,NA,NA,NA,Rural,TERM_LOAN
Yes,397067,Business,Small Manufacturing,2097008,1445829,NA,NA,NA,NA,Urban,TERM_LOAN
Yes,396391,Business,Tailoring,1586123,443072,NA,NA,NA,NA,Urban,TERM_LOAN
Yes,312254,Business,Transport,4741393,2805855,NA,NA,NA,NA,Rural,TERM_LOAN
Yes,498567,Business,Fisheries,49725,26964,NA,NA,NA,NA,Urban,AMY
Yes,429729,Business,Fisheries,40652,38744,NA,NA,NA,NA,Urban,AMY
Yes,480311,Business,Computer Centre,122190,83404,NA,NA,NA,NA,Rural,MFS
Yes,296576,Business,Tailoring,139433,20735,NA,NA,NA,NA,Rural,MFS
Yes,64930,Business,Tailoring,111515,52083,NA,NA,NA,NA,Urban,AMY
Yes,351535,Business,Tailoring,441647,240881,NA,NA,NA,NA,Urban,UNY
Yes,127255,Business,Tailoring,59444,23050,NA,NA,NA,NA,Rural,MFS
Yes,228431,Education,NA,282050,282050,Graduate,Medical,Management,Yes,Urban,ELS
No,189374,Business,Poultry,290033,268580,NA,NA,NA,NA,Rural,NO_ELIGIBLE_SCHEME
Yes,297577,Business,Grocery Shop,286292,275753,NA,NA,NA,NA,Urban,UNY
Yes,200914,Business,Service Business,145098,76468,NA,NA,NA,NA,Rural,UNY
Yes,241192,Business,Small Manufacturing,489549,55200,NA,NA,NA,NA,Rural,UNY
Yes,128959,Business,Repair Shop,4895184,3261715,NA,NA,NA,NA,Rural,TERM_LOAN
Yes,446657,Business,Transport,113817,34404,NA,NA,NA,NA,Rural,AMY
Yes,367016,Business,Service Business,429774,361461,NA,NA,NA,NA,Urban,UNY
Yes,249838,Business,Service Business,303377,290668,NA,NA,NA,NA,Urban,UNY
Yes,131610,Education,NA,405928,405928,Graduate,MCA,Management,Yes,Rural,ELS
Yes,570149,Business,Food Business,417438,48683,NA,NA,NA,NA,Rural,NO_ELIGIBLE_SCHEME
Yes,294565,Business,Grocery Shop,71827,25842,NA,NA,NA,NA,Urban,MFS
Yes,366846,Business,Tailoring,2842426,579082,NA,NA,NA,NA,Urban,TERM_LOAN
Yes,468821,Business,Food Business,90394,79323,NA,NA,NA,NA,Urban,AMY
Yes,187873,Business,Transport,3252127,3196211,NA,NA,NA,NA,Urban,TERM_LOAN
Yes,236236,Business,Transport,6672592,5327182,NA,NA,NA,NA,Urban,NO_ELIGIBLE_SCHEME
Yes,344878,Business,Tailoring,393982,36321,NA,NA,NA,NA,Urban,UNY
Yes,169454,Business,Computer Centre,107913,77307,NA,NA,NA,NA,Urban,AMY
Yes,164212,Business,Transport,113590,82955,NA,NA,NA,NA,Rural,AMY
Yes,77064,Education,NA,4371021,1846529,12th,Law,Management,Yes,Urban,ELS
Yes,134948,Business,Service Business,134825,120694,NA,NA,NA,NA,Rural,MFS
Yes,338442,Business,Computer Centre,94297,85061,NA,NA,NA,NA,Rural,MFS
Yes,85483,Business,Small Manufacturing,98614,57265,NA,NA,NA,NA,Rural,MFS
Yes,234111,Business,Grocery Shop,2950876,2395012,NA,NA,NA,NA,Urban,TERM_LOAN
Yes,95291,Business,Service Business,122808,25725,NA,NA,NA,NA,Rural,MFS
Yes,466926,Business,Small Manufacturing,123555,123011,NA,NA,NA,NA,Rural,AMY
Yes,159962,Business,Fisheries,5000000,5000000,NA,NA,NA,NA,Urban,NO_ELIGIBLE_SCHEME
Yes,286140,Education,NA,1515627,1515627,Graduate,Pharmacy,Technical,Yes,Urban,ELS
Yes,382287,Business,Computer Centre,138787,39563,NA,NA,NA,NA,Rural,MFS
Yes,411126,Business,Small Manufacturing,1329159,548928,NA,NA,NA,NA,Rural,TERM_LOAN
Yes,112006,Business,Tailoring,311268,114601,NA,NA,NA,NA,Rural,UNY
Yes,74014,Business,Computer Centre,62097,31280,NA,NA,NA,NA,Urban,AMY
Yes,207377,Business,Tailoring,118939,62579,NA,NA,NA,NA,Rural,AMY
Yes,63316,Business,Fisheries,1168957,1017792,NA,NA,NA,NA,Urban,TERM_LOAN
Yes,166228,Education,NA,3000717,2752600,12th,Law,Medical,Yes,Urban,ELS
Yes,170187,Business,Service Business,488112,234346,NA,NA,NA,NA,Urban,UNY
Yes,290116,Business,Small Manufacturing,56066,42810,NA,NA,NA,NA,Rural,MFS
Yes,136204,Business,Repair Shop,318356,237284,NA,NA,NA,NA,Rural,UNY
Yes,438862,Business,Repair Shop,50760,44193,NA,NA,NA,NA,Rural,AMY
Yes,222074,Business,Service Business,5000000,5000000,NA,NA,NA,NA,Rural,NO_ELIGIBLE_SCHEME
Yes,433630,Business,Transport,120310,74165,NA,NA,NA,NA,Rural,MFS
Yes,459498,Education,NA,3216616,1796867,12th,MCA,Medical,Yes,Urban,ELS
Yes,257825,Business,Transport,6360080,6009618,NA,NA,NA,NA,Rural,NO_ELIGIBLE_SCHEME
Yes,415936,Business,Computer Centre,3531681,2489427,NA,NA,NA,NA,Rural,TERM_LOAN
Yes,380655,Business,Transport,1276709,1043178,NA,NA,NA,NA,Urban,TERM_LOAN
Yes,186193,Business,Computer Centre,127595,53864,NA,NA,NA,NA,Urban,MFS
Yes,141890,Business,Small Manufacturing,77916,58029,NA,NA,NA,NA,Rural,MFS
Yes,158078,Business,Repair Shop,131317,29435,NA,NA,NA,NA,Rural,AMY
Yes,129631,Business,Poultry,578953,336662,NA,NA,NA,NA,Urban,TERM_LOAN
Yes,426721,Business,Poultry,405188,285689,NA,NA,NA,NA,Rural,UNY
Yes,474916,Business,Tailoring,339490,59612,NA,NA,NA,NA,Rural,UNY
Yes,178451,Business,Tailoring,49473,36476,NA,NA,NA,NA,Rural,AMY
Yes,78587,Business,Small Manufacturing,65954,12982,NA,NA,NA,NA,Urban,MFS
Yes,82607,Business,Transport,40740,13022,NA,NA,NA,NA,Rural,MFS
Yes,154512,Education,NA,1474823,123199,Postgraduate,MCA,Medical,Yes,Urban,ELS
Yes,321319,Business,Transport,116461,60369,NA,NA,NA,NA,Rural,AMY
Yes,220987,Business,Fisheries,132101,24435,NA,NA,NA,NA,Rural,MFS
Yes,309788,Business,Transport,36672,23851,NA,NA,NA,NA,Rural,AMY
Yes,211361,Business,Repair Shop,133572,18891,NA,NA,NA,NA,Urban,MFS
Yes,378183,Business,Service Business,421806,289057,NA,NA,NA,NA,Urban,UNY
Yes,376127,Business,Grocery Shop,153188,39034,NA,NA,NA,NA,Urban,UNY
Yes,327782,Education,NA,316702,316702,Graduate,Engineering,Medical,Yes,Rural,ELS
Yes,317605,Education,NA,573842,573842,Graduate,Nursing,Management,Yes,Rural,ELS
Yes,138278,Business,Computer Centre,108231,80617,NA,NA,NA,NA,Urban,MFS
Yes,136896,Education,NA,3759110,1905741,Postgraduate,Engineering,Professional,Yes,Urban,ELS
Yes,150278,Business,Computer Centre,61380,47094,NA,NA,NA,NA,Urban,AMY
Yes,93121,Business,Computer Centre,103024,15322,NA,NA,NA,NA,Urban,MFS
Yes,426752,Business,Poultry,114972,43720,NA,NA,NA,NA,Rural,MFS
Yes,354902,Business,Computer Centre,70135,53513,NA,NA,NA,NA,Urban,MFS
Yes,162232,Education,NA,3478045,829383,Graduate,MBA,Management,Yes,Urban,ELS
Yes,50222,Business,Food Business,5000000,5000000,NA,NA,NA,NA,Urban,NO_ELIGIBLE_SCHEME
Yes,144920,Business,Tailoring,3197358,2550884,NA,NA,NA,NA,Urban,TERM_LOAN
Yes,64668,Business,Poultry,68532,41845,NA,NA,NA,NA,Rural,MFS
Yes,254173,Business,Tailoring,340099,141034,NA,NA,NA,NA,Rural,TERM_LOAN
No,350860,Business,Computer Centre,302666,356778,NA,NA,NA,NA,Rural,NO_ELIGIBLE_SCHEME
Yes,338243,Education,NA,1106226,2739824,12th,Pharmacy,Professional,No,Rural,NO_ELIGIBLE_SCHEME
Yes,238085,Business,Small Manufacturing,306699,116775,NA,NA,NA,NA,Rural,TERM_LOAN
Yes,141892,Business,Food Business,131398,117509,NA,NA,NA,NA,Urban,MFS
Yes,67624,Education,NA,2569805,827832,Graduate,Law,Management,Yes,Urban,ELS
Yes,79484,Business,Fisheries,453915,423696,NA,NA,NA,NA,Urban,UNY
Yes,533594,Business,Service Business,105070,39492,NA,NA,NA,NA,Urban,NO_ELIGIBLE_SCHEME
Yes,424070,Business,Service Business,242136,109480,NA,NA,NA,NA,Urban,UNY
Yes,228903,Business,Tailoring,96317,94874,NA,NA,NA,NA,Urban,MFS
Yes,290642,Education,NA,1119206,1119206,12th,Pharmacy,Management,Yes,Urban,ELS
Yes,423210,Business,Small Manufacturing,456779,438381,NA,NA,NA,NA,Rural,UNY
No,128738,Business,Service Business,287965,110346,NA,NA,NA,NA,Urban,NO_ELIGIBLE_SCHEME
Yes,62484,Business,Repair Shop,58417,43495,NA,NA,NA,NA,Rural,AMY
Yes,340161,Business,Computer Centre,132112,70625,NA,NA,NA,NA,Rural,AMY
Yes,194236,Business,Tailoring,319397,239962,NA,NA,NA,NA,Urban,UNY
Yes,411727,Education,NA,3232872,605320,Graduate,Law,Medical,Yes,Urban,ELS
Yes,67481,Business,Transport,41211,11988,NA,NA,NA,NA,Urban,MFS
Yes,698226,Business,Food Business,492889,64985,NA,NA,NA,NA,Rural,NO_ELIGIBLE_SCHEME
Yes,157765,Business,Small Manufacturing,405949,283692,NA,NA,NA,NA,Urban,UNY
Yes,293009,Business,Transport,54453,42611,NA,NA,NA,NA,Urban,AMY
Yes,93986,Business,Transport,5000000,5000000,NA,NA,NA,NA,Rural,NO_ELIGIBLE_SCHEME
Yes,131916,Business,Service Business,110931,19225,NA,NA,NA,NA,Urban,AMY
Yes,72977,Business,Food Business,369671,173121,NA,NA,NA,NA,Rural,UNY
Yes,283336,Business,Repair Shop,3965450,2767580,NA,NA,NA,NA,Rural,TERM_LOAN
Yes,214897,Business,Repair Shop,89614,21542,NA,NA,NA,NA,Urban,MFS
Yes,393248,Business,Transport,2188215,1448935,NA,NA,NA,NA,Urban,TERM_LOAN
Yes,445563,Business,Computer Centre,33406,29947,NA,NA,NA,NA,Urban,AMY
Yes,231804,Business,Food Business,111618,94696,NA,NA,NA,NA,Urban,MFS
Yes,96699,Education,NA,2426208,1853688,12th,MCA,Technical,No,Rural,NO_ELIGIBLE_SCHEME
Yes,450866,Business,Fisheries,137799,31004,NA,NA,NA,NA,Urban,AMY
Yes,297677,Education,NA,3119456,2469196,12th,MCA,Medical,Yes,Rural,ELS
Yes,331507,Business,Tailoring,90852,22880,NA,NA,NA,NA,Urban,AMY
Yes,346188,Business,Grocery Shop,159790,60836,NA,NA,NA,NA,Urban,UNY
Yes,140505,Business,Poultry,400943,182376,NA,NA,NA,NA,Urban,UNY
Yes,164151,Business,Repair Shop,435711,62076,NA,NA,NA,NA,Rural,UNY
Yes,492239,Business,Poultry,289445,247911,NA,NA,NA,NA,Rural,UNY
Yes,486036,Business,Small Manufacturing,134608,16295,NA,NA,NA,NA,Rural,AMY
Yes,83771,Business,Tailoring,2011115,637537,NA,NA,NA,NA,Urban,TERM_LOAN
No,355303,Business,Service Business,351514,144545,NA,NA,NA,NA,Rural,NO_ELIGIBLE_SCHEME
Yes,616157,Business,Poultry,203820,359708,NA,NA,NA,NA,Rural,NO_ELIGIBLE_SCHEME
Yes,434172,Business,Repair Shop,32142,26441,NA,NA,NA,NA,Rural,AMY
No,456074,Business,Small Manufacturing,268848,139813,NA,NA,NA,NA,Rural,NO_ELIGIBLE_SCHEME
Yes,247119,Business,Service Business,442112,402957,NA,NA,NA,NA,Rural,UNY
Yes,498165,Business,Small Manufacturing,1308112,389852,NA,NA,NA,NA,Rural,TERM_LOAN
Yes,429059,Business,Computer Centre,374090,96296,NA,NA,NA,NA,Urban,UNY
Yes,117747,Education,NA,2126068,2126068,Graduate,MCA,Management,Yes,Urban,ELS
Yes,340349,Education,NA,270858,181593,12th,Pharmacy,Management,No,Rural,NO_ELIGIBLE_SCHEME
Yes,125858,Business,Poultry,66342,66256,NA,NA,NA,NA,Urban,MFS
Yes,492156,Business,Service Business,1213549,339516,NA,NA,NA,NA,Rural,TERM_LOAN
Yes,356792,Business,Fisheries,2906054,190005,NA,NA,NA,NA,Urban,TERM_LOAN
Yes,422119,Business,Food Business,106674,32079,NA,NA,NA,NA,Urban,AMY
Yes,408761,Education,NA,1962111,1859546,12th,Nursing,Management,Yes,Urban,ELS
Yes,166513,Education,NA,1765210,2806956,Graduate,BCA,Technical,No,Urban,NO_ELIGIBLE_SCHEME
Yes,377322,Business,Service Business,46540,28023,NA,NA,NA,NA,Urban,MFS
Yes,353988,Business,Grocery Shop,129344,118164,NA,NA,NA,NA,Rural,AMY
Yes,227296,Education,NA,410161,410161,12th,Medical,Medical,Yes,Urban,ELS
Yes,219545,Education,NA,4309130,2280434,Graduate,Pharmacy,Management,Yes,Urban,ELS
Yes,498502,Business,Computer Centre,88287,40947,NA,NA,NA,NA,Rural,MFS
Yes,207063,Business,Small Manufacturing,271791,258569,NA,NA,NA,NA,Rural,UNY
Yes,297339,Education,NA,1277931,404565,Graduate,Engineering,Medical,No,Rural,NO_ELIGIBLE_SCHEME
Yes,432727,Business,Poultry,2082444,57568,NA,NA,NA,NA,Rural,TERM_LOAN
Yes,419258,Business,Tailoring,196719,114841,NA,NA,NA,NA,Urban,UNY
Yes,98681,Business,Poultry,107360,26338,NA,NA,NA,NA,Rural,AMY
Yes,261915,Business,Poultry,110149,76902,NA,NA,NA,NA,Urban,MFS
Yes,94902,Education,NA,1595533,763803,Postgraduate,BCA,Management,Yes,Rural,ELS
Yes,99509,Education,NA,3976774,2564707,Graduate,Medical,Professional,Yes,Urban,ELS
Yes,341154,Business,Service Business,356639,335954,NA,NA,NA,NA,Rural,UNY
Yes,436107,Business,Small Manufacturing,3796694,1872012,NA,NA,NA,NA,Urban,TERM_LOAN
Yes,183717,Business,Computer Centre,4839094,1912091,NA,NA,NA,NA,Rural,TERM_LOAN
Yes,226311,Education,NA,4423669,1223906,12th,Nursing,Management,Yes,Rural,ELS
No,302551,Business,Small Manufacturing,278918,279755,NA,NA,NA,NA,Urban,NO_ELIGIBLE_SCHEME
Yes,443304,Business,Service Business,82150,39110,NA,NA,NA,NA,Rural,MFS
Yes,429080,Business,Service Business,3033138,2116729,NA,NA,NA,NA,Urban,TERM_LOAN
Yes,350475,Education,NA,1000237,1000237,Graduate,Nursing,Professional,Yes,Rural,ELS
Yes,346673,Business,Repair Shop,5000000,5000000,NA,NA,NA,NA,Rural,NO_ELIGIBLE_SCHEME
Yes,279428,Business,Transport,2865692,174418,NA,NA,NA,NA,Rural,TERM_LOAN
Yes,137938,Education,NA,1516624,1496517,Postgraduate,Pharmacy,Medical,Yes,Rural,ELS
Yes,408855,Education,NA,4064437,3790267,Postgraduate,MCA,Management,Yes,Rural,ELS
Yes,320384,Business,Transport,230680,76867,NA,NA,NA,NA,Urban,UNY
Yes,78210,Education,NA,2211064,2607181,12th,Pharmacy,Technical,No,Rural,NO_ELIGIBLE_SCHEME
Yes,323365,Education,NA,1355745,904841,Graduate,BCA,Professional,No,Rural,NO_ELIGIBLE_SCHEME
Yes,93041,Business,Grocery Shop,40863,13298,NA,NA,NA,NA,Rural,AMY
Yes,303978,Education,NA,4056617,573760,Graduate,Engineering,Technical,Yes,Rural,ELS
Yes,299850,Education,NA,2429810,2175165,12th,BCA,Technical,Yes,Rural,ELS
Yes,485027,Business,Transport,85436,31734,NA,NA,NA,NA,Urban,AMY
Yes,293669,Business,Repair Shop,87001,16362,NA,NA,NA,NA,Rural,AMY
Yes,495942,Business,Small Manufacturing,31403,16609,NA,NA,NA,NA,Urban,MFS
Yes,291144,Education,NA,725519,725519,Graduate,MCA,Management,Yes,Urban,ELS
Yes,227080,Business,Small Manufacturing,138572,47171,NA,NA,NA,NA,Rural,MFS
Yes,492413,Business,Small Manufacturing,259086,71480,NA,NA,NA,NA,Rural,UNY
Yes,296039,Education,NA,157349,157349,Postgraduate,BTech,Management,Yes,Rural,ELS
Yes,353350,Business,Food Business,382934,230575,NA,NA,NA,NA,Rural,UNY
Yes,144269,Business,Repair Shop,38394,24432,NA,NA,NA,NA,Urban,AMY
Yes,56133,Business,Service Business,34799,18403,NA,NA,NA,NA,Urban,AMY
Yes,264302,Education,NA,1651090,1268235,12th,MBA,Management,Yes,Urban,ELS
No,374249,Business,Computer Centre,96813,369500,NA,NA,NA,NA,Rural,NO_ELIGIBLE_SCHEME
Yes,192482,Business,Food Business,1370088,361396,NA,NA,NA,NA,Urban,TERM_LOAN
Yes,338410,Business,Tailoring,119353,110613,NA,NA,NA,NA,Urban,MFS
Yes,336856,Business,Grocery Shop,48693,30286,NA,NA,NA,NA,Urban,AMY
Yes,358973,Business,Grocery Shop,32348,23347,NA,NA,NA,NA,Urban,AMY
Yes,577567,Business,Fisheries,294033,278891,NA,NA,NA,NA,Urban,NO_ELIGIBLE_SCHEME
Yes,244808,Business,Fisheries,123439,70975,NA,NA,NA,NA,Urban,AMY
Yes,173092,Business,Food Business,33888,29190,NA,NA,NA,NA,Urban,AMY
Yes,272848,Business,Grocery Shop,4085866,1931888,NA,NA,NA,NA,Urban,TERM_LOAN
Yes,182127,Business,Food Business,53253,38204,NA,NA,NA,NA,Rural,AMY
Yes,81572,Education,NA,542376,542376,12th,Law,Management,Yes,Urban,ELS
Yes,352282,Business,Service Business,3578848,853990,NA,NA,NA,NA,Rural,TERM_LOAN
Yes,177440,Business,Computer Centre,61985,31540,NA,NA,NA,NA,Rural,AMY
Yes,456665,Business,Transport,37345,18732,NA,NA,NA,NA,Rural,MFS
Yes,171017,Business,Poultry,94138,75178,NA,NA,NA,NA,Rural,MFS
Yes,139849,Business,Computer Centre,79556,10999,NA,NA,NA,NA,Rural,AMY
Yes,81479,Business,Fisheries,2821582,674690,NA,NA,NA,NA,Rural,TERM_LOAN
Yes,465513,Business,Repair Shop,210732,132098,NA,NA,NA,NA,Rural,UNY
Yes,291208,Business,Computer Centre,244874,226167,NA,NA,NA,NA,Urban,UNY
Yes,793812,Business,Food Business,256228,230987,NA,NA,NA,NA,Rural,NO_ELIGIBLE_SCHEME
Yes,99121,Business,Food Business,49442,41392,NA,NA,NA,NA,Rural,AMY
Yes,252187,Business,Grocery Shop,392853,283478,NA,NA,NA,NA,Rural,UNY
Yes,168002,Business,Tailoring,126030,116223,NA,NA,NA,NA,Rural,AMY
Yes,420672,Education,NA,2032767,2032767,Postgraduate,Law,Professional,Yes,Urban,ELS
Yes,164490,Business,Computer Centre,53827,45075,NA,NA,NA,NA,Rural,AMY
Yes,789736,Business,Small Manufacturing,258578,201715,NA,NA,NA,NA,Rural,NO_ELIGIBLE_SCHEME
Yes,238045,Business,Food Business,48040,31810,NA,NA,NA,NA,Urban,AMY
No,146473,Business,Tailoring,121994,265761,NA,NA,NA,NA,Rural,NO_ELIGIBLE_SCHEME
Yes,522956,Business,Fisheries,63803,252413,NA,NA,NA,NA,Urban,NO_ELIGIBLE_SCHEME
Yes,203820,Business,Poultry,52795,39604,NA,NA,NA,NA,Rural,AMY
Yes,364278,Business,Small Manufacturing,3808790,1495271,NA,NA,NA,NA,Urban,TERM_LOAN
Yes,229528,Business,Service Business,38450,20396,NA,NA,NA,NA,Urban,AMY
Yes,199025,Education,NA,2534316,512038,12th,Medical,Technical,Yes,Rural,ELS
Yes,410023,Business,Grocery Shop,7586553,6183190,NA,NA,NA,NA,Rural,NO_ELIGIBLE_SCHEME
Yes,246937,Business,Repair Shop,499300,254990,NA,NA,NA,NA,Rural,UNY
Yes,410884,Business,Repair Shop,135151,110913,NA,NA,NA,NA,Rural,AMY
Yes,184091,Business,Service Business,219180,127177,NA,NA,NA,NA,Urban,UNY
Yes,62598,Business,Small Manufacturing,4235233,1780487,NA,NA,NA,NA,Urban,TERM_LOAN
Yes,205211,Business,Small Manufacturing,4976999,1812348,NA,NA,NA,NA,Urban,TERM_LOAN
Yes,109433,Business,Poultry,120434,42688,NA,NA,NA,NA,Urban,AMY
Yes,161237,Education,NA,1978836,1978836,Postgraduate,Pharmacy,Professional,Yes,Urban,ELS
Yes,123059,Business,Repair Shop,132058,117349,NA,NA,NA,NA,Urban,AMY
Yes,221937,Business,Transport,129600,27263,NA,NA,NA,NA,Urban,AMY
Yes,274715,Business,Repair Shop,375246,243428,NA,NA,NA,NA,Rural,UNY
Yes,256823,Education,NA,2249162,1545457,Postgraduate,BTech,Professional,Yes,Urban,ELS
Yes,309518,Business,Computer Centre,1004448,373935,NA,NA,NA,NA,Rural,TERM_LOAN
Yes,278316,Business,Repair Shop,68895,17705,NA,NA,NA,NA,Urban,AMY
Yes,210411,Business,Food Business,6822808,6580736,NA,NA,NA,NA,Rural,NO_ELIGIBLE_SCHEME
Yes,411171,Business,Food Business,7292410,5877565,NA,NA,NA,NA,Urban,NO_ELIGIBLE_SCHEME
Yes,475439,Business,Poultry,69759,67696,NA,NA,NA,NA,Urban,AMY
Yes,460116,Education,NA,1245843,1245843,Postgraduate,Law,Technical,Yes,Rural,ELS
Yes,434426,Education,NA,3976009,1906281,Postgraduate,MCA,Professional,No,Rural,NO_ELIGIBLE_SCHEME
Yes,93444,Business,Service Business,5000000,5000000,NA,NA,NA,NA,Urban,NO_ELIGIBLE_SCHEME
Yes,54116,Business,Tailoring,5000000,5000000,NA,NA,NA,NA,Urban,NO_ELIGIBLE_SCHEME
Yes,207588,Business,Food Business,5000000,5000000,NA,NA,NA,NA,Urban,NO_ELIGIBLE_SCHEME
Yes,105519,Business,Grocery Shop,227145,209850,NA,NA,NA,NA,Urban,UNY
Yes,347810,Business,Food Business,4867696,1801380,NA,NA,NA,NA,Urban,TERM_LOAN
Yes,72232,Business,Repair Shop,4863030,422575,NA,NA,NA,NA,Rural,TERM_LOAN
Yes,191714,Business,Repair Shop,95392,14424,NA,NA,NA,NA,Urban,AMY
Yes,441634,Business,Grocery Shop,393574,238652,NA,NA,NA,NA,Urban,UNY
Yes,361271,Business,Small Manufacturing,1454755,255416,NA,NA,NA,NA,Rural,TERM_LOAN
Yes,323757,Business,Small Manufacturing,4300974,3096872,NA,NA,NA,NA,Urban,TERM_LOAN
Yes,441820,Business,Food Business,115979,43612,NA,NA,NA,NA,Rural,MFS
Yes,181146,Business,Food Business,100504,85352,NA,NA,NA,NA,Urban,MFS
Yes,360083,Business,Service Business,209414,33695,NA,NA,NA,NA,Urban,UNY
Yes,63448,Education,NA,3867131,3093798,12th,BTech,Professional,No,Urban,NO_ELIGIBLE_SCHEME
No,206660,Business,Poultry,61508,73074,NA,NA,NA,NA,Rural,NO_ELIGIBLE_SCHEME
Yes,417525,Education,NA,2076494,920254,Graduate,Medical,Technical,Yes,Urban,ELS
Yes,231933,Business,Computer Centre,5000000,5000000,NA,NA,NA,NA,Rural,NO_ELIGIBLE_SCHEME
Yes,415799,Business,Service Business,3225798,80714,NA,NA,NA,NA,Urban,TERM_LOAN
Yes,563273,Business,Food Business,225570,191024,NA,NA,NA,NA,Rural,NO_ELIGIBLE_SCHEME
Yes,397483,Business,Small Manufacturing,777757,229679,NA,NA,NA,NA,Urban,TERM_LOAN
Yes,340850,Education,NA,585565,585565,Postgraduate,Law,Professional,Yes,Rural,ELS
Yes,310508,Business,Repair Shop,402562,61714,NA,NA,NA,NA,Urban,UNY
No,431294,Business,Tailoring,341909,294369,NA,NA,NA,NA,Urban,NO_ELIGIBLE_SCHEME
Yes,346433,Business,Small Manufacturing,40133,17359,NA,NA,NA,NA,Urban,AMY
Yes,145127,Education,NA,628930,628930,Graduate,BCA,Management,Yes,Urban,ELS
Yes,237362,Business,Transport,86118,55238,NA,NA,NA,NA,Urban,MFS
Yes,56526,Business,Poultry,420064,308369,NA,NA,NA,NA,Urban,UNY
Yes,436938,Business,Service Business,57926,10146,NA,NA,NA,NA,Urban,AMY
Yes,467908,Business,Transport,445701,251943,NA,NA,NA,NA,Rural,UNY
Yes,142275,Business,Service Business,3574011,2919385,NA,NA,NA,NA,Urban,TERM_LOAN
Yes,488168,Business,Poultry,108843,33506,NA,NA,NA,NA,Rural,AMY
Yes,432187,Business,Grocery Shop,190381,60639,NA,NA,NA,NA,Rural,UNY
Yes,217246,Education,NA,4163944,3425818,Postgraduate,Engineering,Management,Yes,Urban,ELS
Yes,324328,Education,NA,3458654,2020821,12th,Nursing,Professional,Yes,Urban,ELS
Yes,241792,Business,Service Business,2814038,1647910,NA,NA,NA,NA,Urban,TERM_LOAN
Yes,297579,Business,Fisheries,139408,73242,NA,NA,NA,NA,Urban,MFS
Yes,388239,Business,Fisheries,4372459,4083669,NA,NA,NA,NA,Urban,TERM_LOAN
Yes,492812,Education,NA,2854665,103275,Graduate,Engineering,Technical,Yes,Rural,ELS
Yes,89027,Business,Tailoring,6437892,5368986,NA,NA,NA,NA,Rural,NO_ELIGIBLE_SCHEME
Yes,305084,Business,Service Business,59850,22448,NA,NA,NA,NA,Urban,AMY
Yes,338698,Business,Small Manufacturing,4813553,3609090,NA,NA,NA,NA,Urban,TERM_LOAN
Yes,498573,Business,Small Manufacturing,420501,77986,NA,NA,NA,NA,Rural,UNY
Yes,442874,Business,Service Business,2381166,810169,NA,NA,NA,NA,Rural,TERM_LOAN
Yes,303055,Business,Grocery Shop,64800,57660,NA,NA,NA,NA,Rural,AMY
Yes,438712,Business,Fisheries,2628679,2405371,NA,NA,NA,NA,Urban,TERM_LOAN
Yes,492857,Education,NA,1371385,1371385,Postgraduate,MBA,Medical,Yes,Rural,ELS
Yes,74702,Business,Grocery Shop,41915,34765,NA,NA,NA,NA,Rural,MFS
Yes,66240,Business,Fisheries,3826730,3602094,NA,NA,NA,NA,Urban,TERM_LOAN
Yes,219241,Business,Tailoring,6023583,5975332,NA,NA,NA,NA,Rural,NO_ELIGIBLE_SCHEME
Yes,183908,Business,Service Business,5000000,5000000,NA,NA,NA,NA,Urban,NO_ELIGIBLE_SCHEME
Yes,511723,Business,Poultry,171341,382464,NA,NA,NA,NA,Rural,NO_ELIGIBLE_SCHEME
Yes,65153,Business,Service Business,2322955,2006286,NA,NA,NA,NA,Rural,TERM_LOAN
Yes,189409,Education,NA,4225403,1601792,Postgraduate,MBA,Technical,Yes,Rural,ELS
Yes,90572,Education,NA,2525067,189107,Graduate,Engineering,Technical,Yes,Urban,ELS
Yes,371445,Business,Computer Centre,5000000,5000000,NA,NA,NA,NA,Rural,NO_ELIGIBLE_SCHEME
Yes,418969,Education,NA,810114,810114,12th,Law,Technical,Yes,Rural,ELS
Yes,69794,Business,Transport,40490,29956,NA,NA,NA,NA,Urban,MFS
Yes,214062,Business,Service Business,113814,63223,NA,NA,NA,NA,Urban,AMY
Yes,179384,Business,Small Manufacturing,307803,272704,NA,NA,NA,NA,Urban,UNY
No,164330,Business,Small Manufacturing,223061,358860,NA,NA,NA,NA,Urban,NO_ELIGIBLE_SCHEME
Yes,272209,Education,NA,1475313,1475313,Graduate,MBA,Management,Yes,Rural,ELS
Yes,419849,Education,NA,4143932,1623350,12th,Engineering,Professional,Yes,Urban,ELS
Yes,732574,Business,Repair Shop,150330,254538,NA,NA,NA,NA,Urban,NO_ELIGIBLE_SCHEME
Yes,359361,Business,Small Manufacturing,70737,14055,NA,NA,NA,NA,Rural,AMY
Yes,474496,Business,Transport,382418,62161,NA,NA,NA,NA,Urban,UNY
Yes,126263,Business,Grocery Shop,382077,313962,NA,NA,NA,NA,Urban,UNY
Yes,378558,Business,Service Business,4466213,2813122,NA,NA,NA,NA,Rural,TERM_LOAN
Yes,460570,Business,Poultry,105053,95802,NA,NA,NA,NA,Urban,AMY
Yes,303195,Business,Small Manufacturing,139945,86692,NA,NA,NA,NA,Rural,MFS
Yes,364619,Business,Grocery Shop,154448,112304,NA,NA,NA,NA,Rural,UNY
Yes,158775,Business,Food Business,3188894,2123743,NA,NA,NA,NA,Rural,TERM_LOAN
Yes,453894,Business,Grocery Shop,129972,71736,NA,NA,NA,NA,Rural,MFS
Yes,259229,Business,Computer Centre,502651,93512,NA,NA,NA,NA,Rural,TERM_LOAN
Yes,442901,Education,NA,624808,579072,Graduate,BCA,Management,No,Rural,NO_ELIGIBLE_SCHEME
Yes,373291,Business,Grocery Shop,107526,89791,NA,NA,NA,NA,Rural,AMY
Yes,118712,Business,Transport,90525,47272,NA,NA,NA,NA,Rural,AMY
Yes,310396,Business,Computer Centre,183970,157352,NA,NA,NA,NA,Urban,UNY
Yes,282751,Business,Tailoring,2555415,1077868,NA,NA,NA,NA,Rural,TERM_LOAN
Yes,189294,Education,NA,4017275,3183176,Postgraduate,Engineering,Medical,Yes,Urban,ELS
Yes,353850,Education,NA,2229695,3725711,12th,BTech,Medical,No,Rural,NO_ELIGIBLE_SCHEME
Yes,345940,Business,Service Business,406024,218065,NA,NA,NA,NA,Rural,UNY
Yes,331865,Business,Fisheries,104624,26420,NA,NA,NA,NA,Urban,AMY
Yes,219564,Business,Service Business,42755,14289,NA,NA,NA,NA,Rural,AMY
Yes,444808,Business,Computer Centre,345215,37845,NA,NA,NA,NA,Urban,UNY
Yes,263317,Business,Tailoring,126813,49298,NA,NA,NA,NA,Rural,AMY
Yes,195890,Education,NA,2498450,405581,Graduate,BTech,Technical,Yes,Rural,ELS
Yes,540911,Business,Poultry,135738,210552,NA,NA,NA,NA,Rural,NO_ELIGIBLE_SCHEME
Yes,314620,Business,Poultry,102521,20874,NA,NA,NA,NA,Urban,AMY
Yes,198850,Business,Repair Shop,497562,77622,NA,NA,NA,NA,Urban,UNY
Yes,329176,Business,Computer Centre,91785,41610,NA,NA,NA,NA,Urban,AMY
Yes,453805,Education,NA,1304357,1304357,Postgraduate,Medical,Technical,Yes,Rural,ELS
Yes,125351,Business,Service Business,60368,24666,NA,NA,NA,NA,Urban,MFS
Yes,324024,Business,Transport,1396914,512519,NA,NA,NA,NA,Urban,TERM_LOAN
Yes,360995,Business,Service Business,463351,290934,NA,NA,NA,NA,Rural,UNY
Yes,104027,Business,Grocery Shop,59443,44264,NA,NA,NA,NA,Urban,AMY
Yes,296354,Business,Poultry,5000000,5000000,NA,NA,NA,NA,Urban,NO_ELIGIBLE_SCHEME
Yes,438221,Business,Service Business,37977,13979,NA,NA,NA,NA,Rural,AMY
Yes,353217,Business,Poultry,62429,49462,NA,NA,NA,NA,Rural,AMY
Yes,161368,Education,NA,4024507,2308620,Postgraduate,MCA,Technical,Yes,Urban,ELS
Yes,327005,Education,NA,565286,565286,12th,Medical,Professional,Yes,Rural,ELS
Yes,435870,Business,Fisheries,85725,23423,NA,NA,NA,NA,Urban,MFS
Yes,404360,Education,NA,3559127,1211740,Graduate,Law,Management,Yes,Urban,ELS
Yes,360308,Business,Service Business,3618804,925969,NA,NA,NA,NA,Rural,TERM_LOAN
Yes,472329,Education,NA,2834490,2106817,Graduate,Pharmacy,Medical,Yes,Rural,ELS
Yes,113669,Business,Tailoring,39991,15097,NA,NA,NA,NA,Rural,AMY
Yes,98731,Business,Tailoring,86899,65838,NA,NA,NA,NA,Urban,MFS
Yes,303375,Education,NA,4174194,1960219,Graduate,MCA,Medical,Yes,Urban,ELS
Yes,351970,Business,Fisheries,7766441,5725247,NA,NA,NA,NA,Urban,NO_ELIGIBLE_SCHEME
Yes,402002,Business,Tailoring,52079,15084,NA,NA,NA,NA,Urban,AMY
Yes,256195,Business,Poultry,5000000,5000000,NA,NA,NA,NA,Rural,NO_ELIGIBLE_SCHEME
Yes,442020,Business,Transport,828594,613369,NA,NA,NA,NA,Urban,TERM_LOAN
Yes,469946,Business,Transport,129130,113480,NA,NA,NA,NA,Urban,MFS
Yes,273180,Business,Small Manufacturing,472094,356876,NA,NA,NA,NA,Rural,UNY
Yes,75855,Education,NA,2071652,2071652,Postgraduate,Pharmacy,Professional,Yes,Rural,ELS
Yes,498268,Business,Fisheries,105775,82450,NA,NA,NA,NA,Rural,MFS
Yes,233498,Education,NA,3772286,400327,Postgraduate,Engineering,Management,Yes,Rural,ELS
Yes,403024,Education,NA,3635147,3635147,12th,Engineering,Technical,Yes,Rural,ELS
Yes,98676,Business,Transport,329030,100615,NA,NA,NA,NA,Rural,UNY
Yes,259057,Business,Food Business,51967,40409,NA,NA,NA,NA,Urban,MFS
Yes,420777,Education,NA,3748289,3963816,Postgraduate,Nursing,Technical,No,Urban,NO_ELIGIBLE_SCHEME
Yes,147685,Business,Repair Shop,74204,68492,NA,NA,NA,NA,Urban,AMY
Yes,497216,Business,Food Business,7321300,5192121,NA,NA,NA,NA,Urban,NO_ELIGIBLE_SCHEME
Yes,413429,Business,Fisheries,4434839,4215201,NA,NA,NA,NA,Urban,TERM_LOAN
Yes,311315,Business,Food Business,195508,180999,NA,NA,NA,NA,Urban,TERM_LOAN
Yes,234474,Business,Transport,96366,18698,NA,NA,NA,NA,Urban,MFS
Yes,466646,Business,Small Manufacturing,118103,25093,NA,NA,NA,NA,Urban,AMY
Yes,403512,Education,NA,3858585,390368,Postgraduate,MCA,Professional,Yes,Urban,ELS
Yes,355609,Business,Food Business,62547,34224,NA,NA,NA,NA,Rural,MFS
Yes,175314,Business,Food Business,111778,37936,NA,NA,NA,NA,Urban,AMY
Yes,333715,Business,Poultry,70788,48251,NA,NA,NA,NA,Rural,AMY
Yes,194991,Business,Grocery Shop,47427,24295,NA,NA,NA,NA,Rural,AMY
Yes,421374,Business,Small Manufacturing,39813,18235,NA,NA,NA,NA,Urban,AMY
Yes,240939,Business,Food Business,305019,247083,NA,NA,NA,NA,Urban,UNY
Yes,258539,Education,NA,3710655,1795617,12th,MBA,Management,Yes,Rural,ELS
Yes,183676,Business,Repair Shop,39746,28017,NA,NA,NA,NA,Urban,AMY
Yes,312373,Business,Repair Shop,151154,126226,NA,NA,NA,NA,Rural,UNY
Yes,230218,Business,Small Manufacturing,495363,84715,NA,NA,NA,NA,Rural,UNY
Yes,242439,Business,Computer Centre,5000000,5000000,NA,NA,NA,NA,Urban,NO_ELIGIBLE_SCHEME
Yes,291535,Business,Fisheries,193345,32160,NA,NA,NA,NA,Rural,UNY
Yes,264252,Education,NA,958675,958675,Graduate,Law,Medical,Yes,Rural,ELS
Yes,121679,Business,Food Business,2648815,1380071,NA,NA,NA,NA,Rural,TERM_LOAN
Yes,218311,Business,Small Manufacturing,145769,118288,NA,NA,NA,NA,Urban,TERM_LOAN
Yes,387056,Education,NA,1268262,1268262,Graduate,Law,Professional,Yes,Urban,ELS
Yes,381452,Business,Service Business,133684,121066,NA,NA,NA,NA,Urban,MFS
Yes,318685,Education,NA,2653741,1027000,Graduate,Engineering,Technical,Yes,Rural,ELS
Yes,457786,Business,Fisheries,79049,14901,NA,NA,NA,NA,Rural,MFS
Yes,335531,Business,Grocery Shop,320520,206569,NA,NA,NA,NA,Rural,UNY
Yes,295445,Business,Transport,117883,38329,NA,NA,NA,NA,Rural,AMY
No,205509,Business,Service Business,198434,346679,NA,NA,NA,NA,Rural,NO_ELIGIBLE_SCHEME
Yes,366251,Business,Small Manufacturing,448275,411524,NA,NA,NA,NA,Rural,UNY
Yes,366008,Education,NA,599626,599626,Graduate,MCA,Professional,Yes,Urban,ELS
Yes,104842,Education,NA,2528578,127848,Postgraduate,BTech,Professional,Yes,Urban,ELS
Yes,435815,Business,Small Manufacturing,423408,345582,NA,NA,NA,NA,Rural,UNY
Yes,90551,Business,Repair Shop,3876224,1981808,NA,NA,NA,NA,Rural,TERM_LOAN
Yes,250600,Business,Computer Centre,177378,133717,NA,NA,NA,NA,Urban,UNY
Yes,268066,Business,Service Business,321748,314825,NA,NA,NA,NA,Rural,UNY
Yes,368083,Business,Fisheries,343226,315077,NA,NA,NA,NA,Rural,UNY
Yes,362378,Business,Grocery Shop,119173,108925,NA,NA,NA,NA,Urban,MFS
Yes,430095,Education,NA,146641,146641,Graduate,Law,Professional,Yes,Urban,ELS
Yes,453590,Business,Grocery Shop,128686,80650,NA,NA,NA,NA,Urban,AMY
Yes,467408,Business,Tailoring,36028,20629,NA,NA,NA,NA,Urban,MFS
Yes,292397,Business,Service Business,48168,14256,NA,NA,NA,NA,Urban,AMY
Yes,122566,Business,Transport,1494567,640450,NA,NA,NA,NA,Urban,TERM_LOAN
Yes,319161,Business,Food Business,3048831,781979,NA,NA,NA,NA,Rural,TERM_LOAN
Yes,331823,Business,Transport,132501,42133,NA,NA,NA,NA,Urban,MFS
Yes,284810,Business,Service Business,1841235,1318064,NA,NA,NA,NA,Urban,TERM_LOAN
Yes,68942,Education,NA,3568213,1659890,Graduate,Engineering,Professional,No,Urban,NO_ELIGIBLE_SCHEME
Yes,341318,Business,Grocery Shop,1495364,1142101,NA,NA,NA,NA,Urban,TERM_LOAN
Yes,544644,Business,Repair Shop,346732,389525,NA,NA,NA,NA,Rural,NO_ELIGIBLE_SCHEME
Yes,202610,Business,Poultry,87918,73234,NA,NA,NA,NA,Rural,AMY
Yes,89502,Business,Food Business,495622,413172,NA,NA,NA,NA,Rural,UNY
Yes,317647,Business,Computer Centre,329377,200958,NA,NA,NA,NA,Rural,UNY
Yes,57231,Business,Tailoring,365287,108834,NA,NA,NA,NA,Rural,UNY
Yes,229219,Business,Poultry,5000000,5000000,NA,NA,NA,NA,Rural,NO_ELIGIBLE_SCHEME
Yes,447289,Business,Transport,475727,105878,NA,NA,NA,NA,Urban,UNY
Yes,409548,Business,Small Manufacturing,44779,27690,NA,NA,NA,NA,Rural,AMY
Yes,390303,Business,Small Manufacturing,332670,195647,NA,NA,NA,NA,Rural,UNY
Yes,126879,Business,Food Business,1693558,700996,NA,NA,NA,NA,Urban,TERM_LOAN
Yes,98571,Education,NA,2328313,3075059,Graduate,Pharmacy,Technical,No,Urban,NO_ELIGIBLE_SCHEME
Yes,621395,Business,Small Manufacturing,418254,157587,NA,NA,NA,NA,Rural,NO_ELIGIBLE_SCHEME
Yes,617045,Business,Grocery Shop,148170,197009,NA,NA,NA,NA,Rural,NO_ELIGIBLE_SCHEME
Yes,211797,Business,Tailoring,42217,40916,NA,NA,NA,NA,Urban,AMY
Yes,452765,Business,Repair Shop,1788021,1291835,NA,NA,NA,NA,Urban,TERM_LOAN
Yes,437760,Business,Fisheries,564232,375917,NA,NA,NA,NA,Rural,TERM_LOAN
Yes,168085,Business,Computer Centre,32473,10279,NA,NA,NA,NA,Urban,AMY
Yes,392918,Business,Poultry,114825,108639,NA,NA,NA,NA,Rural,MFS
Yes,264004,Education,NA,747366,747366,Graduate,Nursing,Medical,Yes,Urban,ELS
Yes,322854,Business,Small Manufacturing,3984060,1043637,NA,NA,NA,NA,Urban,TERM_LOAN
Yes,160058,Business,Small Manufacturing,474599,40563,NA,NA,NA,NA,Urban,UNY
Yes,360451,Education,NA,2483923,2213078,12th,BTech,Professional,Yes,Rural,ELS
Yes,212376,Business,Repair Shop,4983897,3340866,NA,NA,NA,NA,Rural,TERM_LOAN
Yes,461230,Education,NA,2233896,804547,12th,MCA,Medical,Yes,Urban,ELS
Yes,154418,Business,Grocery Shop,409321,391115,NA,NA,NA,NA,Rural,UNY
Yes,368986,Business,Small Manufacturing,2122767,1341659,NA,NA,NA,NA,Rural,TERM_LOAN
Yes,293013,Business,Food Business,7062694,6208510,NA,NA,NA,NA,Urban,NO_ELIGIBLE_SCHEME
Yes,174381,Business,Food Business,1049387,619862,NA,NA,NA,NA,Urban,TERM_LOAN
Yes,58155,Business,Small Manufacturing,345476,94432,NA,NA,NA,NA,Rural,UNY
Yes,179214,Business,Transport,241646,220296,NA,NA,NA,NA,Rural,TERM_LOAN
Yes,143658,Business,Tailoring,139470,27009,NA,NA,NA,NA,Rural,MFS
Yes,370117,Education,NA,2352226,2352226,12th,BCA,Management,Yes,Rural,ELS
Yes,485194,Business,Service Business,1321654,55605,NA,NA,NA,NA,Urban,TERM_LOAN
Yes,217386,Education,NA,2631761,2631761,12th,MBA,Professional,Yes,Urban,ELS
Yes,308868,Business,Computer Centre,784747,496712,NA,NA,NA,NA,Rural,TERM_LOAN
Yes,309158,Business,Computer Centre,74092,11880,NA,NA,NA,NA,Rural,MFS
Yes,199551,Business,Poultry,123298,80165,NA,NA,NA,NA,Rural,MFS
Yes,253567,Education,NA,1553160,1661026,Postgraduate,MBA,Technical,No,Urban,NO_ELIGIBLE_SCHEME
No,162682,Business,Transport,425595,151873,NA,NA,NA,NA,Rural,NO_ELIGIBLE_SCHEME
Yes,365420,Business,Repair Shop,5000000,5000000,NA,NA,NA,NA,Urban,NO_ELIGIBLE_SCHEME
Yes,282066,Business,Food Business,7977664,5262033,NA,NA,NA,NA,Rural,NO_ELIGIBLE_SCHEME
Yes,162741,Business,Food Business,2809940,2157144,NA,NA,NA,NA,Urban,TERM_LOAN
Yes,295248,Education,NA,2037001,3057175,12th,MCA,Medical,No,Rural,NO_ELIGIBLE_SCHEME
Yes,181751,Education,NA,3145389,2105240,Graduate,MCA,Management,Yes,Urban,ELS
Yes,103881,Business,Computer Centre,4216016,3708366,NA,NA,NA,NA,Rural,TERM_LOAN
No,443964,Business,Poultry,294722,249416,NA,NA,NA,NA,Urban,NO_ELIGIBLE_SCHEME
Yes,444830,Business,Tailoring,40890,28300,NA,NA,NA,NA,Urban,MFS
Yes,315845,Business,Computer Centre,72875,20271,NA,NA,NA,NA,Urban,AMY
Yes,493512,Business,Grocery Shop,98012,47230,NA,NA,NA,NA,Urban,MFS
Yes,464756,Business,Repair Shop,475709,272944,NA,NA,NA,NA,Rural,UNY
Yes,768022,Business,Repair Shop,136016,89788,NA,NA,NA,NA,Urban,NO_ELIGIBLE_SCHEME
Yes,289036,Business,Poultry,76284,47274,NA,NA,NA,NA,Rural,MFS
Yes,402285,Business,Food Business,4396239,1920393,NA,NA,NA,NA,Urban,TERM_LOAN
Yes,317804,Business,Small Manufacturing,135910,51039,NA,NA,NA,NA,Urban,AMY
No,257626,Business,Computer Centre,220331,350826,NA,NA,NA,NA,Urban,NO_ELIGIBLE_SCHEME
Yes,368809,Business,Computer Centre,308662,107548,NA,NA,NA,NA,Rural,UNY
Yes,495773,Business,Fisheries,86062,74291,NA,NA,NA,NA,Rural,AMY
Yes,331547,Business,Grocery Shop,219955,140167,NA,NA,NA,NA,Rural,UNY
Yes,328743,Business,Transport,125049,40279,NA,NA,NA,NA,Rural,MFS
Yes,248867,Business,Repair Shop,70696,13495,NA,NA,NA,NA,Rural,AMY
Yes,235542,Business,Small Manufacturing,6898442,6907876,NA,NA,NA,NA,Urban,NO_ELIGIBLE_SCHEME
Yes,141284,Education,NA,2869705,2869705,12th,Medical,Technical,Yes,Rural,ELS
Yes,206694,Business,Transport,80353,35035,NA,NA,NA,NA,Rural,MFS
Yes,496084,Business,Fisheries,853711,596661,NA,NA,NA,NA,Urban,TERM_LOAN
Yes,454534,Business,Grocery Shop,3194565,245969,NA,NA,NA,NA,Rural,TERM_LOAN
Yes,345112,Business,Computer Centre,1826636,1216711,NA,NA,NA,NA,Urban,TERM_LOAN
Yes,331487,Business,Transport,4267682,615440,NA,NA,NA,NA,Rural,TERM_LOAN
Yes,119050,Business,Food Business,3612640,3521607,NA,NA,NA,NA,Urban,TERM_LOAN
Yes,276863,Business,Repair Shop,5000000,5000000,NA,NA,NA,NA,Urban,NO_ELIGIBLE_SCHEME
Yes,144940,Business,Fisheries,215535,114737,NA,NA,NA,NA,Urban,UNY
Yes,285179,Business,Service Business,469226,26456,NA,NA,NA,NA,Urban,UNY
Yes,332337,Education,NA,3860626,3284936,12th,Pharmacy,Medical,No,Rural,NO_ELIGIBLE_SCHEME
Yes,169223,Business,Computer Centre,211274,147570,NA,NA,NA,NA,Rural,UNY
Yes,443504,Business,Tailoring,114940,47808,NA,NA,NA,NA,Rural,AMY
Yes,404220,Business,Food Business,113737,101027,NA,NA,NA,NA,Urban,AMY
Yes,417376,Business,Poultry,206701,146115,NA,NA,NA,NA,Urban,UNY
Yes,132068,Business,Tailoring,102350,19838,NA,NA,NA,NA,Urban,MFS
Yes,169360,Business,Computer Centre,3159736,3120863,NA,NA,NA,NA,Rural,TERM_LOAN
Yes,268794,Business,Grocery Shop,86720,14051,NA,NA,NA,NA,Rural,AMY
Yes,478842,Business,Computer Centre,106831,100193,NA,NA,NA,NA,Urban,AMY
Yes,393626,Education,NA,1989653,1989653,Graduate,Pharmacy,Technical,Yes,Rural,ELS
Yes,125127,Business,Grocery Shop,131650,52904,NA,NA,NA,NA,Rural,MFS
Yes,56258,Education,NA,2185003,2063426,Postgraduate,MCA,Technical,Yes,Urban,ELS
Yes,397648,Education,NA,2154243,459713,Graduate,Pharmacy,Technical,Yes,Urban,ELS
Yes,184568,Business,Computer Centre,176667,172789,NA,NA,NA,NA,Urban,TERM_LOAN
Yes,341339,Business,Computer Centre,463741,206668,NA,NA,NA,NA,Urban,UNY
Yes,246964,Business,Poultry,215677,54618,NA,NA,NA,NA,Urban,UNY
Yes,135610,Business,Transport,56437,29852,NA,NA,NA,NA,Urban,AMY
Yes,62851,Education,NA,836463,836463,Graduate,Medical,Management,Yes,Rural,ELS
Yes,374331,Education,NA,461499,461499,Graduate,MBA,Management,Yes,Rural,ELS
Yes,281372,Business,Computer Centre,5000000,5000000,NA,NA,NA,NA,Urban,NO_ELIGIBLE_SCHEME
No,443436,Business,Fisheries,420620,274037,NA,NA,NA,NA,Rural,NO_ELIGIBLE_SCHEME
Yes,386283,Business,Small Manufacturing,45997,42061,NA,NA,NA,NA,Rural,AMY
Yes,265600,Education,NA,2184237,2139725,Postgraduate,Engineering,Professional,Yes,Urban,ELS
Yes,282206,Business,Fisheries,252758,76988,NA,NA,NA,NA,Rural,UNY
Yes,85479,Education,NA,739753,739753,Postgraduate,BTech,Medical,Yes,Rural,ELS
Yes,268111,Education,NA,312515,312515,12th,Law,Medical,Yes,Urban,ELS
Yes,122525,Business,Small Manufacturing,77447,38746,NA,NA,NA,NA,Urban,MFS
Yes,86975,Business,Grocery Shop,46893,24612,NA,NA,NA,NA,Rural,AMY
Yes,52867,Business,Tailoring,63791,22387,NA,NA,NA,NA,Rural,MFS
Yes,430039,Education,NA,3585501,2086430,Postgraduate,BTech,Professional,Yes,Urban,ELS
No,468709,Business,Poultry,64471,355228,NA,NA,NA,NA,Rural,NO_ELIGIBLE_SCHEME
Yes,255631,Business,Service Business,94254,92578,NA,NA,NA,NA,Urban,AMY
Yes,247592,Business,Fisheries,1891499,576737,NA,NA,NA,NA,Rural,TERM_LOAN
Yes,253000,Business,Transport,419135,225473,NA,NA,NA,NA,Rural,TERM_LOAN
Yes,100225,Education,NA,3643634,3175591,12th,Engineering,Technical,No,Rural,NO_ELIGIBLE_SCHEME
Yes,286906,Business,Small Manufacturing,288671,206812,NA,NA,NA,NA,Urban,UNY
Yes,281360,Business,Food Business,46284,20353,NA,NA,NA,NA,Rural,MFS
Yes,222464,Education,NA,246084,3011564,Graduate,MBA,Technical,No,Urban,NO_ELIGIBLE_SCHEME
Yes,332447,Business,Computer Centre,2743639,1697712,NA,NA,NA,NA,Urban,TERM_LOAN
Yes,324307,Business,Grocery Shop,44478,16308,NA,NA,NA,NA,Rural,MFS
Yes,358183,Business,Fisheries,97792,53017,NA,NA,NA,NA,Rural,MFS
Yes,476273,Business,Fisheries,106858,38305,NA,NA,NA,NA,Urban,MFS
Yes,120628,Business,Service Business,366496,139257,NA,NA,NA,NA,Urban,UNY
Yes,193025,Business,Fisheries,59617,22336,NA,NA,NA,NA,Rural,AMY
Yes,110738,Business,Small Manufacturing,106299,64166,NA,NA,NA,NA,Rural,AMY
Yes,387772,Business,Fisheries,75592,49740,NA,NA,NA,NA,Urban,AMY
Yes,81561,Business,Food Business,327566,121921,NA,NA,NA,NA,Rural,UNY
Yes,277152,Business,Grocery Shop,446123,428784,NA,NA,NA,NA,Urban,UNY
Yes,622937,Business,Grocery Shop,363851,384870,NA,NA,NA,NA,Rural,NO_ELIGIBLE_SCHEME
Yes,271196,Business,Fisheries,254752,221696,NA,NA,NA,NA,Urban,UNY
Yes,248929,Business,Service Business,31549,16905,NA,NA,NA,NA,Rural,MFS
Yes,171987,Business,Grocery Shop,49254,13249,NA,NA,NA,NA,Rural,AMY
Yes,54045,Education,NA,2734739,522843,12th,BCA,Medical,Yes,Urban,ELS
Yes,373707,Education,NA,4376913,1107243,Graduate,BCA,Medical,Yes,Rural,ELS
Yes,231073,Business,Service Business,330505,57164,NA,NA,NA,NA,Urban,TERM_LOAN
Yes,309825,Education,NA,4387900,3635882,Postgraduate,BTech,Management,Yes,Rural,ELS
Yes,456000,Business,Poultry,121284,81576,NA,NA,NA,NA,Urban,AMY
No,187236,Business,Poultry,136126,234582,NA,NA,NA,NA,Rural,NO_ELIGIBLE_SCHEME
Yes,240442,Business,Repair Shop,646258,529698,NA,NA,NA,NA,Rural,TERM_LOAN
Yes,467187,Business,Transport,137094,38358,NA,NA,NA,NA,Urban,AMY
Yes,114527,Business,Tailoring,112245,81252,NA,NA,NA,NA,Rural,AMY
Yes,392023,Education,NA,297021,297021,Postgraduate,Pharmacy,Professional,Yes,Urban,ELS
Yes,351281,Business,Tailoring,4860837,183372,NA,NA,NA,NA,Rural,TERM_LOAN
Yes,127369,Business,Tailoring,82383,41979,NA,NA,NA,NA,Rural,MFS
Yes,304995,Business,Repair Shop,45818,24686,NA,NA,NA,NA,Urban,MFS
Yes,108442,Business,Poultry,112040,67677,NA,NA,NA,NA,Urban,AMY
Yes,413499,Business,Computer Centre,323141,135407,NA,NA,NA,NA,Urban,UNY
Yes,181784,Education,NA,3605811,685901,12th,MBA,Technical,No,Rural,NO_ELIGIBLE_SCHEME
Yes,196081,Business,Poultry,60366,53675,NA,NA,NA,NA,Rural,AMY
Yes,278139,Education,NA,3374099,320617,12th,MBA,Management,Yes,Urban,ELS
Yes,123996,Education,NA,1368092,1368092,12th,Pharmacy,Professional,Yes,Urban,ELS
Yes,133303,Education,NA,3919644,348751,Graduate,MBA,Management,No,Rural,NO_ELIGIBLE_SCHEME
Yes,457330,Business,Small Manufacturing,342721,336766,NA,NA,NA,NA,Urban,UNY
Yes,291847,Business,Poultry,57596,25773,NA,NA,NA,NA,Rural,AMY
Yes,109553,Business,Transport,4931735,281021,NA,NA,NA,NA,Rural,TERM_LOAN
Yes,71039,Business,Fisheries,102093,18907,NA,NA,NA,NA,Rural,AMY
Yes,293030,Business,Service Business,138731,64689,NA,NA,NA,NA,Rural,AMY
Yes,492753,Business,Poultry,2662142,189638,NA,NA,NA,NA,Urban,TERM_LOAN
Yes,61341,Business,Computer Centre,6508159,6598962,NA,NA,NA,NA,Rural,NO_ELIGIBLE_SCHEME
Yes,283823,Business,Grocery Shop,104481,63313,NA,NA,NA,NA,Rural,MFS
No,215401,Business,Fisheries,185639,366760,NA,NA,NA,NA,Urban,NO_ELIGIBLE_SCHEME
Yes,172836,Education,NA,1680781,1680781,12th,Engineering,Professional,Yes,Rural,ELS
No,175427,Business,Food Business,336333,108258,NA,NA,NA,NA,Rural,NO_ELIGIBLE_SCHEME
Yes,497581,Business,Repair Shop,1760825,1163285,NA,NA,NA,NA,Urban,TERM_LOAN
Yes,383783,Education,NA,955448,955448,12th,Pharmacy,Technical,Yes,Rural,ELS
Yes,74102,Business,Grocery Shop,4192678,2778255,NA,NA,NA,NA,Urban,TERM_LOAN
Yes,372483,Business,Repair Shop,2764556,710135,NA,NA,NA,NA,Rural,TERM_LOAN
Yes,168383,Business,Poultry,514193,169352,NA,NA,NA,NA,Urban,TERM_LOAN
Yes,389058,Business,Fisheries,223453,89144,NA,NA,NA,NA,Rural,UNY
Yes,160658,Business,Computer Centre,463975,201964,NA,NA,NA,NA,Rural,UNY
Yes,451329,Business,Fisheries,49651,43901,NA,NA,NA,NA,Rural,MFS
Yes,266361,Business,Transport,37552,28428,NA,NA,NA,NA,Rural,MFS
Yes,401027,Education,NA,254341,254341,Graduate,BCA,Professional,Yes,Urban,ELS
Yes,356549,Business,Grocery Shop,51936,28094,NA,NA,NA,NA,Urban,MFS
Yes,138424,Business,Service Business,2932705,1497903,NA,NA,NA,NA,Urban,TERM_LOAN
Yes,138205,Education,NA,629413,629413,Graduate,Medical,Professional,Yes,Rural,ELS
Yes,60707,Business,Grocery Shop,4490281,1665474,NA,NA,NA,NA,Rural,TERM_LOAN
Yes,400411,Business,Service Business,123121,70574,NA,NA,NA,NA,Urban,AMY
Yes,67582,Business,Repair Shop,84869,72083,NA,NA,NA,NA,Urban,AMY
Yes,74920,Business,Repair Shop,67664,27377,NA,NA,NA,NA,Urban,MFS
Yes,314243,Education,NA,2530153,434399,Graduate,BCA,Medical,Yes,Rural,ELS
Yes,241849,Business,Poultry,110358,54970,NA,NA,NA,NA,Urban,MFS
Yes,150080,Business,Grocery Shop,109958,95219,NA,NA,NA,NA,Urban,AMY
Yes,378237,Business,Small Manufacturing,3418198,2056808,NA,NA,NA,NA,Urban,TERM_LOAN
Yes,121252,Business,Tailoring,38791,22367,NA,NA,NA,NA,Urban,AMY
Yes,346455,Business,Food Business,137733,48086,NA,NA,NA,NA,Urban,AMY
Yes,155912,Education,NA,695873,695873,Graduate,BCA,Management,Yes,Rural,ELS
Yes,490151,Business,Poultry,54134,30814,NA,NA,NA,NA,Rural,MFS
Yes,70510,Business,Computer Centre,99922,79142,NA,NA,NA,NA,Rural,AMY
Yes,434597,Business,Food Business,93505,34524,NA,NA,NA,NA,Urban,AMY
Yes,149500,Business,Grocery Shop,7197381,5201216,NA,NA,NA,NA,Rural,NO_ELIGIBLE_SCHEME
Yes,211381,Business,Service Business,80336,74166,NA,NA,NA,NA,Rural,AMY
Yes,428357,Education,NA,1966691,1966691,Postgraduate,Law,Professional,Yes,Rural,ELS
Yes,142923,Business,Small Manufacturing,103499,53068,NA,NA,NA,NA,Rural,AMY
Yes,349595,Business,Service Business,7187429,5455763,NA,NA,NA,NA,Rural,NO_ELIGIBLE_SCHEME
Yes,484770,Education,NA,447550,447550,Graduate,BTech,Technical,Yes,Urban,ELS
Yes,343566,Education,NA,3079049,114280,12th,Pharmacy,Management,Yes,Rural,ELS
Yes,374457,Business,Service Business,299972,149235,NA,NA,NA,NA,Urban,UNY
Yes,289591,Business,Tailoring,4660570,2216056,NA,NA,NA,NA,Urban,TERM_LOAN
Yes,126617,Business,Computer Centre,106238,17669,NA,NA,NA,NA,Urban,MFS
Yes,431111,Education,NA,493842,493842,12th,BCA,Medical,Yes,Urban,ELS
No,483397,Business,Tailoring,99152,169546,NA,NA,NA,NA,Urban,NO_ELIGIBLE_SCHEME
Yes,451686,Business,Food Business,74791,72106,NA,NA,NA,NA,Rural,MFS
Yes,195886,Business,Transport,129775,59692,NA,NA,NA,NA,Urban,MFS
Yes,479283,Education,NA,3471124,2925707,Postgraduate,Engineering,Technical,Yes,Urban,ELS
Yes,326704,Business,Transport,101932,89807,NA,NA,NA,NA,Rural,MFS
Yes,432250,Business,Poultry,5000000,5000000,NA,NA,NA,NA,Urban,NO_ELIGIBLE_SCHEME
Yes,154317,Business,Fisheries,316567,108615,NA,NA,NA,NA,Rural,UNY
Yes,261595,Education,NA,2260617,1122974,Postgraduate,Law,Management,No,Rural,NO_ELIGIBLE_SCHEME
Yes,347874,Business,Food Business,34385,11240,NA,NA,NA,NA,Urban,MFS
Yes,214751,Business,Tailoring,64290,52924,NA,NA,NA,NA,Rural,MFS
Yes,483147,Business,Transport,187255,141573,NA,NA,NA,NA,Rural,UNY
Yes,215572,Business,Service Business,450071,191590,NA,NA,NA,NA,Urban,UNY
Yes,123668,Education,NA,1875921,1875921,Graduate,BTech,Medical,Yes,Urban,ELS
Yes,267546,Business,Tailoring,87280,33659,NA,NA,NA,NA,Urban,MFS
Yes,288782,Business,Small Manufacturing,133631,77213,NA,NA,NA,NA,Urban,AMY
Yes,428298,Business,Repair Shop,72194,18920,NA,NA,NA,NA,Rural,AMY
Yes,414293,Education,NA,131882,131882,12th,Medical,Technical,Yes,Rural,ELS
Yes,387804,Business,Small Manufacturing,83723,26071,NA,NA,NA,NA,Urban,AMY
Yes,80887,Business,Service Business,83382,32176,NA,NA,NA,NA,Urban,MFS
Yes,667914,Business,Repair Shop,411400,134929,NA,NA,NA,NA,Rural,NO_ELIGIBLE_SCHEME
Yes,335196,Business,Transport,263355,259670,NA,NA,NA,NA,Urban,UNY
Yes,56541,Business,Service Business,62118,15050,NA,NA,NA,NA,Urban,AMY
Yes,330876,Education,NA,1457974,884462,Graduate,Nursing,Medical,Yes,Urban,ELS
Yes,341331,Business,Transport,2555175,2019355,NA,NA,NA,NA,Urban,TERM_LOAN
Yes,466728,Business,Tailoring,112674,81258,NA,NA,NA,NA,Urban,MFS
Yes,71880,Business,Transport,3273285,929413,NA,NA,NA,NA,Urban,TERM_LOAN
Yes,192366,Education,NA,3545386,1198428,Graduate,MCA,Professional,Yes,Rural,ELS
Yes,441988,Education,NA,1020514,1020514,Postgraduate,MCA,Management,Yes,Rural,ELS
Yes,570889,Business,Tailoring,160711,61803,NA,NA,NA,NA,Rural,NO_ELIGIBLE_SCHEME
Yes,414420,Business,Fisheries,187096,151699,NA,NA,NA,NA,Rural,UNY
Yes,474242,Business,Fisheries,128292,33950,NA,NA,NA,NA,Urban,AMY
Yes,147727,Business,Poultry,53121,34553,NA,NA,NA,NA,Rural,AMY
Yes,493694,Business,Repair Shop,571932,94566,NA,NA,NA,NA,Urban,TERM_LOAN
Yes,432335,Business,Tailoring,294054,125491,NA,NA,NA,NA,Rural,UNY
Yes,327446,Business,Food Business,347094,342775,NA,NA,NA,NA,Rural,UNY
Yes,73969,Business,Repair Shop,38557,36995,NA,NA,NA,NA,Urban,MFS
Yes,384525,Business,Grocery Shop,2537811,1120725,NA,NA,NA,NA,Rural,TERM_LOAN
Yes,440030,Business,Computer Centre,81713,65188,NA,NA,NA,NA,Rural,AMY
Yes,394651,Business,Grocery Shop,4458069,3621841,NA,NA,NA,NA,Urban,TERM_LOAN
Yes,455564,Business,Transport,376323,254841,NA,NA,NA,NA,Rural,UNY
Yes,428190,Business,Small Manufacturing,1124221,556092,NA,NA,NA,NA,Urban,TERM_LOAN
Yes,388093,Education,NA,1088370,544859,Postgraduate,Nursing,Management,Yes,Rural,ELS
Yes,501249,Business,Poultry,58720,230040,NA,NA,NA,NA,Rural,NO_ELIGIBLE_SCHEME
Yes,238692,Business,Service Business,174624,135483,NA,NA,NA,NA,Rural,UNY
Yes,159414,Business,Poultry,3327583,2619454,NA,NA,NA,NA,Urban,TERM_LOAN
Yes,454237,Business,Service Business,35958,31019,NA,NA,NA,NA,Urban,MFS
Yes,77657,Business,Computer Centre,32813,10284,NA,NA,NA,NA,Rural,AMY
Yes,735819,Business,Repair Shop,234694,119715,NA,NA,NA,NA,Rural,NO_ELIGIBLE_SCHEME
Yes,194437,Education,NA,239636,239636,Graduate,MCA,Management,Yes,Urban,ELS
Yes,243936,Education,NA,812367,812367,Postgraduate,BTech,Management,Yes,Urban,ELS
Yes,280706,Business,Service Business,321856,301068,NA,NA,NA,NA,Rural,UNY
Yes,303495,Business,Computer Centre,126458,105945,NA,NA,NA,NA,Rural,MFS
Yes,311636,Business,Small Manufacturing,72215,11357,NA,NA,NA,NA,Urban,AMY
Yes,56684,Business,Grocery Shop,60737,10179,NA,NA,NA,NA,Rural,MFS
Yes,405574,Business,Grocery Shop,4197102,547873,NA,NA,NA,NA,Urban,TERM_LOAN
Yes,255133,Education,NA,3647583,3647583,Postgraduate,Pharmacy,Technical,Yes,Rural,ELS
Yes,441658,Business,Service Business,54259,15126,NA,NA,NA,NA,Urban,MFS
Yes,265530,Education,NA,1917686,1726812,Postgraduate,MBA,Medical,Yes,Rural,ELS
Yes,158663,Education,NA,3740554,2024780,Postgraduate,Medical,Medical,Yes,Urban,ELS
Yes,295053,Business,Service Business,121066,100680,NA,NA,NA,NA,Urban,AMY
Yes,136446,Business,Transport,128319,34697,NA,NA,NA,NA,Rural,MFS
Yes,490318,Business,Repair Shop,4451293,3108065,NA,NA,NA,NA,Rural,TERM_LOAN
Yes,129005,Business,Transport,6884761,5371857,NA,NA,NA,NA,Rural,NO_ELIGIBLE_SCHEME
Yes,284438,Education,NA,1151715,1151715,Postgraduate,BCA,Medical,Yes,Urban,ELS
Yes,416745,Business,Transport,59683,50646,NA,NA,NA,NA,Urban,AMY
Yes,268710,Business,Small Manufacturing,368297,309919,NA,NA,NA,NA,Urban,UNY
Yes,218902,Business,Computer Centre,1432913,355135,NA,NA,NA,NA,Rural,TERM_LOAN
Yes,52193,Education,NA,4483782,2707463,12th,Engineering,Professional,Yes,Rural,ELS
Yes,133707,Business,Transport,129458,115620,NA,NA,NA,NA,Urban,MFS
Yes,158985,Business,Poultry,332145,281926,NA,NA,NA,NA,Urban,TERM_LOAN
Yes,99313,Business,Service Business,1572238,617012,NA,NA,NA,NA,Rural,TERM_LOAN
Yes,305966,Business,Repair Shop,137049,112134,NA,NA,NA,NA,Rural,AMY
Yes,390516,Education,NA,1038964,1038964,Postgraduate,Law,Management,Yes,Urban,ELS
Yes,197543,Business,Computer Centre,47950,43958,NA,NA,NA,NA,Urban,MFS
Yes,269725,Business,Computer Centre,85567,37594,NA,NA,NA,NA,Urban,MFS
Yes,131235,Business,Grocery Shop,59693,19015,NA,NA,NA,NA,Urban,MFS
Yes,154332,Business,Grocery Shop,33517,16117,NA,NA,NA,NA,Urban,AMY
Yes,289541,Business,Repair Shop,114645,28340,NA,NA,NA,NA,Rural,AMY
Yes,465996,Business,Poultry,400052,181524,NA,NA,NA,NA,Rural,UNY
Yes,200690,Business,Fisheries,4666822,1458658,NA,NA,NA,NA,Rural,TERM_LOAN
Yes,123631,Business,Transport,59662,28102,NA,NA,NA,NA,Rural,AMY
Yes,488904,Business,Service Business,38379,27003,NA,NA,NA,NA,Rural,AMY
Yes,62425,Business,Service Business,55307,12230,NA,NA,NA,NA,Rural,MFS
Yes,775075,Business,Grocery Shop,73315,219407,NA,NA,NA,NA,Rural,NO_ELIGIBLE_SCHEME
Yes,277418,Business,Repair Shop,59017,48737,NA,NA,NA,NA,Rural,AMY
Yes,428143,Business,Grocery Shop,415887,269554,NA,NA,NA,NA,Rural,UNY
Yes,381720,Business,Repair Shop,5000000,5000000,NA,NA,NA,NA,Urban,NO_ELIGIBLE_SCHEME
Yes,145597,Education,NA,2740538,693600,Postgraduate,MCA,Medical,Yes,Urban,ELS
Yes,307394,Business,Food Business,40657,27341,NA,NA,NA,NA,Urban,AMY
Yes,94385,Business,Tailoring,139995,17123,NA,NA,NA,NA,Urban,AMY
Yes,110055,Business,Grocery Shop,5000000,5000000,NA,NA,NA,NA,Rural,NO_ELIGIBLE_SCHEME
Yes,375408,Business,Computer Centre,93214,58653,NA,NA,NA,NA,Urban,MFS
Yes,116998,Business,Repair Shop,69373,19739,NA,NA,NA,NA,Rural,MFS
Yes,309427,Business,Small Manufacturing,2242256,2018275,NA,NA,NA,NA,Urban,TERM_LOAN
Yes,239415,Education,NA,3044458,764692,Graduate,MBA,Medical,Yes,Rural,ELS
Yes,236686,Education,NA,2051507,2051507,Graduate,BTech,Management,Yes,Rural,ELS
Yes,249823,Education,NA,1281867,346131,12th,Medical,Professional,Yes,Urban,ELS
Yes,66028,Business,Tailoring,564168,378458,NA,NA,NA,NA,Urban,TERM_LOAN
Yes,179238,Business,Tailoring,377484,78302,NA,NA,NA,NA,Urban,UNY
Yes,470195,Business,Fisheries,437528,67551,NA,NA,NA,NA,Rural,UNY
Yes,140231,Business,Small Manufacturing,297222,259473,NA,NA,NA,NA,Urban,UNY
No,416349,Business,Transport,272024,296314,NA,NA,NA,NA,Urban,NO_ELIGIBLE_SCHEME
Yes,718030,Business,Service Business,489775,364082,NA,NA,NA,NA,Rural,NO_ELIGIBLE_SCHEME
Yes,442825,Business,Grocery Shop,67022,55265,NA,NA,NA,NA,Urban,MFS
Yes,91667,Business,Grocery Shop,41814,30797,NA,NA,NA,NA,Rural,AMY
Yes,149103,Education,NA,180656,3136704,Graduate,Law,Medical,No,Urban,NO_ELIGIBLE_SCHEME
Yes,228221,Business,Small Manufacturing,494289,218487,NA,NA,NA,NA,Rural,UNY
Yes,240568,Business,Fisheries,2317367,1942605,NA,NA,NA,NA,Urban,TERM_LOAN
Yes,76314,Business,Tailoring,6300156,5172519,NA,NA,NA,NA,Urban,NO_ELIGIBLE_SCHEME
Yes,403053,Business,Repair Shop,5000000,5000000,NA,NA,NA,NA,Rural,NO_ELIGIBLE_SCHEME
Yes,351490,Business,Fisheries,112831,77551,NA,NA,NA,NA,Rural,MFS
Yes,237372,Business,Poultry,120869,27759,NA,NA,NA,NA,Rural,MFS
Yes,396398,Business,Repair Shop,6987599,6301604,NA,NA,NA,NA,Rural,NO_ELIGIBLE_SCHEME
Yes,690213,Business,Grocery Shop,347491,219824,NA,NA,NA,NA,Urban,NO_ELIGIBLE_SCHEME
Yes,414544,Business,Computer Centre,4132803,3583992,NA,NA,NA,NA,Urban,TERM_LOAN
Yes,446317,Education,NA,1457279,1457279,Postgraduate,Nursing,Professional,Yes,Urban,ELS
Yes,162053,Business,Grocery Shop,7693356,5026341,NA,NA,NA,NA,Rural,NO_ELIGIBLE_SCHEME
Yes,348545,Business,Transport,56389,29322,NA,NA,NA,NA,Rural,MFS
Yes,250049,Business,Repair Shop,101141,67131,NA,NA,NA,NA,Urban,AMY
Yes,382810,Business,Food Business,106720,67132,NA,NA,NA,NA,Rural,MFS
Yes,171537,Education,NA,1321872,1321872,Postgraduate,BCA,Medical,Yes,Urban,ELS
Yes,364334,Business,Grocery Shop,98806,89024,NA,NA,NA,NA,Urban,AMY
Yes,298740,Business,Small Manufacturing,159627,159474,NA,NA,NA,NA,Rural,UNY
Yes,217984,Business,Food Business,445758,58974,NA,NA,NA,NA,Rural,UNY
Yes,431830,Business,Small Manufacturing,119438,105679,NA,NA,NA,NA,Urban,AMY
Yes,122867,Business,Small Manufacturing,2536551,2127728,NA,NA,NA,NA,Urban,TERM_LOAN
Yes,234077,Business,Poultry,131741,55793,NA,NA,NA,NA,Rural,MFS
Yes,298107,Business,Tailoring,122944,37495,NA,NA,NA,NA,Urban,AMY
Yes,99806,Business,Tailoring,126801,25191,NA,NA,NA,NA,Rural,MFS
Yes,423993,Business,Transport,120027,37815,NA,NA,NA,NA,Urban,MFS
Yes,219748,Education,NA,3944423,3456791,12th,Medical,Management,Yes,Urban,ELS
Yes,303038,Education,NA,190553,190553,12th,Medical,Medical,Yes,Rural,ELS
Yes,279097,Business,Transport,5000000,5000000,NA,NA,NA,NA,Urban,NO_ELIGIBLE_SCHEME
Yes,461202,Business,Repair Shop,61142,43483,NA,NA,NA,NA,Rural,MFS
Yes,89852,Business,Fisheries,347369,259009,NA,NA,NA,NA,Rural,UNY
Yes,325999,Business,Service Business,5000000,5000000,NA,NA,NA,NA,Rural,NO_ELIGIBLE_SCHEME
Yes,248749,Business,Tailoring,2255869,1224082,NA,NA,NA,NA,Urban,TERM_LOAN
No,348855,Business,Tailoring,89073,240486,NA,NA,NA,NA,Rural,NO_ELIGIBLE_SCHEME
Yes,222776,Business,Service Business,486310,79698,NA,NA,NA,NA,Urban,UNY
No,228508,Business,Repair Shop,459218,359833,NA,NA,NA,NA,Rural,NO_ELIGIBLE_SCHEME
No,344611,Business,Poultry,402234,150520,NA,NA,NA,NA,Urban,NO_ELIGIBLE_SCHEME
Yes,357832,Business,Transport,527063,391108,NA,NA,NA,NA,Urban,TERM_LOAN
Yes,132296,Business,Poultry,138283,68911,NA,NA,NA,NA,Urban,AMY
Yes,420269,Business,Fisheries,7898038,6833923,NA,NA,NA,NA,Urban,NO_ELIGIBLE_SCHEME
Yes,269382,Education,NA,786345,786345,Graduate,Nursing,Medical,Yes,Urban,ELS
Yes,146282,Business,Repair Shop,208162,127541,NA,NA,NA,NA,Rural,UNY
Yes,60695,Business,Service Business,98664,43786,NA,NA,NA,NA,Rural,AMY
Yes,349855,Education,NA,3380741,2186219,12th,MCA,Professional,Yes,Urban,ELS
Yes,455888,Business,Fisheries,4799877,1258112,NA,NA,NA,NA,Rural,TERM_LOAN
Yes,459789,Business,Small Manufacturing,991495,462773,NA,NA,NA,NA,Rural,TERM_LOAN
Yes,371834,Business,Grocery Shop,131531,19307,NA,NA,NA,NA,Urban,AMY
Yes,99167,Education,NA,4108207,194402,Postgraduate,MCA,Medical,Yes,Urban,ELS
Yes,228188,Education,NA,1546294,2952183,Graduate,BTech,Management,No,Rural,NO_ELIGIBLE_SCHEME
Yes,108017,Education,NA,1629140,1629140,Postgraduate,Nursing,Professional,Yes,Rural,ELS
Yes,242243,Business,Transport,87422,75030,NA,NA,NA,NA,Rural,AMY
Yes,101456,Business,Tailoring,6491668,6076033,NA,NA,NA,NA,Rural,NO_ELIGIBLE_SCHEME
Yes,186136,Business,Small Manufacturing,109802,51482,NA,NA,NA,NA,Urban,MFS
Yes,341651,Business,Small Manufacturing,256099,25142,NA,NA,NA,NA,Rural,UNY
No,376387,Business,Service Business,448380,342924,NA,NA,NA,NA,Urban,NO_ELIGIBLE_SCHEME
Yes,268722,Business,Grocery Shop,440905,98771,NA,NA,NA,NA,Urban,UNY
Yes,95969,Business,Small Manufacturing,6869503,6138330,NA,NA,NA,NA,Urban,NO_ELIGIBLE_SCHEME
Yes,150970,Business,Repair Shop,324380,226078,NA,NA,NA,NA,Rural,UNY
Yes,363678,Business,Food Business,43090,24089,NA,NA,NA,NA,Urban,AMY
Yes,249427,Business,Food Business,131671,78494,NA,NA,NA,NA,Urban,MFS
Yes,661620,Business,Small Manufacturing,336675,314453,NA,NA,NA,NA,Rural,NO_ELIGIBLE_SCHEME
Yes,466102,Business,Repair Shop,74284,63568,NA,NA,NA,NA,Urban,MFS
Yes,356030,Business,Small Manufacturing,7964058,5943465,NA,NA,NA,NA,Rural,NO_ELIGIBLE_SCHEME
Yes,124323,Business,Service Business,424551,68890,NA,NA,NA,NA,Rural,UNY
Yes,391246,Business,Food Business,5000000,5000000,NA,NA,NA,NA,Rural,NO_ELIGIBLE_SCHEME
Yes,291294,Business,Food Business,33784,12656,NA,NA,NA,NA,Urban,MFS
Yes,90952,Business,Tailoring,6307209,5636041,NA,NA,NA,NA,Rural,NO_ELIGIBLE_SCHEME
Yes,282460,Business,Tailoring,229256,206829,NA,NA,NA,NA,Rural,UNY
Yes,265988,Education,NA,4130078,2401831,12th,Pharmacy,Professional,Yes,Rural,ELS
Yes,477966,Business,Service Business,55101,15896,NA,NA,NA,NA,Urban,MFS
Yes,490640,Education,NA,1259701,1259701,Postgraduate,MBA,Professional,Yes,Urban,ELS
Yes,53401,Education,NA,1490667,1490667,Graduate,Pharmacy,Medical,Yes,Rural,ELS
Yes,175791,Business,Transport,244527,119500,NA,NA,NA,NA,Urban,UNY
Yes,183646,Business,Small Manufacturing,300954,286111,NA,NA,NA,NA,Urban,UNY
Yes,196142,Business,Food Business,186495,97725,NA,NA,NA,NA,Urban,UNY
Yes,134934,Business,Computer Centre,39351,12592,NA,NA,NA,NA,Rural,MFS
Yes,54090,Education,NA,1696363,492095,12th,BTech,Professional,Yes,Urban,ELS
Yes,209674,Business,Repair Shop,87613,62171,NA,NA,NA,NA,Urban,MFS
Yes,249516,Education,NA,3160004,736531,Graduate,Engineering,Professional,Yes,Rural,ELS
Yes,345195,Business,Food Business,282758,99131,NA,NA,NA,NA,Urban,UNY
Yes,230676,Business,Computer Centre,4146198,1402148,NA,NA,NA,NA,Rural,TERM_LOAN
Yes,88395,Business,Poultry,142142,116724,NA,NA,NA,NA,Urban,UNY
Yes,320844,Business,Service Business,5000000,5000000,NA,NA,NA,NA,Urban,NO_ELIGIBLE_SCHEME
Yes,186971,Business,Fisheries,135885,32989,NA,NA,NA,NA,Urban,MFS
Yes,95616,Business,Poultry,234468,166798,NA,NA,NA,NA,Rural,UNY
Yes,368023,Education,NA,2461802,2431827,Postgraduate,BCA,Technical,Yes,Urban,ELS
Yes,88280,Business,Poultry,120445,31880,NA,NA,NA,NA,Urban,AMY
Yes,379857,Business,Poultry,702885,689902,NA,NA,NA,NA,Rural,TERM_LOAN
Yes,378391,Business,Small Manufacturing,6749474,5800896,NA,NA,NA,NA,Urban,NO_ELIGIBLE_SCHEME
Yes,352517,Business,Small Manufacturing,2638488,2433376,NA,NA,NA,NA,Urban,TERM_LOAN
Yes,370761,Business,Transport,278848,270250,NA,NA,NA,NA,Rural,UNY
Yes,345125,Education,NA,653545,653545,Postgraduate,Pharmacy,Management,Yes,Rural,ELS
Yes,244857,Education,NA,1999892,1999892,Graduate,Law,Technical,Yes,Urban,ELS
Yes,472959,Business,Service Business,3023393,2661448,NA,NA,NA,NA,Rural,TERM_LOAN
Yes,242676,Business,Repair Shop,39622,29654,NA,NA,NA,NA,Rural,AMY
Yes,345510,Business,Small Manufacturing,123643,58777,NA,NA,NA,NA,Rural,AMY
Yes,161278,Business,Computer Centre,1197546,905407,NA,NA,NA,NA,Urban,TERM_LOAN
Yes,480984,Business,Transport,382203,46379,NA,NA,NA,NA,Urban,UNY
Yes,192130,Business,Food Business,75663,23621,NA,NA,NA,NA,Urban,AMY
Yes,271375,Business,Fisheries,64469,15191,NA,NA,NA,NA,Urban,MFS
Yes,321413,Business,Service Business,78343,11059,NA,NA,NA,NA,Rural,AMY
Yes,361974,Business,Service Business,51747,30159,NA,NA,NA,NA,Urban,MFS
Yes,441259,Education,NA,3628062,3628062,12th,BTech,Professional,Yes,Urban,ELS
Yes,300062,Business,Small Manufacturing,157041,82769,NA,NA,NA,NA,Rural,UNY
Yes,103428,Business,Poultry,42415,25140,NA,NA,NA,NA,Rural,MFS
Yes,396280,Business,Grocery Shop,68609,40602,NA,NA,NA,NA,Urban,MFS
Yes,81826,Business,Small Manufacturing,60396,56811,NA,NA,NA,NA,Rural,MFS
Yes,464462,Business,Poultry,88974,87388,NA,NA,NA,NA,Urban,AMY
Yes,163954,Business,Food Business,4327099,2190160,NA,NA,NA,NA,Urban,TERM_LOAN
Yes,365859,Business,Poultry,40345,24110,NA,NA,NA,NA,Urban,MFS
Yes,638627,Business,Food Business,261264,126898,NA,NA,NA,NA,Urban,NO_ELIGIBLE_SCHEME
Yes,431507,Education,NA,1598330,1505614,12th,Pharmacy,Medical,No,Urban,NO_ELIGIBLE_SCHEME
Yes,372433,Business,Computer Centre,274871,54578,NA,NA,NA,NA,Rural,TERM_LOAN
Yes,301040,Business,Fisheries,1281568,303805,NA,NA,NA,NA,Urban,TERM_LOAN
Yes,414406,Business,Service Business,51955,12315,NA,NA,NA,NA,Urban,MFS
Yes,391750,Business,Fisheries,136144,84928,NA,NA,NA,NA,Urban,MFS
Yes,279400,Business,Tailoring,2297194,551329,NA,NA,NA,NA,Rural,TERM_LOAN
Yes,432708,Business,Fisheries,121576,67342,NA,NA,NA,NA,Rural,MFS
Yes,67833,Business,Small Manufacturing,145103,102865,NA,NA,NA,NA,Urban,UNY
Yes,77485,Business,Computer Centre,32222,14060,NA,NA,NA,NA,Urban,AMY
Yes,787495,Business,Fisheries,253544,284734,NA,NA,NA,NA,Urban,NO_ELIGIBLE_SCHEME
Yes,396033,Education,NA,1376650,447037,Postgraduate,Nursing,Management,Yes,Rural,ELS
Yes,496753,Business,Grocery Shop,1429321,76456,NA,NA,NA,NA,Rural,TERM_LOAN
Yes,71273,Business,Transport,1937862,1105630,NA,NA,NA,NA,Rural,TERM_LOAN
Yes,238842,Business,Tailoring,89682,85886,NA,NA,NA,NA,Rural,MFS
Yes,210107,Business,Grocery Shop,45448,25635,NA,NA,NA,NA,Rural,MFS
Yes,411371,Business,Food Business,30433,22596,NA,NA,NA,NA,Rural,MFS
Yes,222123,Education,NA,3668554,1154188,Postgraduate,Engineering,Technical,No,Rural,NO_ELIGIBLE_SCHEME
Yes,490500,Business,Small Manufacturing,334633,150932,NA,NA,NA,NA,Rural,UNY
Yes,438197,Business,Fisheries,7576721,5021059,NA,NA,NA,NA,Urban,NO_ELIGIBLE_SCHEME
Yes,194160,Business,Grocery Shop,116410,16782,NA,NA,NA,NA,Rural,AMY
Yes,327609,Education,NA,1877473,1877473,12th,BTech,Professional,Yes,Rural,ELS
Yes,173866,Business,Repair Shop,7095744,6012963,NA,NA,NA,NA,Rural,NO_ELIGIBLE_SCHEME
Yes,413814,Business,Computer Centre,232467,40082,NA,NA,NA,NA,Urban,UNY
Yes,67942,Business,Poultry,33735,25417,NA,NA,NA,NA,Urban,AMY
Yes,335746,Business,Service Business,144202,106768,NA,NA,NA,NA,Rural,UNY
Yes,350980,Education,NA,2419468,2419468,Graduate,Law,Medical,Yes,Rural,ELS
Yes,244062,Education,NA,1450572,580781,12th,Law,Professional,No,Rural,NO_ELIGIBLE_SCHEME
Yes,240319,Education,NA,1504324,777546,12th,Nursing,Technical,Yes,Urban,ELS
Yes,148239,Education,NA,1453682,1453682,Graduate,Nursing,Management,Yes,Urban,ELS
Yes,311658,Education,NA,1756796,286973,12th,Medical,Medical,Yes,Rural,ELS
Yes,259186,Business,Computer Centre,123447,50857,NA,NA,NA,NA,Urban,MFS
Yes,562216,Business,Grocery Shop,122563,29710,NA,NA,NA,NA,Rural,NO_ELIGIBLE_SCHEME
Yes,279970,Business,Fisheries,2938808,969280,NA,NA,NA,NA,Urban,TERM_LOAN
Yes,171393,Education,NA,1104393,1104393,Postgraduate,Medical,Medical,Yes,Rural,ELS
Yes,388248,Education,NA,1737902,1737902,Graduate,Law,Management,Yes,Urban,ELS
Yes,451437,Business,Transport,36834,22685,NA,NA,NA,NA,Rural,AMY
Yes,424997,Business,Transport,5000000,5000000,NA,NA,NA,NA,Urban,NO_ELIGIBLE_SCHEME
Yes,206862,Business,Tailoring,5000000,5000000,NA,NA,NA,NA,Rural,NO_ELIGIBLE_SCHEME
Yes,513009,Business,Tailoring,154699,117706,NA,NA,NA,NA,Urban,NO_ELIGIBLE_SCHEME
Yes,198463,Business,Small Manufacturing,1043715,439206,NA,NA,NA,NA,Urban,TERM_LOAN
Yes,108564,Education,NA,3784212,1021544,12th,BCA,Management,Yes,Urban,ELS
Yes,50993,Business,Repair Shop,7705632,5805882,NA,NA,NA,NA,Urban,NO_ELIGIBLE_SCHEME
Yes,69384,Business,Food Business,1834406,1761010,NA,NA,NA,NA,Rural,TERM_LOAN
Yes,490072,Business,Service Business,464668,418783,NA,NA,NA,NA,Urban,UNY
Yes,331158,Business,Tailoring,4191926,82660,NA,NA,NA,NA,Urban,TERM_LOAN
Yes,499041,Business,Poultry,248701,178226,NA,NA,NA,NA,Rural,UNY
Yes,449614,Business,Transport,5000000,5000000,NA,NA,NA,NA,Urban,NO_ELIGIBLE_SCHEME
Yes,413292,Business,Service Business,197929,192401,NA,NA,NA,NA,Urban,TERM_LOAN
Yes,447223,Business,Transport,5000000,5000000,NA,NA,NA,NA,Rural,NO_ELIGIBLE_SCHEME
Yes,126397,Business,Fisheries,492328,384489,NA,NA,NA,NA,Urban,UNY
Yes,60371,Business,Repair Shop,59035,58702,NA,NA,NA,NA,Urban,MFS
Yes,55562,Education,NA,962285,1397993,Graduate,BCA,Professional,No,Urban,NO_ELIGIBLE_SCHEME
No,489823,Business,Transport,132239,54067,NA,NA,NA,NA,Urban,NO_ELIGIBLE_SCHEME
No,187978,Business,Computer Centre,135186,151014,NA,NA,NA,NA,Urban,NO_ELIGIBLE_SCHEME
Yes,461812,Business,Transport,547353,67304,NA,NA,NA,NA,Urban,TERM_LOAN
Yes,96027,Business,Computer Centre,52630,39170,NA,NA,NA,NA,Urban,MFS
Yes,133328,Business,Fisheries,6853640,5406206,NA,NA,NA,NA,Urban,NO_ELIGIBLE_SCHEME
Yes,574040,Business,Poultry,248226,309883,NA,NA,NA,NA,Urban,NO_ELIGIBLE_SCHEME
Yes,449778,Business,Food Business,6888058,6202141,NA,NA,NA,NA,Urban,NO_ELIGIBLE_SCHEME
Yes,166398,Business,Computer Centre,329355,252126,NA,NA,NA,NA,Urban,TERM_LOAN
Yes,496580,Business,Repair Shop,236390,102050,NA,NA,NA,NA,Urban,UNY
Yes,59498,Education,NA,4472105,3622193,Graduate,BTech,Technical,Yes,Rural,ELS
Yes,156568,Business,Service Business,299417,31398,NA,NA,NA,NA,Rural,UNY
Yes,106124,Business,Computer Centre,138775,95181,NA,NA,NA,NA,Rural,AMY
Yes,179647,Business,Fisheries,128858,14067,NA,NA,NA,NA,Rural,MFS
Yes,235821,Business,Transport,45509,15509,NA,NA,NA,NA,Rural,AMY
Yes,211652,Business,Food Business,3294926,185188,NA,NA,NA,NA,Urban,TERM_LOAN
Yes,208501,Business,Poultry,58329,44412,NA,NA,NA,NA,Rural,MFS
Yes,367710,Business,Grocery Shop,49181,26693,NA,NA,NA,NA,Urban,AMY
Yes,253406,Business,Small Manufacturing,5000000,5000000,NA,NA,NA,NA,Urban,NO_ELIGIBLE_SCHEME
Yes,342395,Business,Service Business,1310280,248525,NA,NA,NA,NA,Rural,TERM_LOAN
No,387884,Business,Service Business,498244,158832,NA,NA,NA,NA,Urban,NO_ELIGIBLE_SCHEME
Yes,385511,Business,Food Business,228593,64525,NA,NA,NA,NA,Rural,UNY
Yes,371272,Business,Repair Shop,72655,33697,NA,NA,NA,NA,Rural,MFS
Yes,323514,Business,Service Business,3318576,3025103,NA,NA,NA,NA,Urban,TERM_LOAN
Yes,450385,Business,Poultry,126582,74392,NA,NA,NA,NA,Urban,MFS
Yes,81664,Education,NA,3713222,414386,12th,BCA,Medical,Yes,Urban,ELS
Yes,445309,Business,Food Business,228145,214368,NA,NA,NA,NA,Rural,UNY
Yes,437334,Business,Transport,4579120,3931982,NA,NA,NA,NA,Rural,TERM_LOAN
Yes,491895,Business,Food Business,94866,88317,NA,NA,NA,NA,Urban,MFS
Yes,108317,Business,Fisheries,2606757,1201145,NA,NA,NA,NA,Rural,TERM_LOAN
Yes,126307,Education,NA,3610799,3249561,Graduate,Medical,Technical,Yes,Urban,ELS
Yes,302669,Business,Computer Centre,86734,42581,NA,NA,NA,NA,Urban,MFS
Yes,260511,Business,Poultry,3997839,3926872,NA,NA,NA,NA,Rural,TERM_LOAN
Yes,401816,Business,Poultry,265971,134859,NA,NA,NA,NA,Rural,UNY
Yes,419163,Business,Small Manufacturing,4023983,1917813,NA,NA,NA,NA,Rural,TERM_LOAN
Yes,237254,Business,Transport,469024,164989,NA,NA,NA,NA,Urban,UNY
Yes,386044,Business,Food Business,826157,214263,NA,NA,NA,NA,Urban,TERM_LOAN
Yes,482661,Business,Tailoring,103874,15399,NA,NA,NA,NA,Rural,MFS
Yes,166575,Business,Computer Centre,1402815,461411,NA,NA,NA,NA,Urban,TERM_LOAN
Yes,313514,Education,NA,3067779,2220485,Graduate,MCA,Technical,Yes,Rural,ELS
Yes,70690,Education,NA,2370544,1525177,Postgraduate,Engineering,Medical,Yes,Urban,ELS
Yes,175294,Business,Transport,137676,68884,NA,NA,NA,NA,Rural,AMY
Yes,161633,Business,Service Business,5000000,5000000,NA,NA,NA,NA,Urban,NO_ELIGIBLE_SCHEME
Yes,400032,Business,Poultry,4823454,1018118,NA,NA,NA,NA,Rural,TERM_LOAN
Yes,106493,Education,NA,2133250,3408850,Graduate,Medical,Professional,No,Rural,NO_ELIGIBLE_SCHEME
Yes,391679,Business,Fisheries,1100845,890212,NA,NA,NA,NA,Rural,TERM_LOAN
Yes,218631,Business,Computer Centre,62234,53402,NA,NA,NA,NA,Rural,MFS
Yes,391027,Business,Repair Shop,53086,44193,NA,NA,NA,NA,Urban,MFS
Yes,116316,Education,NA,4041722,111892,Graduate,BTech,Management,Yes,Rural,ELS
Yes,72284,Business,Food Business,310159,81172,NA,NA,NA,NA,Urban,UNY
Yes,246623,Business,Fisheries,98126,10942,NA,NA,NA,NA,Urban,MFS
Yes,65323,Business,Fisheries,4014737,420711,NA,NA,NA,NA,Rural,TERM_LOAN
Yes,56557,Business,Poultry,7218132,6713406,NA,NA,NA,NA,Urban,NO_ELIGIBLE_SCHEME
Yes,438442,Education,NA,858379,858379,Postgraduate,MBA,Technical,Yes,Urban,ELS
Yes,392435,Business,Tailoring,4353164,964771,NA,NA,NA,NA,Rural,TERM_LOAN
Yes,262044,Business,Food Business,92367,89058,NA,NA,NA,NA,Urban,MFS
Yes,353862,Business,Tailoring,489454,426447,NA,NA,NA,NA,Urban,TERM_LOAN
Yes,531173,Business,Transport,373392,32102,NA,NA,NA,NA,Urban,NO_ELIGIBLE_SCHEME
Yes,455347,Business,Transport,2184331,717179,NA,NA,NA,NA,Rural,TERM_LOAN
Yes,56952,Business,Computer Centre,5000000,5000000,NA,NA,NA,NA,Urban,NO_ELIGIBLE_SCHEME
Yes,417084,Business,Fisheries,98809,50166,NA,NA,NA,NA,Rural,AMY
Yes,60325,Business,Food Business,1996526,566472,NA,NA,NA,NA,Rural,TERM_LOAN
Yes,158967,Education,NA,970853,1223712,Postgraduate,Nursing,Technical,No,Rural,NO_ELIGIBLE_SCHEME
Yes,278185,Education,NA,1049791,1049791,Postgraduate,Pharmacy,Professional,Yes,Urban,ELS
Yes,57400,Business,Service Business,3430474,720181,NA,NA,NA,NA,Rural,TERM_LOAN
Yes,320650,Business,Poultry,112292,102187,NA,NA,NA,NA,Urban,MFS
Yes,244961,Education,NA,2085964,897997,12th,Nursing,Management,Yes,Urban,ELS
Yes,249199,Education,NA,2873304,930740,12th,MBA,Technical,Yes,Urban,ELS
Yes,89901,Business,Repair Shop,86362,16260,NA,NA,NA,NA,Urban,AMY
Yes,321507,Business,Computer Centre,2823811,577567,NA,NA,NA,NA,Urban,TERM_LOAN
Yes,148691,Business,Computer Centre,69707,35224,NA,NA,NA,NA,Rural,AMY
Yes,178247,Business,Fisheries,7585139,6668176,NA,NA,NA,NA,Rural,NO_ELIGIBLE_SCHEME
Yes,179634,Education,NA,4424087,3089759,Graduate,Law,Professional,Yes,Urban,ELS
Yes,346223,Business,Fisheries,83218,70161,NA,NA,NA,NA,Rural,MFS
Yes,318815,Education,NA,614894,1926581,12th,Medical,Medical,No,Rural,NO_ELIGIBLE_SCHEME
Yes,143407,Business,Fisheries,59057,49880,NA,NA,NA,NA,Urban,AMY
Yes,478474,Education,NA,2757086,675385,Graduate,Engineering,Management,No,Urban,NO_ELIGIBLE_SCHEME
Yes,412269,Education,NA,4386802,1082139,Graduate,MBA,Management,Yes,Rural,ELS
Yes,527129,Business,Computer Centre,339290,310963,NA,NA,NA,NA,Urban,NO_ELIGIBLE_SCHEME
Yes,69509,Business,Repair Shop,48320,12971,NA,NA,NA,NA,Urban,MFS
Yes,390959,Education,NA,1535046,1535046,Graduate,Nursing,Technical,Yes,Rural,ELS
Yes,164469,Business,Poultry,1069316,602539,NA,NA,NA,NA,Rural,TERM_LOAN
Yes,349422,Business,Poultry,5000000,5000000,NA,NA,NA,NA,Rural,NO_ELIGIBLE_SCHEME
Yes,495506,Business,Transport,66787,32278,NA,NA,NA,NA,Rural,AMY
Yes,153329,Business,Tailoring,4382001,468916,NA,NA,NA,NA,Rural,TERM_LOAN
No,426817,Business,Computer Centre,117438,208808,NA,NA,NA,NA,Rural,NO_ELIGIBLE_SCHEME
Yes,321145,Business,Service Business,106741,94542,NA,NA,NA,NA,Rural,AMY
Yes,140608,Education,NA,4060000,682263,12th,BTech,Technical,Yes,Urban,ELS
Yes,395677,Business,Fisheries,130968,92111,NA,NA,NA,NA,Urban,MFS
Yes,425709,Education,NA,3126226,2192749,Postgraduate,MBA,Management,Yes,Urban,ELS
Yes,417382,Business,Poultry,111631,89381,NA,NA,NA,NA,Urban,MFS
Yes,211108,Education,NA,1460308,1460308,Graduate,Law,Technical,Yes,Rural,ELS
Yes,269331,Business,Tailoring,247919,104998,NA,NA,NA,NA,Urban,TERM_LOAN
Yes,399482,Business,Grocery Shop,307877,273132,NA,NA,NA,NA,Rural,UNY
Yes,346431,Business,Tailoring,51922,15417,NA,NA,NA,NA,Rural,MFS
Yes,383038,Business,Service Business,86167,72710,NA,NA,NA,NA,Rural,AMY
Yes,159568,Business,Computer Centre,437980,153631,NA,NA,NA,NA,Rural,UNY
Yes,175085,Education,NA,313285,155881,12th,BCA,Professional,No,Urban,NO_ELIGIBLE_SCHEME
Yes,59384,Business,Repair Shop,321379,320940,NA,NA,NA,NA,Urban,UNY
Yes,469250,Business,Fisheries,4811397,3251238,NA,NA,NA,NA,Urban,TERM_LOAN
Yes,375309,Business,Small Manufacturing,80538,69301,NA,NA,NA,NA,Rural,AMY
Yes,368490,Business,Food Business,486740,184272,NA,NA,NA,NA,Rural,UNY
Yes,297784,Business,Poultry,3665864,2589684,NA,NA,NA,NA,Urban,TERM_LOAN
Yes,142325,Business,Small Manufacturing,3329295,2057532,NA,NA,NA,NA,Rural,TERM_LOAN
Yes,53046,Business,Computer Centre,127922,66880,NA,NA,NA,NA,Rural,AMY
Yes,261187,Education,NA,557301,557301,Postgraduate,BTech,Professional,Yes,Urban,ELS
Yes,191415,Business,Food Business,104873,90495,NA,NA,NA,NA,Rural,AMY
Yes,414224,Business,Computer Centre,97582,46467,NA,NA,NA,NA,Urban,MFS
Yes,461271,Business,Computer Centre,108240,88386,NA,NA,NA,NA,Urban,MFS
Yes,412619,Business,Repair Shop,288983,178901,NA,NA,NA,NA,Rural,TERM_LOAN
Yes,298535,Education,NA,3328836,1066432,Postgraduate,BCA,Management,Yes,Urban,ELS
Yes,57832,Business,Computer Centre,50731,16561,NA,NA,NA,NA,Rural,AMY
Yes,63797,Business,Fisheries,828164,134718,NA,NA,NA,NA,Urban,TERM_LOAN
Yes,358601,Business,Small Manufacturing,398383,393479,NA,NA,NA,NA,Urban,UNY
Yes,354922,Business,Service Business,135563,107748,NA,NA,NA,NA,Rural,MFS
Yes,325820,Business,Grocery Shop,127218,65176,NA,NA,NA,NA,Rural,MFS
Yes,256870,Business,Tailoring,41836,35909,NA,NA,NA,NA,Urban,MFS
Yes,339092,Business,Grocery Shop,7242388,5451986,NA,NA,NA,NA,Rural,NO_ELIGIBLE_SCHEME
Yes,369506,Business,Service Business,352993,333348,NA,NA,NA,NA,Urban,UNY
Yes,486472,Business,Tailoring,30873,26002,NA,NA,NA,NA,Urban,AMY
Yes,443662,Business,Grocery Shop,84085,55032,NA,NA,NA,NA,Urban,AMY
Yes,689114,Business,Repair Shop,483282,110877,NA,NA,NA,NA,Urban,NO_ELIGIBLE_SCHEME
Yes,498040,Business,Small Manufacturing,297393,68096,NA,NA,NA,NA,Urban,UNY
Yes,433148,Business,Poultry,85572,76674,NA,NA,NA,NA,Urban,AMY
Yes,250942,Business,Repair Shop,3609625,2996565,NA,NA,NA,NA,Urban,TERM_LOAN
Yes,154806,Education,NA,1908685,150474,12th,BTech,Management,Yes,Rural,ELS
Yes,76585,Business,Repair Shop,158936,79488,NA,NA,NA,NA,Rural,UNY
Yes,335403,Business,Poultry,149479,135083,NA,NA,NA,NA,Urban,UNY
Yes,156721,Business,Computer Centre,1849490,239105,NA,NA,NA,NA,Rural,TERM_LOAN
No,132338,Business,Repair Shop,437355,102146,NA,NA,NA,NA,Rural,NO_ELIGIBLE_SCHEME
Yes,388242,Education,NA,3242852,3242852,Postgraduate,Medical,Medical,Yes,Rural,ELS
Yes,428948,Business,Tailoring,152266,84328,NA,NA,NA,NA,Urban,UNY
Yes,460467,Business,Service Business,64803,52964,NA,NA,NA,NA,Rural,MFS
Yes,425811,Business,Computer Centre,120215,11428,NA,NA,NA,NA,Rural,AMY
Yes,70437,Education,NA,1274669,1274669,Postgraduate,MCA,Technical,Yes,Urban,ELS
Yes,162886,Business,Computer Centre,66421,20189,NA,NA,NA,NA,Rural,MFS
Yes,380291,Business,Poultry,4728843,3648373,NA,NA,NA,NA,Urban,TERM_LOAN
Yes,449405,Education,NA,2805865,2766825,Postgraduate,Pharmacy,Professional,No,Rural,NO_ELIGIBLE_SCHEME
Yes,294517,Business,Transport,7306420,6960903,NA,NA,NA,NA,Urban,NO_ELIGIBLE_SCHEME
Yes,315848,Business,Transport,406383,364236,NA,NA,NA,NA,Urban,UNY
Yes,343231,Business,Service Business,137807,107779,NA,NA,NA,NA,Rural,AMY
Yes,181102,Business,Poultry,1482491,1442831,NA,NA,NA,NA,Rural,TERM_LOAN
No,273306,Business,Grocery Shop,401714,256672,NA,NA,NA,NA,Rural,NO_ELIGIBLE_SCHEME
Yes,116884,Business,Repair Shop,92503,87635,NA,NA,NA,NA,Rural,AMY
Yes,333419,Education,NA,316350,316350,Graduate,Pharmacy,Technical,Yes,Urban,ELS
Yes,107338,Business,Poultry,67797,15042,NA,NA,NA,NA,Urban,MFS
Yes,92050,Business,Grocery Shop,541902,399600,NA,NA,NA,NA,Rural,TERM_LOAN
Yes,421886,Education,NA,4333174,1143179,Postgraduate,Nursing,Medical,Yes,Rural,ELS
Yes,458969,Business,Tailoring,34339,10377,NA,NA,NA,NA,Rural,AMY
Yes,392760,Business,Food Business,215714,82688,NA,NA,NA,NA,Rural,UNY
Yes,197205,Education,NA,2088920,535202,12th,Nursing,Technical,No,Urban,NO_ELIGIBLE_SCHEME
Yes,645102,Business,Computer Centre,53791,52076,NA,NA,NA,NA,Urban,NO_ELIGIBLE_SCHEME
Yes,94705,Business,Tailoring,193697,150462,NA,NA,NA,NA,Urban,TERM_LOAN
Yes,146875,Business,Grocery Shop,67375,31479,NA,NA,NA,NA,Rural,AMY
Yes,278233,Business,Fisheries,6750672,6817778,NA,NA,NA,NA,Rural,NO_ELIGIBLE_SCHEME
Yes,496990,Business,Repair Shop,3454237,2972439,NA,NA,NA,NA,Rural,TERM_LOAN
Yes,289373,Business,Computer Centre,2524620,1300957,NA,NA,NA,NA,Urban,TERM_LOAN
Yes,374626,Business,Service Business,34541,30123,NA,NA,NA,NA,Rural,MFS
Yes,491011,Business,Computer Centre,91746,64127,NA,NA,NA,NA,Urban,MFS
Yes,86095,Business,Repair Shop,2561706,1647110,NA,NA,NA,NA,Urban,TERM_LOAN
Yes,469270,Business,Food Business,458824,29767,NA,NA,NA,NA,Urban,UNY
Yes,53812,Education,NA,431877,431877,Postgraduate,BCA,Medical,Yes,Rural,ELS
Yes,273505,Business,Tailoring,55189,19581,NA,NA,NA,NA,Rural,AMY
Yes,234877,Business,Poultry,431933,60817,NA,NA,NA,NA,Urban,UNY
Yes,469130,Business,Small Manufacturing,7717272,6575300,NA,NA,NA,NA,Rural,NO_ELIGIBLE_SCHEME
Yes,185474,Business,Repair Shop,47882,11909,NA,NA,NA,NA,Rural,MFS
Yes,318666,Business,Transport,103005,82710,NA,NA,NA,NA,Rural,MFS
Yes,133425,Business,Service Business,458830,46431,NA,NA,NA,NA,Rural,UNY
Yes,257163,Business,Computer Centre,360087,262273,NA,NA,NA,NA,Rural,UNY
Yes,90791,Education,NA,4363958,2192365,12th,Pharmacy,Management,Yes,Rural,ELS
Yes,198119,Education,NA,3957933,512342,Graduate,Pharmacy,Professional,Yes,Rural,ELS
Yes,229908,Education,NA,3758818,1537295,Graduate,MCA,Medical,Yes,Urban,ELS
Yes,440247,Business,Small Manufacturing,43277,19564,NA,NA,NA,NA,Urban,AMY
Yes,362775,Business,Transport,35014,13552,NA,NA,NA,NA,Urban,MFS
Yes,166822,Business,Food Business,1350603,839050,NA,NA,NA,NA,Urban,TERM_LOAN
Yes,220752,Business,Small Manufacturing,86033,60122,NA,NA,NA,NA,Rural,AMY
Yes,441688,Business,Computer Centre,84927,36050,NA,NA,NA,NA,Rural,MFS
Yes,179534,Business,Transport,104207,31591,NA,NA,NA,NA,Urban,AMY
Yes,340145,Business,Poultry,52026,34243,NA,NA,NA,NA,Urban,MFS
Yes,363875,Business,Transport,7711208,5765134,NA,NA,NA,NA,Urban,NO_ELIGIBLE_SCHEME
Yes,121345,Business,Service Business,255315,233293,NA,NA,NA,NA,Rural,UNY
Yes,85006,Business,Repair Shop,2846763,2388959,NA,NA,NA,NA,Urban,TERM_LOAN
Yes,136423,Business,Repair Shop,83752,69105,NA,NA,NA,NA,Rural,AMY
Yes,180312,Business,Fisheries,2465610,1477686,NA,NA,NA,NA,Rural,TERM_LOAN
Yes,404238,Business,Service Business,1351306,758705,NA,NA,NA,NA,Urban,TERM_LOAN
Yes,483184,Business,Poultry,2627279,2342811,NA,NA,NA,NA,Urban,TERM_LOAN
Yes,152860,Business,Computer Centre,68691,19988,NA,NA,NA,NA,Rural,MFS
Yes,698515,Business,Food Business,226317,167504,NA,NA,NA,NA,Urban,NO_ELIGIBLE_SCHEME
Yes,219200,Business,Poultry,91888,36186,NA,NA,NA,NA,Urban,AMY
Yes,223921,Business,Transport,118740,80852,NA,NA,NA,NA,Rural,MFS
Yes,100290,Business,Transport,307796,229889,NA,NA,NA,NA,Urban,TERM_LOAN
Yes,129904,Education,NA,446655,2960453,Postgraduate,Nursing,Technical,No,Rural,NO_ELIGIBLE_SCHEME
Yes,392923,Business,Grocery Shop,3367659,3185970,NA,NA,NA,NA,Urban,TERM_LOAN
Yes,357415,Business,Poultry,4466210,80139,NA,NA,NA,NA,Urban,TERM_LOAN
Yes,441588,Business,Grocery Shop,3964204,3908146,NA,NA,NA,NA,Rural,TERM_LOAN
Yes,182584,Education,NA,3104392,2763291,Graduate,BCA,Professional,Yes,Urban,ELS
Yes,413451,Business,Fisheries,6866979,5361035,NA,NA,NA,NA,Rural,NO_ELIGIBLE_SCHEME
Yes,486073,Business,Repair Shop,173317,79600,NA,NA,NA,NA,Urban,UNY
Yes,213896,Education,NA,1115755,1115755,Graduate,MCA,Management,Yes,Rural,ELS
Yes,217793,Business,Poultry,81110,22942,NA,NA,NA,NA,Urban,MFS
Yes,121423,Education,NA,4381721,2449597,Postgraduate,Pharmacy,Technical,Yes,Urban,ELS
Yes,464721,Business,Poultry,112595,68117,NA,NA,NA,NA,Rural,MFS
Yes,384807,Business,Fisheries,45363,29101,NA,NA,NA,NA,Rural,AMY
Yes,254661,Education,NA,2493845,2493845,Postgraduate,Nursing,Medical,Yes,Rural,ELS
Yes,378180,Business,Tailoring,72550,13752,NA,NA,NA,NA,Urban,AMY
Yes,155903,Business,Tailoring,171920,35600,NA,NA,NA,NA,Urban,UNY
Yes,273742,Business,Poultry,225570,180214,NA,NA,NA,NA,Rural,UNY
Yes,218216,Business,Tailoring,489675,427181,NA,NA,NA,NA,Urban,TERM_LOAN
Yes,400803,Education,NA,2925524,2925524,Postgraduate,Pharmacy,Management,Yes,Urban,ELS
Yes,497507,Education,NA,2199544,2674482,Postgraduate,Law,Management,No,Urban,NO_ELIGIBLE_SCHEME
Yes,469814,Education,NA,3576337,2313275,Postgraduate,BTech,Technical,Yes,Urban,ELS
No,200284,Business,Grocery Shop,411461,386555,NA,NA,NA,NA,Urban,NO_ELIGIBLE_SCHEME
Yes,267688,Education,NA,1939657,1939657,Graduate,Medical,Management,Yes,Rural,ELS
Yes,490754,Business,Tailoring,418074,94976,NA,NA,NA,NA,Rural,UNY
Yes,397890,Business,Computer Centre,33744,11151,NA,NA,NA,NA,Urban,MFS
Yes,452649,Business,Fisheries,3792285,83042,NA,NA,NA,NA,Urban,TERM_LOAN
Yes,429394,Education,NA,597732,597732,12th,Pharmacy,Professional,Yes,Urban,ELS
Yes,208998,Education,NA,2636680,3831711,Postgraduate,BCA,Technical,No,Rural,NO_ELIGIBLE_SCHEME
Yes,438498,Business,Food Business,5000000,5000000,NA,NA,NA,NA,Urban,NO_ELIGIBLE_SCHEME
Yes,359534,Business,Computer Centre,5000000,5000000,NA,NA,NA,NA,Rural,NO_ELIGIBLE_SCHEME
Yes,368947,Business,Repair Shop,59329,26540,NA,NA,NA,NA,Urban,MFS
Yes,80144,Business,Computer Centre,90693,73998,NA,NA,NA,NA,Rural,AMY
Yes,328179,Education,NA,159596,1675733,Postgraduate,MCA,Professional,No,Urban,NO_ELIGIBLE_SCHEME
Yes,180405,Business,Transport,92020,56482,NA,NA,NA,NA,Urban,AMY
Yes,222761,Business,Grocery Shop,375427,283305,NA,NA,NA,NA,Rural,UNY
Yes,58429,Education,NA,1112825,1112825,12th,Pharmacy,Technical,Yes,Rural,ELS
Yes,193066,Business,Computer Centre,6895466,5297114,NA,NA,NA,NA,Urban,NO_ELIGIBLE_SCHEME
Yes,58247,Business,Tailoring,116413,73944,NA,NA,NA,NA,Urban,MFS
Yes,201109,Business,Transport,83955,74942,NA,NA,NA,NA,Rural,MFS
Yes,400315,Business,Fisheries,1158703,326320,NA,NA,NA,NA,Rural,TERM_LOAN
Yes,310010,Business,Fisheries,133440,15530,NA,NA,NA,NA,Rural,AMY
Yes,433075,Business,Computer Centre,99963,36137,NA,NA,NA,NA,Rural,MFS
Yes,176888,Business,Repair Shop,48242,29846,NA,NA,NA,NA,Rural,MFS
Yes,185622,Education,NA,4474969,667484,12th,MBA,Management,Yes,Urban,ELS
Yes,416969,Education,NA,3539786,1653292,12th,Law,Medical,No,Rural,NO_ELIGIBLE_SCHEME
Yes,117238,Business,Grocery Shop,38566,29272,NA,NA,NA,NA,Rural,MFS
Yes,94885,Business,Fisheries,97715,35042,NA,NA,NA,NA,Urban,MFS
Yes,290480,Business,Tailoring,348914,98159,NA,NA,NA,NA,Urban,UNY
Yes,406866,Business,Tailoring,258492,52328,NA,NA,NA,NA,Rural,UNY
Yes,397009,Education,NA,918668,383334,12th,BCA,Technical,Yes,Urban,ELS
Yes,389942,Business,Tailoring,31520,12350,NA,NA,NA,NA,Rural,MFS
Yes,115266,Business,Small Manufacturing,2199881,1269897,NA,NA,NA,NA,Urban,TERM_LOAN
Yes,608973,Business,Tailoring,467729,114729,NA,NA,NA,NA,Rural,NO_ELIGIBLE_SCHEME
Yes,265934,Business,Repair Shop,724126,248155,NA,NA,NA,NA,Rural,TERM_LOAN
Yes,93404,Business,Computer Centre,944101,918156,NA,NA,NA,NA,Rural,TERM_LOAN
Yes,123720,Business,Computer Centre,467863,300154,NA,NA,NA,NA,Rural,UNY
Yes,291709,Business,Food Business,4684597,4451809,NA,NA,NA,NA,Urban,TERM_LOAN
Yes,74117,Education,NA,2414482,1558216,Postgraduate,BCA,Management,Yes,Rural,ELS
Yes,244181,Business,Tailoring,124906,52160,NA,NA,NA,NA,Rural,AMY
Yes,496480,Business,Food Business,6610835,5086058,NA,NA,NA,NA,Rural,NO_ELIGIBLE_SCHEME
Yes,89091,Education,NA,4400482,3099786,Postgraduate,Pharmacy,Technical,Yes,Rural,ELS
Yes,225136,Business,Repair Shop,6964830,6734794,NA,NA,NA,NA,Rural,NO_ELIGIBLE_SCHEME
Yes,51889,Business,Service Business,258230,165741,NA,NA,NA,NA,Urban,TERM_LOAN
Yes,359385,Business,Small Manufacturing,119526,33647,NA,NA,NA,NA,Rural,AMY
Yes,363294,Business,Computer Centre,3420183,2832271,NA,NA,NA,NA,Urban,TERM_LOAN
Yes,352314,Education,NA,1869161,135080,12th,Medical,Professional,Yes,Urban,ELS
Yes,93279,Business,Small Manufacturing,90470,18943,NA,NA,NA,NA,Rural,AMY
Yes,132504,Business,Computer Centre,5000000,5000000,NA,NA,NA,NA,Urban,NO_ELIGIBLE_SCHEME
Yes,498999,Business,Small Manufacturing,1154370,495700,NA,NA,NA,NA,Urban,TERM_LOAN
Yes,74958,Business,Fisheries,335225,89422,NA,NA,NA,NA,Urban,UNY
Yes,377293,Education,NA,1271972,1271972,12th,Engineering,Technical,Yes,Urban,ELS
Yes,353112,Business,Poultry,112483,72018,NA,NA,NA,NA,Rural,MFS
Yes,357013,Business,Food Business,832970,163461,NA,NA,NA,NA,Rural,TERM_LOAN
Yes,99410,Business,Poultry,126191,10407,NA,NA,NA,NA,Urban,AMY
Yes,322454,Business,Fisheries,123631,59501,NA,NA,NA,NA,Rural,MFS
Yes,380114,Education,NA,2040674,120036,Graduate,MCA,Professional,Yes,Urban,ELS
Yes,401187,Business,Service Business,112424,62684,NA,NA,NA,NA,Urban,AMY
Yes,334585,Business,Repair Shop,62759,60550,NA,NA,NA,NA,Urban,AMY
Yes,160530,Business,Grocery Shop,3563176,2586413,NA,NA,NA,NA,Rural,TERM_LOAN
Yes,293751,Business,Tailoring,5000000,5000000,NA,NA,NA,NA,Rural,NO_ELIGIBLE_SCHEME
Yes,123534,Business,Food Business,123530,67373,NA,NA,NA,NA,Urban,AMY
Yes,85505,Education,NA,473564,473564,Postgraduate,Engineering,Technical,Yes,Rural,ELS
Yes,307927,Business,Grocery Shop,5000000,5000000,NA,NA,NA,NA,Rural,NO_ELIGIBLE_SCHEME
Yes,148194,Business,Computer Centre,376423,345295,NA,NA,NA,NA,Urban,UNY
Yes,490439,Education,NA,465409,465409,Postgraduate,Medical,Management,Yes,Urban,ELS
Yes,301893,Business,Computer Centre,127280,116294,NA,NA,NA,NA,Urban,AMY
Yes,255092,Education,NA,3098678,504477,12th,BTech,Medical,Yes,Urban,ELS
Yes,147327,Business,Fisheries,104329,37862,NA,NA,NA,NA,Rural,AMY
Yes,449797,Education,NA,3437698,56291,Postgraduate,MCA,Professional,No,Urban,NO_ELIGIBLE_SCHEME
No,413423,Business,Transport,355673,344734,NA,NA,NA,NA,Rural,NO_ELIGIBLE_SCHEME
Yes,319065,Education,NA,3274487,3274487,Graduate,Engineering,Technical,Yes,Rural,ELS
Yes,229071,Business,Fisheries,132926,18965,NA,NA,NA,NA,Urban,AMY
Yes,419862,Business,Small Manufacturing,6243668,6582925,NA,NA,NA,NA,Rural,NO_ELIGIBLE_SCHEME
Yes,223998,Business,Fisheries,91759,12981,NA,NA,NA,NA,Rural,MFS
Yes,263040,Business,Grocery Shop,5000000,5000000,NA,NA,NA,NA,Urban,NO_ELIGIBLE_SCHEME
Yes,330407,Business,Tailoring,81052,25506,NA,NA,NA,NA,Rural,MFS
Yes,469017,Education,NA,3151828,1572825,Postgraduate,MBA,Management,Yes,Rural,ELS
Yes,316688,Business,Service Business,87486,33163,NA,NA,NA,NA,Urban,AMY
Yes,307325,Business,Small Manufacturing,7628035,6838694,NA,NA,NA,NA,Rural,NO_ELIGIBLE_SCHEME
Yes,353956,Business,Computer Centre,127805,46356,NA,NA,NA,NA,Urban,MFS
Yes,148387,Business,Repair Shop,5000000,5000000,NA,NA,NA,NA,Urban,NO_ELIGIBLE_SCHEME
Yes,179707,Business,Repair Shop,70549,25031,NA,NA,NA,NA,Urban,MFS
Yes,495557,Education,NA,941502,941502,12th,Nursing,Management,Yes,Rural,ELS
Yes,352124,Business,Transport,3926273,2884070,NA,NA,NA,NA,Rural,TERM_LOAN
Yes,262090,Business,Poultry,390519,95766,NA,NA,NA,NA,Rural,UNY
No,180588,Business,Poultry,470585,22895,NA,NA,NA,NA,Rural,NO_ELIGIBLE_SCHEME
Yes,361449,Business,Food Business,78819,74066,NA,NA,NA,NA,Rural,MFS
Yes,158908,Business,Fisheries,361753,331813,NA,NA,NA,NA,Urban,UNY
Yes,231833,Business,Service Business,421755,38973,NA,NA,NA,NA,Rural,UNY
Yes,131328,Business,Repair Shop,90375,55371,NA,NA,NA,NA,Rural,MFS
Yes,466833,Education,NA,1125473,1125473,12th,MBA,Technical,Yes,Urban,ELS
Yes,729573,Business,Poultry,102360,385720,NA,NA,NA,NA,Urban,NO_ELIGIBLE_SCHEME
Yes,177109,Business,Transport,3702622,421281,NA,NA,NA,NA,Urban,TERM_LOAN
Yes,152394,Business,Service Business,5000000,5000000,NA,NA,NA,NA,Rural,NO_ELIGIBLE_SCHEME
Yes,408026,Business,Food Business,128050,41151,NA,NA,NA,NA,Urban,AMY
Yes,322067,Education,NA,4080984,3762317,Graduate,BTech,Technical,Yes,Urban,ELS
Yes,572462,Business,Service Business,459788,257584,NA,NA,NA,NA,Urban,NO_ELIGIBLE_SCHEME
Yes,256887,Business,Service Business,103408,72825,NA,NA,NA,NA,Rural,AMY
Yes,332547,Business,Computer Centre,607221,302410,NA,NA,NA,NA,Urban,TERM_LOAN
Yes,355318,Business,Tailoring,3321257,1388986,NA,NA,NA,NA,Urban,TERM_LOAN
Yes,279388,Education,NA,2241806,1286707,12th,Medical,Technical,Yes,Rural,ELS
Yes,486214,Business,Poultry,100806,92928,NA,NA,NA,NA,Rural,AMY
Yes,322199,Education,NA,1012986,1012986,Graduate,MCA,Medical,Yes,Urban,ELS
Yes,365322,Business,Computer Centre,89347,32431,NA,NA,NA,NA,Urban,AMY
Yes,273136,Business,Repair Shop,399341,107340,NA,NA,NA,NA,Rural,UNY
Yes,364475,Business,Tailoring,92373,90576,NA,NA,NA,NA,Rural,MFS
Yes,483467,Business,Small Manufacturing,227896,131164,NA,NA,NA,NA,Rural,UNY
Yes,220585,Business,Tailoring,417011,275017,NA,NA,NA,NA,Urban,UNY
Yes,143607,Business,Fisheries,102680,42239,NA,NA,NA,NA,Rural,AMY
Yes,204011,Education,NA,446212,2512059,Postgraduate,BTech,Management,No,Rural,NO_ELIGIBLE_SCHEME
Yes,69996,Business,Small Manufacturing,997374,319121,NA,NA,NA,NA,Rural,TERM_LOAN
Yes,386428,Education,NA,3752393,884985,Postgraduate,Engineering,Management,No,Urban,NO_ELIGIBLE_SCHEME
Yes,122208,Business,Small Manufacturing,4757201,2524024,NA,NA,NA,NA,Urban,TERM_LOAN
Yes,102277,Business,Small Manufacturing,43154,38855,NA,NA,NA,NA,Urban,MFS
Yes,157782,Business,Small Manufacturing,139532,23621,NA,NA,NA,NA,Urban,MFS
Yes,178600,Business,Service Business,133121,36975,NA,NA,NA,NA,Urban,MFS
No,82076,Business,Service Business,136459,130469,NA,NA,NA,NA,Rural,NO_ELIGIBLE_SCHEME
Yes,94697,Business,Poultry,152338,32049,NA,NA,NA,NA,Rural,UNY
Yes,323853,Business,Tailoring,42693,16916,NA,NA,NA,NA,Urban,AMY
Yes,98937,Business,Computer Centre,50837,27958,NA,NA,NA,NA,Urban,MFS
Yes,299852,Business,Computer Centre,102686,33394,NA,NA,NA,NA,Urban,MFS
Yes,197200,Business,Transport,198993,179982,NA,NA,NA,NA,Rural,TERM_LOAN
Yes,173994,Education,NA,2930601,1051849,Postgraduate,Nursing,Medical,Yes,Rural,ELS
Yes,443884,Business,Transport,425503,193693,NA,NA,NA,NA,Rural,UNY
Yes,337085,Business,Tailoring,4927551,3443706,NA,NA,NA,NA,Urban,TERM_LOAN
Yes,314525,Business,Service Business,30702,18311,NA,NA,NA,NA,Urban,MFS
Yes,304130,Education,NA,2471875,804763,Graduate,Medical,Technical,Yes,Rural,ELS
Yes,324300,Business,Repair Shop,119249,29690,NA,NA,NA,NA,Rural,AMY
Yes,103549,Business,Transport,2791411,1023353,NA,NA,NA,NA,Rural,TERM_LOAN
Yes,318170,Business,Food Business,4258825,1439998,NA,NA,NA,NA,Rural,TERM_LOAN
Yes,212850,Business,Service Business,74378,51317,NA,NA,NA,NA,Urban,AMY
Yes,210261,Business,Service Business,110785,96431,NA,NA,NA,NA,Rural,MFS
Yes,327190,Education,NA,1510219,1510219,Postgraduate,MCA,Management,Yes,Rural,ELS
Yes,400530,Education,NA,4364015,1152452,12th,Engineering,Technical,Yes,Urban,ELS
Yes,100353,Business,Poultry,79278,67264,NA,NA,NA,NA,Urban,AMY
Yes,155070,Business,Poultry,116325,29331,NA,NA,NA,NA,Urban,AMY
Yes,368397,Business,Transport,111646,24097,NA,NA,NA,NA,Urban,AMY
Yes,186381,Business,Service Business,399679,235832,NA,NA,NA,NA,Rural,UNY
Yes,387849,Business,Transport,45300,16049,NA,NA,NA,NA,Urban,AMY
Yes,267683,Education,NA,2348394,2348394,Postgraduate,Law,Medical,Yes,Rural,ELS
Yes,181166,Business,Transport,2215768,1904980,NA,NA,NA,NA,Rural,TERM_LOAN
Yes,87452,Business,Transport,111899,67979,NA,NA,NA,NA,Rural,AMY
Yes,298969,Business,Poultry,116833,32729,NA,NA,NA,NA,Rural,MFS
Yes,229123,Business,Transport,5000000,5000000,NA,NA,NA,NA,Urban,NO_ELIGIBLE_SCHEME
Yes,63259,Business,Poultry,104946,60122,NA,NA,NA,NA,Urban,AMY
Yes,263018,Education,NA,4361215,1477454,Postgraduate,BTech,Medical,Yes,Urban,ELS
Yes,526483,Business,Small Manufacturing,124299,114922,NA,NA,NA,NA,Rural,NO_ELIGIBLE_SCHEME
Yes,488465,Education,NA,2714809,3470690,Postgraduate,Medical,Management,No,Rural,NO_ELIGIBLE_SCHEME
Yes,125323,Business,Computer Centre,74589,49758,NA,NA,NA,NA,Urban,MFS
Yes,205751,Business,Computer Centre,6546414,6347203,NA,NA,NA,NA,Urban,NO_ELIGIBLE_SCHEME
Yes,436379,Education,NA,2682633,2682633,Postgraduate,MCA,Professional,Yes,Rural,ELS
Yes,380753,Business,Small Manufacturing,163770,131270,NA,NA,NA,NA,Urban,UNY
Yes,310150,Business,Tailoring,7433122,5812776,NA,NA,NA,NA,Urban,NO_ELIGIBLE_SCHEME
Yes,487402,Business,Computer Centre,61709,49909,NA,NA,NA,NA,Urban,AMY
Yes,438062,Business,Tailoring,3074683,1186712,NA,NA,NA,NA,Urban,TERM_LOAN
Yes,74619,Education,NA,3973989,2183274,Postgraduate,Pharmacy,Professional,Yes,Urban,ELS
Yes,303615,Business,Grocery Shop,4561764,1763003,NA,NA,NA,NA,Urban,TERM_LOAN
Yes,324740,Business,Grocery Shop,6853787,5142293,NA,NA,NA,NA,Rural,NO_ELIGIBLE_SCHEME
Yes,403797,Business,Tailoring,3056887,2540712,NA,NA,NA,NA,Urban,TERM_LOAN
Yes,487702,Education,NA,2729795,816051,Postgraduate,Nursing,Medical,Yes,Urban,ELS
Yes,155099,Business,Tailoring,4503922,3626386,NA,NA,NA,NA,Rural,TERM_LOAN
Yes,298003,Business,Service Business,278100,133006,NA,NA,NA,NA,Urban,UNY
Yes,72374,Business,Service Business,64449,54731,NA,NA,NA,NA,Rural,AMY
Yes,123206,Business,Fisheries,48726,27359,NA,NA,NA,NA,Urban,MFS
Yes,254805,Business,Grocery Shop,79980,36765,NA,NA,NA,NA,Urban,AMY
Yes,85828,Business,Grocery Shop,96179,84741,NA,NA,NA,NA,Rural,MFS
Yes,279771,Education,NA,1864351,1300138,Graduate,Nursing,Management,Yes,Rural,ELS
Yes,493159,Education,NA,4178286,1420083,12th,Nursing,Technical,Yes,Rural,ELS
Yes,244816,Business,Food Business,95149,41148,NA,NA,NA,NA,Urban,MFS
Yes,128623,Business,Fisheries,61258,17442,NA,NA,NA,NA,Rural,MFS
Yes,321055,Business,Service Business,36673,36254,NA,NA,NA,NA,Rural,AMY
Yes,341309,Education,NA,4496758,2415706,Graduate,Medical,Management,Yes,Rural,ELS
Yes,482185,Business,Service Business,494119,293598,NA,NA,NA,NA,Rural,UNY
Yes,277618,Business,Computer Centre,436888,344819,NA,NA,NA,NA,Rural,UNY
Yes,63051,Education,NA,3675142,234451,Graduate,Law,Technical,Yes,Urban,ELS
Yes,163137,Business,Service Business,698200,266211,NA,NA,NA,NA,Urban,TERM_LOAN
Yes,118946,Business,Service Business,356073,205676,NA,NA,NA,NA,Urban,UNY
Yes,355523,Business,Food Business,57372,25040,NA,NA,NA,NA,Rural,AMY
Yes,470563,Business,Tailoring,1341019,1160247,NA,NA,NA,NA,Urban,TERM_LOAN
Yes,509302,Business,Tailoring,170049,118191,NA,NA,NA,NA,Urban,NO_ELIGIBLE_SCHEME
Yes,336255,Education,NA,1664267,833116,12th,Law,Medical,Yes,Urban,ELS
Yes,156555,Education,NA,1436701,1436701,12th,BTech,Professional,Yes,Rural,ELS
Yes,389722,Business,Grocery Shop,32960,21241,NA,NA,NA,NA,Rural,MFS
Yes,87979,Business,Repair Shop,2799926,173003,NA,NA,NA,NA,Rural,TERM_LOAN
Yes,187494,Business,Transport,1651944,219038,NA,NA,NA,NA,Rural,TERM_LOAN
Yes,478898,Business,Food Business,6572255,5815323,NA,NA,NA,NA,Rural,NO_ELIGIBLE_SCHEME
Yes,91664,Business,Repair Shop,390893,354224,NA,NA,NA,NA,Rural,TERM_LOAN
Yes,696046,Business,Grocery Shop,253439,348460,NA,NA,NA,NA,Urban,NO_ELIGIBLE_SCHEME
Yes,96926,Business,Repair Shop,4332894,3842296,NA,NA,NA,NA,Rural,TERM_LOAN
No,154474,Business,Tailoring,488577,250799,NA,NA,NA,NA,Rural,NO_ELIGIBLE_SCHEME
Yes,336504,Business,Food Business,275761,198160,NA,NA,NA,NA,Rural,UNY
Yes,549618,Business,Computer Centre,428060,398565,NA,NA,NA,NA,Rural,NO_ELIGIBLE_SCHEME
Yes,99006,Business,Tailoring,428333,72560,NA,NA,NA,NA,Urban,UNY
Yes,245277,Business,Small Manufacturing,252381,200173,NA,NA,NA,NA,Urban,TERM_LOAN
Yes,92125,Business,Small Manufacturing,122545,86829,NA,NA,NA,NA,Rural,AMY
Yes,381560,Business,Repair Shop,48634,47842,NA,NA,NA,NA,Urban,MFS
Yes,178354,Business,Small Manufacturing,127129,113624,NA,NA,NA,NA,Rural,AMY
Yes,177440,Business,Small Manufacturing,1101169,859235,NA,NA,NA,NA,Rural,TERM_LOAN
Yes,163632,Business,Small Manufacturing,4677343,459259,NA,NA,NA,NA,Rural,TERM_LOAN
Yes,434166,Business,Food Business,199123,98768,NA,NA,NA,NA,Rural,UNY
Yes,339308,Business,Grocery Shop,352069,320983,NA,NA,NA,NA,Urban,UNY
Yes,138180,Business,Tailoring,168303,71438,NA,NA,NA,NA,Urban,UNY
Yes,206624,Business,Food Business,348890,235663,NA,NA,NA,NA,Rural,UNY
Yes,53298,Business,Small Manufacturing,2180118,677229,NA,NA,NA,NA,Urban,TERM_LOAN
Yes,137815,Business,Transport,6419919,6173242,NA,NA,NA,NA,Urban,NO_ELIGIBLE_SCHEME
Yes,470476,Business,Fisheries,129267,80453,NA,NA,NA,NA,Rural,MFS
Yes,139408,Education,NA,737941,737941,Graduate,BCA,Management,Yes,Urban,ELS
Yes,467852,Education,NA,2236923,2305383,Postgraduate,MBA,Medical,No,Rural,NO_ELIGIBLE_SCHEME
Yes,178771,Business,Transport,30366,18561,NA,NA,NA,NA,Urban,AMY
Yes,356078,Business,Computer Centre,5000000,5000000,NA,NA,NA,NA,Rural,NO_ELIGIBLE_SCHEME
Yes,196724,Business,Food Business,54530,28021,NA,NA,NA,NA,Rural,MFS
Yes,65663,Education,NA,4178304,386940,12th,BTech,Management,Yes,Urban,ELS
Yes,406342,Business,Tailoring,332528,170952,NA,NA,NA,NA,Rural,UNY
Yes,329678,Business,Small Manufacturing,213758,72334,NA,NA,NA,NA,Rural,UNY
Yes,95396,Education,NA,668445,484381,Postgraduate,BCA,Management,Yes,Rural,ELS
Yes,236003,Business,Small Manufacturing,108412,48528,NA,NA,NA,NA,Urban,AMY
Yes,139355,Business,Grocery Shop,61897,23870,NA,NA,NA,NA,Rural,AMY
Yes,205549,Education,NA,645745,645745,Postgraduate,Medical,Management,Yes,Urban,ELS
Yes,413393,Business,Transport,5000000,5000000,NA,NA,NA,NA,Rural,NO_ELIGIBLE_SCHEME
Yes,246910,Business,Poultry,452646,175320,NA,NA,NA,NA,Rural,UNY
Yes,427666,Education,NA,3189240,3189240,12th,Pharmacy,Medical,Yes,Urban,ELS
Yes,491896,Business,Transport,3636895,97847,NA,NA,NA,NA,Urban,TERM_LOAN
Yes,288550,Business,Food Business,106966,104908,NA,NA,NA,NA,Urban,MFS
Yes,298113,Education,NA,132756,132756,12th,BTech,Management,Yes,Urban,ELS
Yes,495559,Business,Tailoring,5000000,5000000,NA,NA,NA,NA,Urban,NO_ELIGIBLE_SCHEME
Yes,60861,Business,Grocery Shop,79528,60330,NA,NA,NA,NA,Rural,AMY
Yes,411768,Education,NA,1336096,705612,Postgraduate,Engineering,Management,Yes,Rural,ELS
Yes,157003,Business,Poultry,51215,37947,NA,NA,NA,NA,Urban,AMY
Yes,162159,Business,Transport,103812,81516,NA,NA,NA,NA,Urban,MFS
Yes,372634,Business,Transport,4510172,2552109,NA,NA,NA,NA,Rural,TERM_LOAN
Yes,311366,Business,Grocery Shop,3944398,1844264,NA,NA,NA,NA,Rural,TERM_LOAN
Yes,195676,Business,Poultry,302000,219875,NA,NA,NA,NA,Rural,UNY
Yes,794316,Business,Grocery Shop,310527,392653,NA,NA,NA,NA,Rural,NO_ELIGIBLE_SCHEME
Yes,377627,Education,NA,2732105,1850675,Postgraduate,Engineering,Medical,Yes,Urban,ELS
Yes,228557,Education,NA,988697,2565332,Postgraduate,Nursing,Technical,No,Urban,NO_ELIGIBLE_SCHEME
Yes,488248,Business,Food Business,150367,36343,NA,NA,NA,NA,Rural,UNY
Yes,164077,Business,Fisheries,391838,30057,NA,NA,NA,NA,Urban,UNY
Yes,475282,Business,Repair Shop,375552,52994,NA,NA,NA,NA,Urban,UNY
Yes,174534,Business,Food Business,118652,104317,NA,NA,NA,NA,Urban,MFS
Yes,296501,Education,NA,3721070,2300412,12th,MBA,Medical,No,Urban,NO_ELIGIBLE_SCHEME
Yes,246768,Business,Transport,105470,98781,NA,NA,NA,NA,Rural,MFS
Yes,260042,Business,Service Business,48791,35874,NA,NA,NA,NA,Rural,MFS
No,471451,Business,Fisheries,112130,163763,NA,NA,NA,NA,Rural,NO_ELIGIBLE_SCHEME
Yes,175398,Business,Fisheries,393106,108727,NA,NA,NA,NA,Rural,TERM_LOAN
Yes,450756,Education,NA,903630,903630,Graduate,Nursing,Professional,Yes,Rural,ELS
Yes,170286,Business,Food Business,2095197,1748510,NA,NA,NA,NA,Rural,TERM_LOAN
Yes,421320,Business,Food Business,92396,35860,NA,NA,NA,NA,Rural,AMY
Yes,452973,Business,Poultry,90057,44494,NA,NA,NA,NA,Rural,AMY
Yes,370724,Business,Repair Shop,289067,110508,NA,NA,NA,NA,Rural,UNY
Yes,437312,Education,NA,3258140,509232,Graduate,MBA,Technical,Yes,Rural,ELS
Yes,136343,Business,Repair Shop,3712377,720009,NA,NA,NA,NA,Urban,TERM_LOAN
Yes,701305,Business,Computer Centre,456288,75767,NA,NA,NA,NA,Rural,NO_ELIGIBLE_SCHEME
Yes,456862,Education,NA,2800944,904966,Graduate,MCA,Technical,Yes,Rural,ELS
Yes,118253,Education,NA,1694089,1694089,12th,BCA,Management,Yes,Rural,ELS
Yes,266195,Business,Small Manufacturing,56864,40610,NA,NA,NA,NA,Rural,AMY
Yes,781332,Business,Service Business,65526,343995,NA,NA,NA,NA,Rural,NO_ELIGIBLE_SCHEME
Yes,439659,Education,NA,553698,553698,Graduate,BCA,Medical,Yes,Rural,ELS
Yes,98390,Business,Transport,62914,13329,NA,NA,NA,NA,Urban,MFS
Yes,424550,Business,Repair Shop,2319425,270190,NA,NA,NA,NA,Rural,TERM_LOAN
Yes,496405,Business,Tailoring,103727,43654,NA,NA,NA,NA,Rural,AMY
Yes,150240,Education,NA,2059356,1342647,12th,MBA,Technical,Yes,Urban,ELS
Yes,490515,Education,NA,553715,3049263,Graduate,Pharmacy,Professional,No,Rural,NO_ELIGIBLE_SCHEME
Yes,101974,Education,NA,4392278,1787800,Postgraduate,BCA,Management,Yes,Rural,ELS
Yes,219948,Business,Food Business,2539746,2397383,NA,NA,NA,NA,Urban,TERM_LOAN
Yes,114506,Education,NA,2100194,2100194,12th,BTech,Professional,Yes,Urban,ELS
Yes,313312,Business,Repair Shop,134656,71428,NA,NA,NA,NA,Urban,AMY
Yes,171379,Education,NA,3931845,2495576,12th,BCA,Technical,Yes,Urban,ELS
Yes,248560,Business,Small Manufacturing,72613,36943,NA,NA,NA,NA,Urban,AMY
Yes,406046,Education,NA,2692772,1497248,Graduate,MCA,Professional,Yes,Urban,ELS
Yes,483096,Business,Repair Shop,4490812,414735,NA,NA,NA,NA,Rural,TERM_LOAN
Yes,138359,Education,NA,3651999,141025,Graduate,Nursing,Management,Yes,Rural,ELS
Yes,172209,Business,Fisheries,6788228,5924005,NA,NA,NA,NA,Urban,NO_ELIGIBLE_SCHEME
Yes,271383,Business,Grocery Shop,103044,102018,NA,NA,NA,NA,Rural,AMY
Yes,584830,Business,Service Business,219195,219561,NA,NA,NA,NA,Rural,NO_ELIGIBLE_SCHEME
Yes,193885,Business,Small Manufacturing,4522551,914260,NA,NA,NA,NA,Rural,TERM_LOAN
Yes,435890,Education,NA,1264610,1264610,Graduate,Medical,Professional,Yes,Rural,ELS
Yes,434272,Business,Grocery Shop,75193,25802,NA,NA,NA,NA,Urban,MFS
Yes,82076,Business,Service Business,129914,15110,NA,NA,NA,NA,Rural,AMY
Yes,139725,Business,Small Manufacturing,109840,93227,NA,NA,NA,NA,Rural,MFS
Yes,223483,Business,Small Manufacturing,225349,60874,NA,NA,NA,NA,Urban,UNY
Yes,383550,Business,Tailoring,86669,29168,NA,NA,NA,NA,Rural,AMY
Yes,91951,Business,Food Business,407679,193605,NA,NA,NA,NA,Rural,TERM_LOAN
Yes,179032,Business,Fisheries,78497,64657,NA,NA,NA,NA,Urban,AMY
Yes,228720,Business,Service Business,2313619,1096418,NA,NA,NA,NA,Rural,TERM_LOAN
Yes,420051,Business,Computer Centre,176063,93443,NA,NA,NA,NA,Urban,UNY
Yes,88979,Business,Repair Shop,65532,13051,NA,NA,NA,NA,Rural,MFS
Yes,99152,Business,Tailoring,5000000,5000000,NA,NA,NA,NA,Urban,NO_ELIGIBLE_SCHEME
Yes,437490,Education,NA,3105035,3105035,Postgraduate,MBA,Professional,Yes,Rural,ELS
Yes,444058,Business,Computer Centre,309070,196850,NA,NA,NA,NA,Urban,UNY
Yes,241639,Business,Fisheries,2251961,1461003,NA,NA,NA,NA,Rural,TERM_LOAN
Yes,377320,Business,Tailoring,425552,308528,NA,NA,NA,NA,Urban,UNY
Yes,203009,Business,Tailoring,99935,41223,NA,NA,NA,NA,Rural,AMY
Yes,354380,Business,Transport,1888005,1226907,NA,NA,NA,NA,Rural,TERM_LOAN
Yes,344263,Business,Food Business,213548,135327,NA,NA,NA,NA,Urban,UNY
No,52976,Business,Food Business,52348,313369,NA,NA,NA,NA,Urban,NO_ELIGIBLE_SCHEME
Yes,492774,Business,Poultry,372230,125276,NA,NA,NA,NA,Urban,UNY
Yes,424272,Education,NA,3654152,869769,Postgraduate,Medical,Medical,Yes,Urban,ELS
Yes,447496,Business,Fisheries,94038,82768,NA,NA,NA,NA,Urban,MFS
No,60143,Business,Fisheries,252341,235483,NA,NA,NA,NA,Urban,NO_ELIGIBLE_SCHEME
Yes,543750,Business,Service Business,452523,261639,NA,NA,NA,NA,Urban,NO_ELIGIBLE_SCHEME
Yes,523966,Business,Fisheries,177151,214875,NA,NA,NA,NA,Rural,NO_ELIGIBLE_SCHEME
Yes,294602,Business,Grocery Shop,4982879,1112382,NA,NA,NA,NA,Urban,TERM_LOAN
No,375567,Business,Transport,439879,165554,NA,NA,NA,NA,Urban,NO_ELIGIBLE_SCHEME
Yes,403568,Business,Transport,1317178,337530,NA,NA,NA,NA,Rural,TERM_LOAN
Yes,217634,Education,NA,3414443,814222,12th,Nursing,Technical,Yes,Urban,ELS
Yes,61667,Business,Transport,489109,135619,NA,NA,NA,NA,Urban,UNY
Yes,437205,Business,Service Business,2288277,1391164,NA,NA,NA,NA,Rural,TERM_LOAN
Yes,297253,Business,Food Business,2737566,1978673,NA,NA,NA,NA,Urban,TERM_LOAN
Yes,167329,Business,Tailoring,4355283,751145,NA,NA,NA,NA,Rural,TERM_LOAN
Yes,190929,Business,Repair Shop,4163429,4133431,NA,NA,NA,NA,Urban,TERM_LOAN
Yes,326682,Business,Small Manufacturing,4503646,559781,NA,NA,NA,NA,Urban,TERM_LOAN
Yes,355319,Business,Computer Centre,239780,111708,NA,NA,NA,NA,Urban,UNY
Yes,227187,Business,Fisheries,78927,24841,NA,NA,NA,NA,Rural,AMY
Yes,291695,Business,Computer Centre,1550654,1300694,NA,NA,NA,NA,Urban,TERM_LOAN
Yes,354511,Business,Poultry,4401149,4205056,NA,NA,NA,NA,Rural,TERM_LOAN
Yes,69099,Business,Grocery Shop,337574,146923,NA,NA,NA,NA,Urban,UNY
Yes,264677,Business,Repair Shop,54382,25013,NA,NA,NA,NA,Rural,AMY
Yes,338674,Business,Tailoring,2554553,590615,NA,NA,NA,NA,Rural,TERM_LOAN
Yes,306488,Business,Fisheries,83961,78389,NA,NA,NA,NA,Urban,MFS
Yes,375648,Business,Computer Centre,90981,77143,NA,NA,NA,NA,Urban,AMY
Yes,127764,Business,Grocery Shop,58183,31482,NA,NA,NA,NA,Rural,MFS
Yes,481134,Business,Repair Shop,423562,404000,NA,NA,NA,NA,Rural,UNY
Yes,451824,Business,Tailoring,2787893,51357,NA,NA,NA,NA,Rural,TERM_LOAN
Yes,481250,Business,Fisheries,3402128,185029,NA,NA,NA,NA,Urban,TERM_LOAN
Yes,61594,Business,Small Manufacturing,38474,15614,NA,NA,NA,NA,Urban,AMY
Yes,287782,Business,Grocery Shop,234692,120163,NA,NA,NA,NA,Urban,UNY
Yes,765862,Business,Small Manufacturing,147540,119525,NA,NA,NA,NA,Rural,NO_ELIGIBLE_SCHEME
Yes,215174,Business,Grocery Shop,5000000,5000000,NA,NA,NA,NA,Urban,NO_ELIGIBLE_SCHEME
Yes,494546,Business,Small Manufacturing,84044,34386,NA,NA,NA,NA,Urban,AMY
Yes,110683,Education,NA,1981995,833457,12th,Pharmacy,Medical,Yes,Urban,ELS
Yes,65867,Business,Grocery Shop,89412,73898,NA,NA,NA,NA,Urban,MFS
Yes,290841,Business,Transport,56894,12395,NA,NA,NA,NA,Rural,MFS
Yes,206505,Business,Grocery Shop,3742066,2009864,NA,NA,NA,NA,Rural,TERM_LOAN
Yes,342733,Business,Computer Centre,457204,63469,NA,NA,NA,NA,Rural,UNY
Yes,90055,Business,Grocery Shop,84702,70357,NA,NA,NA,NA,Rural,MFS
Yes,474102,Business,Poultry,5000000,5000000,NA,NA,NA,NA,Urban,NO_ELIGIBLE_SCHEME
Yes,410264,Business,Computer Centre,4428336,203430,NA,NA,NA,NA,Rural,TERM_LOAN
Yes,323561,Education,NA,4461685,2966706,Graduate,Medical,Medical,Yes,Rural,ELS
Yes,388659,Business,Repair Shop,1887168,808932,NA,NA,NA,NA,Urban,TERM_LOAN
Yes,395175,Education,NA,1482908,497325,Postgraduate,Pharmacy,Technical,Yes,Urban,ELS
Yes,295994,Business,Small Manufacturing,75073,28793,NA,NA,NA,NA,Rural,MFS
Yes,473966,Business,Fisheries,203159,142589,NA,NA,NA,NA,Rural,UNY
Yes,321745,Business,Grocery Shop,412577,91279,NA,NA,NA,NA,Rural,UNY
Yes,129990,Education,NA,1181596,1181596,Postgraduate,Law,Technical,Yes,Rural,ELS
Yes,99033,Business,Grocery Shop,230002,67007,NA,NA,NA,NA,Rural,UNY
Yes,382839,Business,Computer Centre,125804,70089,NA,NA,NA,NA,Rural,MFS
Yes,59460,Business,Service Business,5000000,5000000,NA,NA,NA,NA,Urban,NO_ELIGIBLE_SCHEME
Yes,258028,Business,Small Manufacturing,1085352,680157,NA,NA,NA,NA,Urban,TERM_LOAN
Yes,379813,Education,NA,3815984,3639299,12th,MBA,Professional,No,Rural,NO_ELIGIBLE_SCHEME
Yes,409055,Business,Food Business,2431286,1761640,NA,NA,NA,NA,Urban,TERM_LOAN
Yes,460394,Business,Poultry,1048196,670654,NA,NA,NA,NA,Urban,TERM_LOAN
Yes,671189,Business,Grocery Shop,311130,265967,NA,NA,NA,NA,Urban,NO_ELIGIBLE_SCHEME
Yes,103753,Business,Small Manufacturing,4104791,1605780,NA,NA,NA,NA,Urban,TERM_LOAN
Yes,415500,Business,Food Business,5000000,5000000,NA,NA,NA,NA,Urban,NO_ELIGIBLE_SCHEME
Yes,423024,Business,Repair Shop,147687,33781,NA,NA,NA,NA,Rural,UNY
Yes,214466,Business,Computer Centre,124575,107346,NA,NA,NA,NA,Rural,MFS
Yes,740691,Business,Repair Shop,109211,204766,NA,NA,NA,NA,Rural,NO_ELIGIBLE_SCHEME
Yes,234407,Business,Computer Centre,84270,63790,NA,NA,NA,NA,Urban,AMY
Yes,463000,Business,Repair Shop,191843,84749,NA,NA,NA,NA,Urban,UNY
Yes,497928,Business,Food Business,49893,40274,NA,NA,NA,NA,Rural,AMY
Yes,411615,Business,Service Business,368809,323002,NA,NA,NA,NA,Rural,UNY
Yes,185206,Business,Computer Centre,139328,87994,NA,NA,NA,NA,Rural,MFS
Yes,175917,Education,NA,3990445,1958070,Graduate,Law,Medical,Yes,Urban,ELS
Yes,87882,Business,Fisheries,2769040,920767,NA,NA,NA,NA,Urban,TERM_LOAN
Yes,636798,Business,Service Business,187024,122064,NA,NA,NA,NA,Urban,NO_ELIGIBLE_SCHEME
Yes,278534,Business,Transport,3407655,467711,NA,NA,NA,NA,Urban,TERM_LOAN
Yes,61602,Business,Food Business,7234889,5774310,NA,NA,NA,NA,Urban,NO_ELIGIBLE_SCHEME
Yes,89079,Education,NA,4133008,2302453,12th,Engineering,Medical,Yes,Rural,ELS
Yes,270187,Business,Repair Shop,1908137,787578,NA,NA,NA,NA,Rural,TERM_LOAN
Yes,395141,Business,Service Business,103894,59533,NA,NA,NA,NA,Rural,AMY
Yes,307444,Business,Tailoring,81222,23195,NA,NA,NA,NA,Urban,AMY
Yes,203792,Business,Poultry,410672,171224,NA,NA,NA,NA,Rural,UNY
Yes,297518,Business,Poultry,101233,80736,NA,NA,NA,NA,Urban,MFS
Yes,361107,Business,Grocery Shop,4380617,1404972,NA,NA,NA,NA,Urban,TERM_LOAN
Yes,369179,Business,Food Business,114730,10268,NA,NA,NA,NA,Rural,MFS
Yes,378037,Business,Grocery Shop,39643,25942,NA,NA,NA,NA,Rural,AMY
Yes,379269,Education,NA,1724957,1724957,Postgraduate,Engineering,Management,Yes,Urban,ELS
Yes,178116,Business,Food Business,261945,139266,NA,NA,NA,NA,Rural,UNY
Yes,252874,Education,NA,3971396,171329,12th,Nursing,Technical,Yes,Rural,ELS
Yes,425006,Business,Service Business,350654,228436,NA,NA,NA,NA,Rural,UNY
Yes,109600,Education,NA,1354377,1354377,Postgraduate,Pharmacy,Professional,Yes,Rural,ELS
Yes,384195,Business,Small Manufacturing,236814,87074,NA,NA,NA,NA,Urban,UNY
Yes,403314,Business,Tailoring,7131763,5614285,NA,NA,NA,NA,Rural,NO_ELIGIBLE_SCHEME
Yes,168361,Business,Transport,323298,57563,NA,NA,NA,NA,Rural,UNY
Yes,372262,Business,Grocery Shop,4328575,2580553,NA,NA,NA,NA,Urban,TERM_LOAN
Yes,215770,Business,Tailoring,267198,212131,NA,NA,NA,NA,Urban,UNY
Yes,110967,Business,Fisheries,1548337,430704,NA,NA,NA,NA,Rural,TERM_LOAN
Yes,136686,Business,Food Business,90124,61903,NA,NA,NA,NA,Rural,AMY
Yes,102293,Education,NA,437858,3873779,Postgraduate,MCA,Management,No,Rural,NO_ELIGIBLE_SCHEME
No,84131,Business,Repair Shop,213454,233568,NA,NA,NA,NA,Urban,NO_ELIGIBLE_SCHEME
Yes,449614,Business,Service Business,2749268,2283439,NA,NA,NA,NA,Rural,TERM_LOAN
Yes,278237,Business,Service Business,2420864,1805177,NA,NA,NA,NA,Urban,TERM_LOAN
Yes,75998,Education,NA,4061808,2923855,Postgraduate,Pharmacy,Management,Yes,Rural,ELS
Yes,287156,Business,Fisheries,5000000,5000000,NA,NA,NA,NA,Rural,NO_ELIGIBLE_SCHEME
Yes,373777,Business,Small Manufacturing,134526,38177,NA,NA,NA,NA,Urban,AMY
Yes,105131,Education,NA,1826748,1050784,12th,Engineering,Management,Yes,Urban,ELS
Yes,144619,Business,Fisheries,7852724,6271764,NA,NA,NA,NA,Rural,NO_ELIGIBLE_SCHEME
Yes,268235,Business,Repair Shop,35932,12729,NA,NA,NA,NA,Urban,MFS
Yes,443965,Business,Fisheries,343010,271797,NA,NA,NA,NA,Urban,UNY
Yes,56328,Education,NA,1557745,858025,Graduate,Nursing,Professional,Yes,Rural,ELS
Yes,77020,Business,Repair Shop,100206,34966,NA,NA,NA,NA,Urban,MFS
Yes,429783,Business,Small Manufacturing,7096225,6516199,NA,NA,NA,NA,Urban,NO_ELIGIBLE_SCHEME
Yes,299736,Education,NA,1192018,1192018,12th,MCA,Technical,Yes,Urban,ELS
Yes,353975,Business,Tailoring,187431,67386,NA,NA,NA,NA,Urban,UNY
Yes,98391,Business,Computer Centre,287289,77384,NA,NA,NA,NA,Urban,UNY
Yes,461591,Education,NA,4242586,2576933,12th,MCA,Medical,Yes,Rural,ELS
Yes,324389,Business,Service Business,97757,20254,NA,NA,NA,NA,Rural,MFS
Yes,305325,Education,NA,1326721,494787,Graduate,MBA,Medical,Yes,Urban,ELS
Yes,332278,Business,Service Business,463207,372690,NA,NA,NA,NA,Rural,UNY
Yes,517303,Business,Computer Centre,163001,382886,NA,NA,NA,NA,Urban,NO_ELIGIBLE_SCHEME
Yes,307191,Business,Small Manufacturing,104560,98476,NA,NA,NA,NA,Urban,MFS
Yes,291854,Business,Tailoring,6919051,6931390,NA,NA,NA,NA,Urban,NO_ELIGIBLE_SCHEME
Yes,367300,Business,Grocery Shop,5000000,5000000,NA,NA,NA,NA,Rural,NO_ELIGIBLE_SCHEME
Yes,237738,Business,Service Business,360713,280969,NA,NA,NA,NA,Rural,UNY
Yes,142744,Business,Small Manufacturing,86149,58905,NA,NA,NA,NA,Rural,AMY
Yes,326732,Education,NA,705375,705375,12th,Engineering,Professional,Yes,Urban,ELS
Yes,90229,Business,Grocery Shop,78331,47627,NA,NA,NA,NA,Urban,MFS
Yes,81235,Business,Computer Centre,47510,17219,NA,NA,NA,NA,Urban,AMY
Yes,794498,Business,Transport,158857,300043,NA,NA,NA,NA,Rural,NO_ELIGIBLE_SCHEME
Yes,295072,Business,Food Business,398350,260615,NA,NA,NA,NA,Rural,UNY
Yes,133600,Business,Fisheries,330958,233176,NA,NA,NA,NA,Rural,UNY
Yes,79805,Business,Transport,95655,76127,NA,NA,NA,NA,Rural,AMY
Yes,395609,Business,Small Manufacturing,109574,71909,NA,NA,NA,NA,Urban,AMY
Yes,388854,Education,NA,3032445,421922,12th,Engineering,Professional,Yes,Rural,ELS
Yes,160510,Business,Fisheries,112173,18581,NA,NA,NA,NA,Urban,MFS
Yes,395990,Business,Repair Shop,149014,77385,NA,NA,NA,NA,Urban,UNY
Yes,288238,Business,Poultry,255507,171160,NA,NA,NA,NA,Rural,UNY
Yes,312655,Business,Computer Centre,4857561,3283072,NA,NA,NA,NA,Urban,TERM_LOAN
Yes,143327,Business,Transport,3903393,3480840,NA,NA,NA,NA,Rural,TERM_LOAN
Yes,203219,Business,Fisheries,197072,166355,NA,NA,NA,NA,Rural,UNY
Yes,412080,Business,Fisheries,39961,29401,NA,NA,NA,NA,Rural,MFS
Yes,395454,Business,Small Manufacturing,125321,112659,NA,NA,NA,NA,Urban,MFS
No,369848,Business,Small Manufacturing,376187,390455,NA,NA,NA,NA,Urban,NO_ELIGIBLE_SCHEME
Yes,57478,Education,NA,1929113,215642,12th,MCA,Management,Yes,Rural,ELS
No,304613,Business,Computer Centre,397608,86518,NA,NA,NA,NA,Rural,NO_ELIGIBLE_SCHEME
Yes,78616,Education,NA,3432857,2582942,12th,Nursing,Technical,Yes,Urban,ELS
Yes,254133,Business,Tailoring,761335,266010,NA,NA,NA,NA,Urban,TERM_LOAN
Yes,470433,Business,Repair Shop,147141,147026,NA,NA,NA,NA,Urban,UNY
Yes,495697,Business,Computer Centre,1083508,52563,NA,NA,NA,NA,Rural,TERM_LOAN
Yes,346709,Business,Poultry,99621,64008,NA,NA,NA,NA,Rural,MFS
Yes,420464,Business,Repair Shop,7957417,6412013,NA,NA,NA,NA,Rural,NO_ELIGIBLE_SCHEME
Yes,271489,Business,Tailoring,1950026,1502760,NA,NA,NA,NA,Rural,TERM_LOAN
Yes,100609,Business,Food Business,5000000,5000000,NA,NA,NA,NA,Rural,NO_ELIGIBLE_SCHEME
Yes,63600,Business,Fisheries,98390,47805,NA,NA,NA,NA,Urban,AMY
Yes,463703,Business,Transport,123747,65460,NA,NA,NA,NA,Rural,MFS
Yes,413938,Business,Tailoring,3796544,2796878,NA,NA,NA,NA,Rural,TERM_LOAN
Yes,416643,Business,Food Business,95809,26350,NA,NA,NA,NA,Urban,AMY
Yes,155224,Business,Grocery Shop,111744,100148,NA,NA,NA,NA,Rural,AMY
Yes,151840,Education,NA,2207429,705149,12th,MBA,Medical,No,Rural,NO_ELIGIBLE_SCHEME
No,69374,Business,Transport,180991,160003,NA,NA,NA,NA,Urban,NO_ELIGIBLE_SCHEME
Yes,165975,Business,Poultry,6189958,5693171,NA,NA,NA,NA,Rural,NO_ELIGIBLE_SCHEME
Yes,82105,Business,Small Manufacturing,7046005,5928883,NA,NA,NA,NA,Rural,NO_ELIGIBLE_SCHEME
Yes,159232,Business,Tailoring,306397,61303,NA,NA,NA,NA,Urban,UNY
Yes,282671,Education,NA,1922952,828052,Graduate,BCA,Medical,Yes,Rural,ELS
Yes,213521,Business,Transport,128605,15339,NA,NA,NA,NA,Rural,AMY
Yes,61795,Education,NA,2564557,206909,Graduate,BTech,Technical,Yes,Urban,ELS
Yes,305137,Business,Food Business,67728,27946,NA,NA,NA,NA,Rural,AMY
Yes,230595,Education,NA,729740,729740,Postgraduate,MCA,Management,Yes,Urban,ELS
Yes,327178,Business,Small Manufacturing,5000000,5000000,NA,NA,NA,NA,Urban,NO_ELIGIBLE_SCHEME
No,196140,Business,Grocery Shop,423769,108770,NA,NA,NA,NA,Urban,NO_ELIGIBLE_SCHEME
Yes,414366,Business,Computer Centre,3656894,2388145,NA,NA,NA,NA,Rural,TERM_LOAN
No,444269,Business,Computer Centre,269587,314864,NA,NA,NA,NA,Rural,NO_ELIGIBLE_SCHEME
Yes,307306,Business,Repair Shop,6506280,5043181,NA,NA,NA,NA,Urban,NO_ELIGIBLE_SCHEME
Yes,108410,Business,Tailoring,5000000,5000000,NA,NA,NA,NA,Urban,NO_ELIGIBLE_SCHEME
Yes,173064,Education,NA,1334864,1219204,Graduate,BCA,Professional,Yes,Rural,ELS
Yes,440048,Business,Fisheries,135623,108090,NA,NA,NA,NA,Urban,MFS
Yes,498304,Business,Computer Centre,3192399,2173498,NA,NA,NA,NA,Urban,TERM_LOAN
Yes,432312,Business,Tailoring,331002,233211,NA,NA,NA,NA,Rural,UNY
Yes,308535,Education,NA,1396379,1396379,Graduate,Nursing,Technical,Yes,Rural,ELS
Yes,383283,Business,Poultry,65369,26519,NA,NA,NA,NA,Rural,AMY
Yes,371833,Business,Grocery Shop,7612641,5255381,NA,NA,NA,NA,Urban,NO_ELIGIBLE_SCHEME
Yes,133232,Business,Grocery Shop,41792,33170,NA,NA,NA,NA,Rural,AMY
No,191431,Business,Repair Shop,467153,294873,NA,NA,NA,NA,Rural,NO_ELIGIBLE_SCHEME
Yes,470247,Business,Repair Shop,57704,13190,NA,NA,NA,NA,Urban,MFS
Yes,54443,Business,Service Business,99534,83831,NA,NA,NA,NA,Rural,MFS
No,427937,Business,Fisheries,172499,268120,NA,NA,NA,NA,Urban,NO_ELIGIBLE_SCHEME
Yes,235137,Business,Computer Centre,476359,352947,NA,NA,NA,NA,Rural,UNY
Yes,459017,Business,Computer Centre,299984,138616,NA,NA,NA,NA,Urban,UNY
Yes,199415,Business,Poultry,62018,34217,NA,NA,NA,NA,Urban,MFS
Yes,465642,Business,Fisheries,2278606,2120969,NA,NA,NA,NA,Rural,TERM_LOAN
Yes,411802,Business,Small Manufacturing,440925,55970,NA,NA,NA,NA,Urban,UNY
Yes,313547,Business,Service Business,839875,715388,NA,NA,NA,NA,Urban,TERM_LOAN
Yes,452724,Education,NA,4080493,298447,Postgraduate,MCA,Management,Yes,Urban,ELS
Yes,191073,Business,Poultry,58647,47598,NA,NA,NA,NA,Rural,MFS
Yes,418338,Business,Transport,118407,70125,NA,NA,NA,NA,Rural,MFS
Yes,430618,Education,NA,709601,709601,Graduate,MCA,Management,Yes,Urban,ELS
Yes,251405,Business,Small Manufacturing,87376,76752,NA,NA,NA,NA,Urban,AMY
Yes,348764,Business,Computer Centre,1593487,402071,NA,NA,NA,NA,Rural,TERM_LOAN
Yes,280948,Business,Poultry,2097553,695137,NA,NA,NA,NA,Rural,TERM_LOAN
Yes,405988,Education,NA,2666443,2666443,12th,BTech,Management,Yes,Urban,ELS
Yes,66009,Business,Grocery Shop,486810,291452,NA,NA,NA,NA,Urban,UNY
Yes,195811,Business,Service Business,62075,45870,NA,NA,NA,NA,Rural,MFS
No,175107,Business,Computer Centre,77893,100598,NA,NA,NA,NA,Urban,NO_ELIGIBLE_SCHEME
Yes,232327,Education,NA,1003666,559550,Postgraduate,BTech,Medical,No,Rural,NO_ELIGIBLE_SCHEME
Yes,378281,Education,NA,1741386,3705777,12th,Pharmacy,Technical,No,Rural,NO_ELIGIBLE_SCHEME
Yes,426379,Education,NA,2800550,1424360,12th,Pharmacy,Professional,Yes,Rural,ELS
Yes,243395,Business,Poultry,2605797,2162734,NA,NA,NA,NA,Urban,TERM_LOAN
Yes,297290,Business,Service Business,137905,29048,NA,NA,NA,NA,Urban,MFS
Yes,109365,Education,NA,1077008,1076515,Postgraduate,Pharmacy,Medical,Yes,Urban,ELS
Yes,164837,Education,NA,667770,667770,12th,Nursing,Medical,Yes,Rural,ELS
Yes,314631,Education,NA,4365108,3851393,12th,Law,Medical,Yes,Urban,ELS
Yes,452959,Business,Repair Shop,2686569,2305554,NA,NA,NA,NA,Rural,TERM_LOAN
Yes,98004,Business,Poultry,1585382,1567279,NA,NA,NA,NA,Urban,TERM_LOAN
Yes,66937,Business,Computer Centre,56738,45466,NA,NA,NA,NA,Urban,MFS
Yes,304544,Business,Fisheries,37160,18792,NA,NA,NA,NA,Urban,AMY
Yes,220762,Education,NA,769787,769787,12th,Pharmacy,Management,Yes,Rural,ELS
Yes,467153,Business,Transport,137343,121121,NA,NA,NA,NA,Urban,MFS
Yes,208251,Business,Tailoring,97844,27705,NA,NA,NA,NA,Urban,MFS
Yes,154143,Business,Fisheries,87481,62321,NA,NA,NA,NA,Urban,AMY
Yes,344066,Business,Computer Centre,97984,37176,NA,NA,NA,NA,Urban,MFS
Yes,217571,Education,NA,1084876,1084876,12th,Law,Professional,Yes,Urban,ELS
Yes,161882,Education,NA,4249741,440936,Postgraduate,Engineering,Technical,Yes,Urban,ELS
Yes,243562,Business,Repair Shop,57204,44707,NA,NA,NA,NA,Urban,AMY
Yes,59063,Business,Computer Centre,478192,131590,NA,NA,NA,NA,Urban,UNY
Yes,306411,Education,NA,3054023,2232109,Postgraduate,Pharmacy,Technical,No,Urban,NO_ELIGIBLE_SCHEME
Yes,200611,Business,Small Manufacturing,2269100,1460677,NA,NA,NA,NA,Urban,TERM_LOAN
Yes,459452,Business,Poultry,128739,55683,NA,NA,NA,NA,Urban,AMY
Yes,289072,Business,Food Business,352678,78079,NA,NA,NA,NA,Rural,TERM_LOAN
Yes,396185,Business,Service Business,56855,12617,NA,NA,NA,NA,Rural,AMY
Yes,206262,Business,Grocery Shop,3082156,887691,NA,NA,NA,NA,Rural,TERM_LOAN
Yes,257619,Business,Fisheries,651920,165613,NA,NA,NA,NA,Rural,TERM_LOAN
Yes,450290,Business,Repair Shop,5000000,5000000,NA,NA,NA,NA,Rural,NO_ELIGIBLE_SCHEME
Yes,264218,Business,Tailoring,59658,12112,NA,NA,NA,NA,Urban,MFS
Yes,113060,Business,Small Manufacturing,138799,24566,NA,NA,NA,NA,Urban,AMY
Yes,396944,Business,Repair Shop,124312,105417,NA,NA,NA,NA,Rural,MFS
Yes,180030,Business,Repair Shop,484698,252868,NA,NA,NA,NA,Urban,UNY
Yes,437016,Business,Repair Shop,5000000,5000000,NA,NA,NA,NA,Rural,NO_ELIGIBLE_SCHEME
Yes,99358,Education,NA,2453539,1732929,Graduate,Pharmacy,Technical,Yes,Rural,ELS
Yes,494393,Business,Transport,367923,182466,NA,NA,NA,NA,Rural,UNY
Yes,418264,Business,Tailoring,5000000,5000000,NA,NA,NA,NA,Urban,NO_ELIGIBLE_SCHEME
Yes,183573,Business,Poultry,380847,306667,NA,NA,NA,NA,Rural,UNY
Yes,290816,Business,Service Business,76727,75377,NA,NA,NA,NA,Rural,AMY
Yes,117473,Education,NA,2977814,2224038,Postgraduate,MCA,Professional,No,Rural,NO_ELIGIBLE_SCHEME
Yes,228281,Business,Tailoring,2818833,2448746,NA,NA,NA,NA,Rural,TERM_LOAN
Yes,323006,Business,Service Business,125668,60096,NA,NA,NA,NA,Rural,MFS
Yes,128215,Business,Transport,1313667,1169166,NA,NA,NA,NA,Urban,TERM_LOAN
Yes,266962,Business,Grocery Shop,1811063,385190,NA,NA,NA,NA,Urban,TERM_LOAN
Yes,186539,Business,Poultry,7237141,5029381,NA,NA,NA,NA,Rural,NO_ELIGIBLE_SCHEME
Yes,421568,Business,Small Manufacturing,287525,139498,NA,NA,NA,NA,Urban,UNY
Yes,394201,Business,Repair Shop,303055,127798,NA,NA,NA,NA,Rural,UNY
Yes,315415,Education,NA,4098278,3127325,Postgraduate,Law,Management,Yes,Urban,ELS
Yes,407203,Business,Grocery Shop,33402,19315,NA,NA,NA,NA,Urban,MFS
Yes,193627,Education,NA,3399612,3067263,Postgraduate,BCA,Management,Yes,Urban,ELS
Yes,207693,Business,Tailoring,184960,139604,NA,NA,NA,NA,Rural,UNY
Yes,372027,Education,NA,2102847,1617897,Postgraduate,Law,Medical,Yes,Urban,ELS
Yes,112433,Business,Computer Centre,198792,145912,NA,NA,NA,NA,Urban,UNY
Yes,91100,Business,Food Business,2859411,443287,NA,NA,NA,NA,Urban,TERM_LOAN
Yes,152470,Education,NA,332267,332267,Graduate,MCA,Management,Yes,Rural,ELS
Yes,245089,Education,NA,4236927,1188792,Postgraduate,Law,Medical,Yes,Rural,ELS
Yes,419865,Business,Small Manufacturing,72540,15455,NA,NA,NA,NA,Urban,AMY
Yes,244911,Education,NA,975530,2423434,Postgraduate,BTech,Management,No,Urban,NO_ELIGIBLE_SCHEME
Yes,200799,Business,Food Business,108509,78322,NA,NA,NA,NA,Rural,AMY
Yes,118307,Business,Computer Centre,1469187,858407,NA,NA,NA,NA,Rural,TERM_LOAN
Yes,326194,Business,Tailoring,106415,96969,NA,NA,NA,NA,Urban,MFS
Yes,333241,Education,NA,2909533,270062,12th,MBA,Medical,No,Urban,NO_ELIGIBLE_SCHEME
Yes,89919,Business,Poultry,474808,247816,NA,NA,NA,NA,Rural,UNY
Yes,90980,Business,Transport,60973,43254,NA,NA,NA,NA,Urban,AMY
Yes,136376,Business,Small Manufacturing,1472533,1152131,NA,NA,NA,NA,Rural,TERM_LOAN
Yes,396532,Education,NA,3650770,2783526,Graduate,Medical,Professional,Yes,Urban,ELS
No,277130,Business,Repair Shop,96312,95322,NA,NA,NA,NA,Rural,NO_ELIGIBLE_SCHEME
Yes,270086,Education,NA,848346,1786670,12th,BTech,Technical,No,Urban,NO_ELIGIBLE_SCHEME
No,205963,Business,Tailoring,463912,235965,NA,NA,NA,NA,Rural,NO_ELIGIBLE_SCHEME
Yes,319309,Business,Poultry,3410148,155654,NA,NA,NA,NA,Urban,TERM_LOAN
Yes,164983,Education,NA,3732802,2100956,12th,MCA,Technical,Yes,Rural,ELS
Yes,322507,Business,Computer Centre,7265871,5325583,NA,NA,NA,NA,Urban,NO_ELIGIBLE_SCHEME
Yes,478350,Education,NA,3111303,3001261,Postgraduate,Nursing,Medical,Yes,Urban,ELS
Yes,175947,Business,Food Business,2918949,947279,NA,NA,NA,NA,Urban,TERM_LOAN
Yes,51151,Business,Computer Centre,42771,24532,NA,NA,NA,NA,Urban,MFS
Yes,142327,Business,Tailoring,1685092,1444268,NA,NA,NA,NA,Urban,TERM_LOAN
Yes,447541,Business,Small Manufacturing,341997,231675,NA,NA,NA,NA,Urban,UNY
Yes,390862,Business,Grocery Shop,75870,39389,NA,NA,NA,NA,Rural,MFS
Yes,484079,Education,NA,2047370,1407726,12th,Nursing,Medical,No,Urban,NO_ELIGIBLE_SCHEME
Yes,372605,Education,NA,2879067,1953017,Graduate,MBA,Technical,Yes,Rural,ELS
Yes,224123,Business,Fisheries,1609278,297182,NA,NA,NA,NA,Rural,TERM_LOAN
Yes,134530,Business,Poultry,617146,381060,NA,NA,NA,NA,Rural,TERM_LOAN
Yes,133765,Business,Fisheries,355790,188354,NA,NA,NA,NA,Urban,UNY
Yes,54800,Business,Transport,260011,39076,NA,NA,NA,NA,Rural,UNY
Yes,372826,Business,Fisheries,7880586,5534065,NA,NA,NA,NA,Rural,NO_ELIGIBLE_SCHEME
Yes,91979,Business,Computer Centre,72101,16723,NA,NA,NA,NA,Urban,MFS
Yes,60468,Education,NA,3758355,2199718,Postgraduate,Engineering,Technical,Yes,Rural,ELS
Yes,263907,Education,NA,1909849,189834,Postgraduate,BTech,Management,Yes,Urban,ELS
No,57282,Business,Fisheries,90796,300302,NA,NA,NA,NA,Urban,NO_ELIGIBLE_SCHEME
Yes,124766,Education,NA,2407898,1563006,Graduate,MBA,Technical,No,Urban,NO_ELIGIBLE_SCHEME
Yes,307030,Education,NA,2810891,2383593,Postgraduate,Pharmacy,Professional,Yes,Rural,ELS
Yes,436947,Education,NA,4425162,3396393,Postgraduate,Nursing,Professional,Yes,Urban,ELS
Yes,296439,Business,Food Business,350798,58124,NA,NA,NA,NA,Rural,UNY
Yes,290271,Business,Grocery Shop,413874,100143,NA,NA,NA,NA,Rural,UNY
Yes,374282,Business,Computer Centre,138711,92397,NA,NA,NA,NA,Rural,MFS
Yes,79968,Business,Transport,325462,237350,NA,NA,NA,NA,Rural,UNY
Yes,241775,Business,Transport,87915,50352,NA,NA,NA,NA,Urban,MFS
Yes,445901,Business,Small Manufacturing,34728,10656,NA,NA,NA,NA,Rural,AMY
Yes,162003,Business,Poultry,678811,523866,NA,NA,NA,NA,Rural,TERM_LOAN
Yes,371700,Business,Food Business,2774152,1668593,NA,NA,NA,NA,Urban,TERM_LOAN
Yes,165831,Education,NA,4495442,3109952,12th,Law,Technical,Yes,Urban,ELS
Yes,231858,Business,Food Business,100007,19392,NA,NA,NA,NA,Rural,AMY
Yes,136292,Education,NA,521768,521768,12th,MBA,Management,Yes,Urban,ELS
Yes,493220,Business,Grocery Shop,3583669,612573,NA,NA,NA,NA,Urban,TERM_LOAN
Yes,425957,Business,Computer Centre,920393,701618,NA,NA,NA,NA,Urban,TERM_LOAN
Yes,494863,Education,NA,1145749,1051049,Graduate,Law,Management,No,Rural,NO_ELIGIBLE_SCHEME
Yes,364984,Education,NA,2043504,2043504,Graduate,MBA,Technical,Yes,Rural,ELS
Yes,412019,Business,Grocery Shop,44832,41557,NA,NA,NA,NA,Rural,MFS
Yes,445767,Business,Poultry,6445735,5291935,NA,NA,NA,NA,Urban,NO_ELIGIBLE_SCHEME
Yes,303414,Business,Repair Shop,83258,46511,NA,NA,NA,NA,Rural,AMY
Yes,452677,Education,NA,1528397,1265639,12th,Law,Technical,Yes,Urban,ELS
Yes,112046,Education,NA,3086941,3155588,12th,Law,Technical,No,Rural,NO_ELIGIBLE_SCHEME
Yes,82734,Business,Repair Shop,5000000,5000000,NA,NA,NA,NA,Rural,NO_ELIGIBLE_SCHEME
Yes,486284,Business,Tailoring,4952834,3599422,NA,NA,NA,NA,Rural,TERM_LOAN
Yes,295926,Business,Poultry,51889,13168,NA,NA,NA,NA,Rural,AMY
Yes,315781,Business,Food Business,44308,15077,NA,NA,NA,NA,Rural,AMY
Yes,137100,Education,NA,2442716,1990506,Postgraduate,Medical,Medical,Yes,Rural,ELS
Yes,352874,Business,Computer Centre,50932,31458,NA,NA,NA,NA,Rural,MFS
Yes,65819,Education,NA,2744952,549720,Graduate,Nursing,Technical,Yes,Rural,ELS
Yes,257589,Education,NA,2376749,790871,Postgraduate,BTech,Professional,Yes,Urban,ELS
Yes,388507,Business,Poultry,134497,14660,NA,NA,NA,NA,Urban,MFS
Yes,241140,Business,Tailoring,34757,22499,NA,NA,NA,NA,Rural,AMY
Yes,756895,Business,Transport,230719,310531,NA,NA,NA,NA,Urban,NO_ELIGIBLE_SCHEME
Yes,132573,Business,Repair Shop,65737,19785,NA,NA,NA,NA,Rural,MFS
Yes,235572,Education,NA,3600172,2930851,Graduate,Nursing,Management,Yes,Rural,ELS
Yes,216649,Business,Small Manufacturing,132764,102757,NA,NA,NA,NA,Rural,MFS
Yes,192249,Business,Service Business,2429775,2166475,NA,NA,NA,NA,Rural,TERM_LOAN
Yes,427471,Business,Computer Centre,124364,60930,NA,NA,NA,NA,Urban,AMY
Yes,91497,Business,Food Business,384944,310572,NA,NA,NA,NA,Rural,UNY
Yes,253169,Education,NA,3356181,2634239,12th,Engineering,Management,Yes,Rural,ELS
Yes,395268,Business,Grocery Shop,87417,78506,NA,NA,NA,NA,Rural,MFS
Yes,333155,Business,Computer Centre,132165,26688,NA,NA,NA,NA,Rural,AMY
Yes,57288,Education,NA,4246606,1863699,12th,BTech,Technical,Yes,Urban,ELS
Yes,302398,Business,Computer Centre,5000000,5000000,NA,NA,NA,NA,Rural,NO_ELIGIBLE_SCHEME
Yes,343856,Business,Repair Shop,92888,55718,NA,NA,NA,NA,Urban,MFS
Yes,325274,Business,Tailoring,103778,79541,NA,NA,NA,NA,Urban,AMY
Yes,183243,Business,Transport,117612,85964,NA,NA,NA,NA,Urban,AMY
Yes,674557,Business,Poultry,405198,378178,NA,NA,NA,NA,Urban,NO_ELIGIBLE_SCHEME
Yes,111482,Business,Fisheries,404331,107690,NA,NA,NA,NA,Urban,UNY
Yes,97485,Business,Service Business,3909505,1906158,NA,NA,NA,NA,Rural,TERM_LOAN
Yes,443590,Business,Grocery Shop,181906,141337,NA,NA,NA,NA,Urban,UNY
Yes,123358,Business,Food Business,7496356,5356314,NA,NA,NA,NA,Rural,NO_ELIGIBLE_SCHEME
Yes,180267,Education,NA,3726201,1745256,Postgraduate,Nursing,Medical,Yes,Urban,ELS
Yes,271414,Business,Poultry,137100,25806,NA,NA,NA,NA,Urban,MFS
Yes,229962,Business,Small Manufacturing,349957,61531,NA,NA,NA,NA,Urban,UNY
Yes,387196,Business,Tailoring,6658048,5418830,NA,NA,NA,NA,Rural,NO_ELIGIBLE_SCHEME
Yes,267330,Business,Small Manufacturing,139829,67534,NA,NA,NA,NA,Rural,AMY
Yes,351860,Education,NA,402382,402382,Postgraduate,Engineering,Medical,Yes,Urban,ELS
Yes,76049,Education,NA,3766000,1799608,Graduate,Law,Medical,Yes,Urban,ELS
Yes,321427,Business,Repair Shop,5000000,5000000,NA,NA,NA,NA,Rural,NO_ELIGIBLE_SCHEME
Yes,408010,Business,Food Business,5000000,5000000,NA,NA,NA,NA,Rural,NO_ELIGIBLE_SCHEME
Yes,287161,Business,Food Business,280514,73493,NA,NA,NA,NA,Urban,UNY
Yes,320674,Business,Transport,388820,333705,NA,NA,NA,NA,Urban,UNY
Yes,126770,Business,Tailoring,119573,42841,NA,NA,NA,NA,Urban,MFS
Yes,623072,Business,Service Business,366738,312052,NA,NA,NA,NA,Urban,NO_ELIGIBLE_SCHEME
Yes,296216,Business,Grocery Shop,5000000,5000000,NA,NA,NA,NA,Rural,NO_ELIGIBLE_SCHEME
Yes,468299,Business,Small Manufacturing,1881974,869103,NA,NA,NA,NA,Rural,TERM_LOAN
Yes,412460,Business,Small Manufacturing,4414070,1445743,NA,NA,NA,NA,Urban,TERM_LOAN
Yes,120900,Business,Grocery Shop,1113130,476305,NA,NA,NA,NA,Urban,TERM_LOAN
Yes,166649,Business,Small Manufacturing,212233,196079,NA,NA,NA,NA,Urban,UNY
Yes,484242,Business,Tailoring,137118,60014,NA,NA,NA,NA,Rural,MFS
Yes,369138,Education,NA,2206344,2206344,Graduate,MBA,Management,Yes,Rural,ELS
Yes,439749,Education,NA,2992057,3975890,Postgraduate,Nursing,Management,No,Urban,NO_ELIGIBLE_SCHEME
Yes,188777,Business,Poultry,1379809,927849,NA,NA,NA,NA,Urban,TERM_LOAN
Yes,75595,Business,Service Business,3581090,2370696,NA,NA,NA,NA,Urban,TERM_LOAN
Yes,62536,Education,NA,2314358,2314358,12th,MBA,Management,Yes,Urban,ELS
Yes,200081,Education,NA,237708,237708,12th,MBA,Technical,Yes,Urban,ELS
Yes,154187,Education,NA,431671,431671,Postgraduate,Medical,Medical,Yes,Rural,ELS
Yes,459232,Education,NA,555927,555927,Graduate,MCA,Medical,Yes,Rural,ELS
Yes,250404,Business,Food Business,466762,245182,NA,NA,NA,NA,Urban,TERM_LOAN
Yes,183222,Business,Repair Shop,230309,98099,NA,NA,NA,NA,Urban,UNY
Yes,393112,Business,Grocery Shop,119091,53992,NA,NA,NA,NA,Rural,MFS
Yes,165945,Business,Fisheries,135960,104084,NA,NA,NA,NA,Urban,MFS
Yes,177342,Business,Food Business,165783,73689,NA,NA,NA,NA,Urban,UNY
Yes,214203,Business,Transport,2239266,1678640,NA,NA,NA,NA,Urban,TERM_LOAN
Yes,457040,Business,Fisheries,176075,156795,NA,NA,NA,NA,Rural,TERM_LOAN
Yes,94639,Business,Poultry,1870813,174061,NA,NA,NA,NA,Rural,TERM_LOAN
Yes,153403,Education,NA,3021457,3021457,Graduate,MCA,Professional,Yes,Urban,ELS
Yes,288219,Business,Poultry,100943,89958,NA,NA,NA,NA,Rural,AMY
Yes,482440,Business,Fisheries,2306006,459648,NA,NA,NA,NA,Urban,TERM_LOAN
Yes,352311,Business,Fisheries,3566986,3017090,NA,NA,NA,NA,Urban,TERM_LOAN
Yes,220067,Business,Small Manufacturing,4776170,452604,NA,NA,NA,NA,Rural,TERM_LOAN
Yes,444220,Business,Transport,7331924,6781740,NA,NA,NA,NA,Rural,NO_ELIGIBLE_SCHEME
Yes,172121,Education,NA,1888152,1888152,12th,BTech,Medical,Yes,Rural,ELS
Yes,355467,Business,Small Manufacturing,1350856,1027717,NA,NA,NA,NA,Rural,TERM_LOAN
No,311103,Business,Fisheries,166897,148937,NA,NA,NA,NA,Urban,NO_ELIGIBLE_SCHEME
No,252919,Business,Transport,58084,245786,NA,NA,NA,NA,Urban,NO_ELIGIBLE_SCHEME
Yes,394392,Business,Fisheries,55312,44484,NA,NA,NA,NA,Rural,MFS
Yes,396645,Business,Small Manufacturing,62011,58429,NA,NA,NA,NA,Rural,AMY
Yes,339913,Business,Fisheries,69968,58621,NA,NA,NA,NA,Rural,AMY
Yes,339704,Education,NA,140765,140765,Graduate,BCA,Professional,Yes,Urban,ELS
Yes,50340,Business,Grocery Shop,183599,71432,NA,NA,NA,NA,Rural,UNY
Yes,186896,Education,NA,2217136,1415308,Graduate,Engineering,Medical,Yes,Urban,ELS
Yes,150462,Business,Grocery Shop,44031,41809,NA,NA,NA,NA,Rural,MFS
Yes,461388,Education,NA,3084049,1932833,12th,Pharmacy,Management,Yes,Urban,ELS
Yes,426348,Business,Transport,1666696,1413053,NA,NA,NA,NA,Rural,TERM_LOAN
Yes,471666,Business,Repair Shop,202889,31540,NA,NA,NA,NA,Urban,UNY
Yes,64177,Business,Repair Shop,251156,246863,NA,NA,NA,NA,Rural,UNY
Yes,104119,Business,Small Manufacturing,115003,52476,NA,NA,NA,NA,Urban,MFS
Yes,148459,Business,Poultry,1093992,959206,NA,NA,NA,NA,Urban,TERM_LOAN
Yes,189129,Business,Tailoring,32068,15709,NA,NA,NA,NA,Rural,MFS
Yes,494682,Education,NA,2893141,204735,Graduate,Engineering,Medical,Yes,Urban,ELS
Yes,487160,Education,NA,1887398,1040058,Postgraduate,MCA,Medical,Yes,Urban,ELS
Yes,425803,Business,Computer Centre,89905,34979,NA,NA,NA,NA,Rural,MFS
Yes,140248,Business,Service Business,88859,65690,NA,NA,NA,NA,Urban,AMY
Yes,246877,Business,Grocery Shop,72495,26903,NA,NA,NA,NA,Rural,MFS
Yes,404603,Education,NA,3138763,121170,Postgraduate,Pharmacy,Technical,No,Urban,NO_ELIGIBLE_SCHEME
Yes,96973,Business,Grocery Shop,119749,85499,NA,NA,NA,NA,Urban,MFS
Yes,309943,Business,Service Business,124489,91924,NA,NA,NA,NA,Rural,MFS
Yes,192297,Education,NA,2144527,2440425,Graduate,BTech,Technical,No,Rural,NO_ELIGIBLE_SCHEME
Yes,468875,Business,Tailoring,126921,96798,NA,NA,NA,NA,Rural,MFS
Yes,233667,Business,Small Manufacturing,57076,45555,NA,NA,NA,NA,Urban,MFS
Yes,167205,Business,Repair Shop,135964,40587,NA,NA,NA,NA,Rural,AMY
Yes,195887,Education,NA,1765195,1765195,Graduate,Pharmacy,Management,Yes,Rural,ELS
Yes,101212,Education,NA,1453389,296014,Postgraduate,Nursing,Management,Yes,Rural,ELS
Yes,405477,Business,Transport,38540,23026,NA,NA,NA,NA,Rural,AMY
Yes,389886,Business,Transport,3311507,2185924,NA,NA,NA,NA,Rural,TERM_LOAN
Yes,698188,Business,Fisheries,407177,118275,NA,NA,NA,NA,Urban,NO_ELIGIBLE_SCHEME
Yes,331178,Business,Service Business,940432,337173,NA,NA,NA,NA,Urban,TERM_LOAN
Yes,249447,Business,Tailoring,88189,37339,NA,NA,NA,NA,Urban,AMY
Yes,203660,Business,Computer Centre,126973,96632,NA,NA,NA,NA,Urban,AMY
Yes,362025,Education,NA,679328,614767,Graduate,Law,Technical,Yes,Rural,ELS
Yes,198876,Business,Tailoring,1137997,780545,NA,NA,NA,NA,Rural,TERM_LOAN
Yes,302330,Business,Small Manufacturing,3480705,282373,NA,NA,NA,NA,Urban,TERM_LOAN
Yes,434183,Business,Computer Centre,90401,32050,NA,NA,NA,NA,Rural,MFS
Yes,209406,Business,Repair Shop,1948852,582109,NA,NA,NA,NA,Rural,TERM_LOAN
Yes,319972,Business,Poultry,2074532,414228,NA,NA,NA,NA,Urban,TERM_LOAN
Yes,428795,Business,Food Business,6414163,5132239,NA,NA,NA,NA,Urban,NO_ELIGIBLE_SCHEME
Yes,107666,Business,Food Business,2504181,1926442,NA,NA,NA,NA,Urban,TERM_LOAN
Yes,141016,Education,NA,4048821,3417259,Graduate,Pharmacy,Technical,Yes,Rural,ELS
No,438635,Business,Transport,371208,38241,NA,NA,NA,NA,Urban,NO_ELIGIBLE_SCHEME
Yes,437043,Business,Grocery Shop,471369,199975,NA,NA,NA,NA,Rural,UNY
Yes,75972,Business,Service Business,345743,46841,NA,NA,NA,NA,Urban,UNY
Yes,244264,Business,Fisheries,34288,32619,NA,NA,NA,NA,Urban,MFS
Yes,279876,Business,Repair Shop,122847,37479,NA,NA,NA,NA,Rural,MFS
Yes,416771,Business,Repair Shop,133202,69031,NA,NA,NA,NA,Urban,AMY
Yes,434258,Business,Tailoring,94739,55118,NA,NA,NA,NA,Urban,AMY
Yes,362803,Business,Repair Shop,1308275,1023068,NA,NA,NA,NA,Rural,TERM_LOAN
Yes,411255,Business,Food Business,6115440,5132097,NA,NA,NA,NA,Rural,NO_ELIGIBLE_SCHEME
Yes,329938,Business,Tailoring,2039135,616672,NA,NA,NA,NA,Urban,TERM_LOAN
Yes,471634,Business,Food Business,6003357,5338474,NA,NA,NA,NA,Rural,NO_ELIGIBLE_SCHEME
Yes,121114,Business,Poultry,203042,168653,NA,NA,NA,NA,Rural,UNY
Yes,93778,Business,Food Business,216864,54348,NA,NA,NA,NA,Rural,UNY
Yes,368845,Business,Computer Centre,5000000,5000000,NA,NA,NA,NA,Rural,NO_ELIGIBLE_SCHEME
Yes,236948,Business,Computer Centre,58020,16939,NA,NA,NA,NA,Rural,AMY
Yes,277548,Education,NA,3465779,1333074,12th,Pharmacy,Medical,Yes,Urban,ELS
Yes,219099,Business,Tailoring,51218,36002,NA,NA,NA,NA,Urban,AMY
Yes,181386,Business,Transport,30975,15379,NA,NA,NA,NA,Rural,AMY
Yes,92036,Education,NA,1273797,1273797,Graduate,MCA,Technical,Yes,Rural,ELS
Yes,552237,Business,Food Business,184445,352371,NA,NA,NA,NA,Rural,NO_ELIGIBLE_SCHEME
Yes,145999,Business,Food Business,122639,70003,NA,NA,NA,NA,Urban,AMY
Yes,334563,Business,Repair Shop,173770,43876,NA,NA,NA,NA,Rural,UNY
Yes,172049,Business,Grocery Shop,40458,38027,NA,NA,NA,NA,Urban,MFS
No,181073,Business,Fisheries,93103,269382,NA,NA,NA,NA,Urban,NO_ELIGIBLE_SCHEME
Yes,370890,Business,Grocery Shop,124004,75521,NA,NA,NA,NA,Urban,MFS
Yes,366849,Business,Small Manufacturing,112081,93139,NA,NA,NA,NA,Rural,AMY
Yes,331361,Business,Poultry,462460,179426,NA,NA,NA,NA,Rural,UNY
Yes,485707,Business,Transport,97286,29313,NA,NA,NA,NA,Rural,MFS
Yes,434750,Business,Poultry,5000000,5000000,NA,NA,NA,NA,Rural,NO_ELIGIBLE_SCHEME
Yes,64105,Business,Computer Centre,1095533,860419,NA,NA,NA,NA,Rural,TERM_LOAN
Yes,128565,Business,Poultry,105065,80341,NA,NA,NA,NA,Urban,MFS
Yes,311998,Education,NA,735373,735373,Graduate,Medical,Management,Yes,Rural,ELS
Yes,267621,Business,Fisheries,1662321,1453809,NA,NA,NA,NA,Urban,TERM_LOAN
Yes,220649,Business,Computer Centre,94117,25325,NA,NA,NA,NA,Urban,AMY
Yes,445593,Business,Tailoring,686117,197830,NA,NA,NA,NA,Rural,TERM_LOAN
Yes,231886,Business,Repair Shop,122037,66866,NA,NA,NA,NA,Rural,AMY
Yes,342970,Business,Food Business,103912,17567,NA,NA,NA,NA,Urban,MFS
Yes,325384,Business,Repair Shop,62819,15194,NA,NA,NA,NA,Urban,AMY
Yes,366782,Business,Repair Shop,363044,38877,NA,NA,NA,NA,Rural,UNY
Yes,484150,Education,NA,1865983,1065129,Graduate,Nursing,Medical,Yes,Urban,ELS
Yes,105536,Business,Transport,91700,16613,NA,NA,NA,NA,Rural,MFS
Yes,358990,Education,NA,4025151,383720,Graduate,Law,Professional,Yes,Urban,ELS
Yes,143666,Education,NA,1564009,1564009,Postgraduate,Nursing,Medical,Yes,Rural,ELS
Yes,416160,Business,Food Business,482031,370099,NA,NA,NA,NA,Urban,UNY
Yes,388225,Education,NA,1421969,1421969,Graduate,BTech,Management,Yes,Urban,ELS
Yes,495965,Business,Repair Shop,1424704,1060468,NA,NA,NA,NA,Rural,TERM_LOAN
Yes,316362,Business,Grocery Shop,464181,185615,NA,NA,NA,NA,Urban,UNY
Yes,276969,Business,Small Manufacturing,96144,49309,NA,NA,NA,NA,Urban,MFS
No,404293,Business,Computer Centre,115729,219449,NA,NA,NA,NA,Urban,NO_ELIGIBLE_SCHEME
Yes,311334,Business,Food Business,41536,38068,NA,NA,NA,NA,Urban,MFS
Yes,451882,Business,Fisheries,2799945,2026291,NA,NA,NA,NA,Rural,TERM_LOAN
Yes,426572,Business,Grocery Shop,54323,16009,NA,NA,NA,NA,Rural,AMY
Yes,423914,Education,NA,1166825,142550,12th,MBA,Technical,Yes,Urban,ELS
Yes,64501,Education,NA,2176800,2176800,12th,MCA,Technical,Yes,Urban,ELS
Yes,172179,Business,Repair Shop,67200,23493,NA,NA,NA,NA,Rural,AMY
Yes,267350,Business,Small Manufacturing,6475639,6279657,NA,NA,NA,NA,Urban,NO_ELIGIBLE_SCHEME
Yes,443465,Business,Food Business,89087,41963,NA,NA,NA,NA,Urban,MFS
Yes,469804,Business,Tailoring,3203214,1446792,NA,NA,NA,NA,Urban,TERM_LOAN
Yes,415578,Education,NA,923383,923383,Postgraduate,Nursing,Medical,Yes,Rural,ELS
Yes,355523,Business,Poultry,73694,15341,NA,NA,NA,NA,Urban,MFS
Yes,494816,Business,Repair Shop,349005,74935,NA,NA,NA,NA,Rural,TERM_LOAN
Yes,217550,Business,Tailoring,2081251,1601253,NA,NA,NA,NA,Urban,TERM_LOAN
Yes,499623,Education,NA,3082906,3082906,12th,Medical,Professional,Yes,Urban,ELS
Yes,224750,Business,Tailoring,6361050,5153393,NA,NA,NA,NA,Rural,NO_ELIGIBLE_SCHEME
Yes,422951,Business,Poultry,113069,46403,NA,NA,NA,NA,Urban,AMY
Yes,179589,Education,NA,835849,835849,12th,MCA,Professional,Yes,Rural,ELS
Yes,301444,Business,Poultry,406612,330075,NA,NA,NA,NA,Urban,UNY
Yes,317819,Business,Transport,78929,28528,NA,NA,NA,NA,Urban,MFS
Yes,210283,Business,Fisheries,1744484,1382438,NA,NA,NA,NA,Urban,TERM_LOAN
Yes,321409,Business,Transport,55145,31954,NA,NA,NA,NA,Urban,AMY
Yes,276563,Business,Service Business,1520997,1354892,NA,NA,NA,NA,Urban,TERM_LOAN
Yes,145108,Business,Poultry,76009,10800,NA,NA,NA,NA,Urban,MFS
Yes,380807,Business,Service Business,474183,134054,NA,NA,NA,NA,Urban,UNY
Yes,191785,Business,Tailoring,66406,18714,NA,NA,NA,NA,Rural,AMY
Yes,149297,Business,Food Business,104743,78387,NA,NA,NA,NA,Rural,MFS
Yes,272985,Business,Food Business,5000000,5000000,NA,NA,NA,NA,Urban,NO_ELIGIBLE_SCHEME
Yes,145333,Business,Food Business,106662,84961,NA,NA,NA,NA,Rural,AMY
Yes,305204,Education,NA,2864498,2864498,12th,Medical,Medical,Yes,Urban,ELS
Yes,127273,Business,Repair Shop,60441,23267,NA,NA,NA,NA,Rural,AMY
Yes,351599,Business,Small Manufacturing,128676,88005,NA,NA,NA,NA,Rural,MFS
Yes,454663,Business,Poultry,89616,70786,NA,NA,NA,NA,Urban,MFS
Yes,266435,Business,Transport,2965403,341293,NA,NA,NA,NA,Urban,TERM_LOAN
Yes,365515,Business,Grocery Shop,436444,391624,NA,NA,NA,NA,Urban,UNY
Yes,365714,Business,Fisheries,2772815,2235793,NA,NA,NA,NA,Rural,TERM_LOAN
Yes,451581,Business,Small Manufacturing,336184,222930,NA,NA,NA,NA,Urban,UNY
Yes,490879,Business,Computer Centre,4157328,407241,NA,NA,NA,NA,Urban,TERM_LOAN
Yes,222818,Business,Repair Shop,128796,44995,NA,NA,NA,NA,Rural,MFS
Yes,296696,Business,Tailoring,90786,25437,NA,NA,NA,NA,Rural,MFS
Yes,152156,Education,NA,714013,714013,12th,BCA,Professional,Yes,Urban,ELS
Yes,311740,Business,Transport,57869,52954,NA,NA,NA,NA,Urban,MFS
Yes,380842,Business,Poultry,93908,53598,NA,NA,NA,NA,Urban,MFS
Yes,148347,Business,Small Manufacturing,84165,17104,NA,NA,NA,NA,Urban,MFS
Yes,75510,Business,Tailoring,106460,56254,NA,NA,NA,NA,Urban,MFS
Yes,104735,Business,Grocery Shop,65378,17104,NA,NA,NA,NA,Urban,AMY
Yes,283559,Education,NA,3960806,1563214,Postgraduate,Pharmacy,Technical,Yes,Rural,ELS
Yes,93723,Education,NA,1069151,254518,Graduate,MBA,Technical,Yes,Urban,ELS
Yes,372987,Business,Transport,67023,54932,NA,NA,NA,NA,Urban,AMY
Yes,302432,Education,NA,3969356,2309377,12th,MCA,Management,Yes,Urban,ELS
Yes,428138,Business,Computer Centre,44394,27542,NA,NA,NA,NA,Urban,AMY
Yes,459603,Business,Small Manufacturing,266480,242887,NA,NA,NA,NA,Urban,UNY
Yes,489109,Education,NA,737136,737136,12th,BCA,Management,Yes,Rural,ELS
Yes,273976,Business,Small Manufacturing,112050,98965,NA,NA,NA,NA,Urban,MFS
Yes,380892,Education,NA,3685580,1488414,12th,Law,Management,Yes,Urban,ELS
Yes,279703,Business,Repair Shop,100503,58424,NA,NA,NA,NA,Rural,AMY
Yes,303181,Business,Tailoring,4071849,3858166,NA,NA,NA,NA,Rural,TERM_LOAN
Yes,168974,Business,Fisheries,82101,39829,NA,NA,NA,NA,Urban,AMY
Yes,349890,Business,Repair Shop,51707,11625,NA,NA,NA,NA,Rural,MFS
Yes,412654,Business,Transport,100040,76402,NA,NA,NA,NA,Rural,MFS
Yes,113959,Business,Fisheries,2589290,655571,NA,NA,NA,NA,Urban,TERM_LOAN
Yes,194955,Education,NA,2982349,363816,12th,Nursing,Technical,Yes,Urban,ELS
Yes,133922,Education,NA,3722915,689239,Postgraduate,BCA,Management,No,Urban,NO_ELIGIBLE_SCHEME
Yes,600155,Business,Poultry,341235,206169,NA,NA,NA,NA,Urban,NO_ELIGIBLE_SCHEME
Yes,440653,Education,NA,1489357,1489357,12th,Pharmacy,Management,Yes,Rural,ELS
Yes,62210,Education,NA,3007072,2851299,12th,MBA,Professional,No,Urban,NO_ELIGIBLE_SCHEME
Yes,141240,Business,Service Business,118777,108059,NA,NA,NA,NA,Urban,MFS
Yes,286715,Business,Food Business,128416,51331,NA,NA,NA,NA,Rural,AMY
Yes,377455,Business,Grocery Shop,135460,39607,NA,NA,NA,NA,Rural,MFS
Yes,435381,Business,Fisheries,135150,97806,NA,NA,NA,NA,Urban,MFS
Yes,472348,Business,Repair Shop,2250560,710625,NA,NA,NA,NA,Urban,TERM_LOAN
Yes,215327,Business,Fisheries,72920,67052,NA,NA,NA,NA,Rural,AMY
Yes,454356,Business,Small Manufacturing,113928,43526,NA,NA,NA,NA,Rural,MFS
Yes,114929,Business,Tailoring,945627,658447,NA,NA,NA,NA,Rural,TERM_LOAN
Yes,70442,Business,Fisheries,2830460,987246,NA,NA,NA,NA,Rural,TERM_LOAN
Yes,476059,Business,Food Business,35477,10032,NA,NA,NA,NA,Urban,MFS
Yes,276724,Business,Small Manufacturing,3572342,1040642,NA,NA,NA,NA,Urban,TERM_LOAN
Yes,436123,Business,Grocery Shop,59256,19144,NA,NA,NA,NA,Rural,MFS
Yes,473821,Education,NA,1824714,1824714,12th,Law,Medical,Yes,Urban,ELS
Yes,235852,Business,Fisheries,3623626,453414,NA,NA,NA,NA,Rural,TERM_LOAN
Yes,337882,Education,NA,2553175,2553175,12th,Engineering,Management,Yes,Urban,ELS
No,481723,Business,Poultry,190419,25168,NA,NA,NA,NA,Urban,NO_ELIGIBLE_SCHEME
Yes,169409,Business,Tailoring,132438,121389,NA,NA,NA,NA,Rural,AMY
Yes,407655,Education,NA,2144446,2007443,Postgraduate,Medical,Medical,Yes,Rural,ELS
No,461351,Business,Repair Shop,75217,301988,NA,NA,NA,NA,Rural,NO_ELIGIBLE_SCHEME
Yes,388312,Business,Repair Shop,97397,47192,NA,NA,NA,NA,Urban,AMY
No,389374,Business,Service Business,78395,216909,NA,NA,NA,NA,Rural,NO_ELIGIBLE_SCHEME
Yes,282294,Education,NA,1223176,657851,Graduate,MCA,Management,Yes,Urban,ELS
Yes,129506,Business,Transport,134788,118255,NA,NA,NA,NA,Urban,AMY
Yes,389586,Business,Poultry,90482,25396,NA,NA,NA,NA,Urban,MFS
Yes,257093,Business,Food Business,137699,104952,NA,NA,NA,NA,Rural,MFS
Yes,459780,Business,Service Business,46663,31091,NA,NA,NA,NA,Rural,AMY
Yes,214987,Education,NA,2272205,828842,12th,Engineering,Technical,No,Urban,NO_ELIGIBLE_SCHEME
Yes,234326,Business,Fisheries,88262,78002,NA,NA,NA,NA,Rural,AMY
Yes,288593,Education,NA,775945,775945,Postgraduate,Engineering,Medical,Yes,Urban,ELS
Yes,136981,Business,Poultry,451963,49357,NA,NA,NA,NA,Rural,UNY
Yes,193323,Business,Computer Centre,3934563,3221506,NA,NA,NA,NA,Urban,TERM_LOAN
Yes,295780,Education,NA,3532855,3532855,12th,BCA,Technical,Yes,Rural,ELS
Yes,390200,Education,NA,3111857,2912367,Graduate,BTech,Management,Yes,Urban,ELS
Yes,274504,Business,Tailoring,5000000,5000000,NA,NA,NA,NA,Urban,NO_ELIGIBLE_SCHEME
Yes,581047,Business,Tailoring,446235,119946,NA,NA,NA,NA,Rural,NO_ELIGIBLE_SCHEME
Yes,159231,Education,NA,1434085,1434085,Graduate,BTech,Professional,Yes,Urban,ELS
Yes,458094,Business,Computer Centre,424044,117226,NA,NA,NA,NA,Urban,UNY
Yes,415629,Business,Poultry,134017,115919,NA,NA,NA,NA,Rural,AMY
Yes,333271,Education,NA,3563400,3563400,Postgraduate,MCA,Management,Yes,Rural,ELS
Yes,476328,Business,Transport,32246,26456,NA,NA,NA,NA,Rural,MFS
No,264858,Business,Small Manufacturing,315036,293644,NA,NA,NA,NA,Urban,NO_ELIGIBLE_SCHEME
Yes,80559,Education,NA,3187924,1739846,Postgraduate,Medical,Management,No,Urban,NO_ELIGIBLE_SCHEME
Yes,164735,Business,Poultry,132029,65724,NA,NA,NA,NA,Urban,MFS
Yes,140402,Business,Transport,3728920,3172945,NA,NA,NA,NA,Urban,TERM_LOAN
Yes,84444,Business,Grocery Shop,5000000,5000000,NA,NA,NA,NA,Rural,NO_ELIGIBLE_SCHEME
Yes,78282,Business,Tailoring,6431262,5368900,NA,NA,NA,NA,Rural,NO_ELIGIBLE_SCHEME
Yes,271495,Education,NA,616667,1794026,Postgraduate,BTech,Professional,No,Urban,NO_ELIGIBLE_SCHEME
Yes,171568,Business,Food Business,5000000,5000000,NA,NA,NA,NA,Rural,NO_ELIGIBLE_SCHEME
Yes,268814,Education,NA,3851907,3081374,Postgraduate,Pharmacy,Technical,Yes,Urban,ELS
Yes,374012,Business,Transport,36525,23141,NA,NA,NA,NA,Urban,MFS
Yes,267584,Business,Computer Centre,123742,108939,NA,NA,NA,NA,Rural,MFS
Yes,99589,Business,Fisheries,101213,26544,NA,NA,NA,NA,Urban,AMY
Yes,110943,Business,Fisheries,98202,67912,NA,NA,NA,NA,Urban,MFS
Yes,408359,Business,Tailoring,904172,770216,NA,NA,NA,NA,Rural,TERM_LOAN
Yes,97480,Business,Poultry,41555,13809,NA,NA,NA,NA,Rural,AMY
Yes,164002,Business,Food Business,456024,349817,NA,NA,NA,NA,Rural,UNY
Yes,138897,Business,Grocery Shop,242997,193391,NA,NA,NA,NA,Urban,UNY
Yes,415537,Education,NA,4381786,3211112,12th,MCA,Professional,Yes,Urban,ELS
Yes,477790,Business,Fisheries,3541241,910313,NA,NA,NA,NA,Rural,TERM_LOAN
Yes,158449,Business,Food Business,96628,83706,NA,NA,NA,NA,Urban,MFS
Yes,62628,Business,Small Manufacturing,861559,667850,NA,NA,NA,NA,Urban,TERM_LOAN
Yes,177523,Business,Poultry,82602,76468,NA,NA,NA,NA,Rural,AMY
Yes,312732,Business,Small Manufacturing,47548,40454,NA,NA,NA,NA,Rural,MFS
Yes,444865,Education,NA,1809594,502645,Postgraduate,Law,Medical,Yes,Rural,ELS
Yes,178016,Education,NA,2418777,2418777,Graduate,Pharmacy,Professional,Yes,Urban,ELS
Yes,178857,Business,Service Business,39094,37637,NA,NA,NA,NA,Urban,AMY
Yes,149052,Business,Repair Shop,30428,12180,NA,NA,NA,NA,Urban,AMY
Yes,80187,Business,Food Business,206500,126975,NA,NA,NA,NA,Urban,UNY
Yes,594952,Business,Poultry,101781,117480,NA,NA,NA,NA,Urban,NO_ELIGIBLE_SCHEME
Yes,363427,Business,Transport,212788,173284,NA,NA,NA,NA,Urban,TERM_LOAN
Yes,263654,Business,Grocery Shop,286449,219899,NA,NA,NA,NA,Urban,UNY
Yes,318202,Business,Tailoring,109058,89308,NA,NA,NA,NA,Urban,MFS
Yes,335073,Business,Grocery Shop,92242,43050,NA,NA,NA,NA,Rural,AMY
Yes,156272,Education,NA,1725375,2090311,Graduate,Medical,Medical,No,Urban,NO_ELIGIBLE_SCHEME
Yes,242905,Business,Service Business,2523092,920264,NA,NA,NA,NA,Urban,TERM_LOAN
Yes,271008,Business,Transport,6164641,5088709,NA,NA,NA,NA,Rural,NO_ELIGIBLE_SCHEME
Yes,299169,Business,Repair Shop,7897567,5114951,NA,NA,NA,NA,Urban,NO_ELIGIBLE_SCHEME
Yes,179948,Business,Fisheries,50922,16562,NA,NA,NA,NA,Urban,MFS
Yes,246520,Education,NA,1351596,1351596,12th,MBA,Medical,Yes,Urban,ELS
Yes,65225,Business,Service Business,54756,51708,NA,NA,NA,NA,Rural,AMY
Yes,96247,Business,Small Manufacturing,7823354,6541902,NA,NA,NA,NA,Urban,NO_ELIGIBLE_SCHEME
Yes,321191,Business,Tailoring,94955,57378,NA,NA,NA,NA,Rural,MFS
Yes,208784,Business,Fisheries,129064,63230,NA,NA,NA,NA,Rural,AMY
Yes,76256,Business,Grocery Shop,64619,40426,NA,NA,NA,NA,Rural,MFS
Yes,128342,Business,Small Manufacturing,1430348,404124,NA,NA,NA,NA,Rural,TERM_LOAN
Yes,75614,Business,Small Manufacturing,415352,115527,NA,NA,NA,NA,Urban,UNY
Yes,187187,Business,Small Manufacturing,94258,76164,NA,NA,NA,NA,Urban,MFS
Yes,63452,Business,Food Business,333584,216786,NA,NA,NA,NA,Urban,UNY
Yes,400119,Business,Computer Centre,1317738,232177,NA,NA,NA,NA,Urban,TERM_LOAN
Yes,50243,Business,Transport,456108,110659,NA,NA,NA,NA,Rural,UNY
Yes,439238,Business,Small Manufacturing,43432,24700,NA,NA,NA,NA,Urban,MFS
Yes,372489,Business,Computer Centre,98482,52255,NA,NA,NA,NA,Rural,AMY
Yes,177136,Business,Poultry,69201,15316,NA,NA,NA,NA,Urban,AMY
Yes,224863,Business,Service Business,216868,207192,NA,NA,NA,NA,Rural,UNY
Yes,389936,Business,Poultry,79542,73602,NA,NA,NA,NA,Urban,AMY
Yes,274044,Business,Transport,114179,63841,NA,NA,NA,NA,Urban,AMY
Yes,348046,Business,Repair Shop,116619,104412,NA,NA,NA,NA,Urban,MFS
Yes,187647,Education,NA,726345,1429098,12th,Engineering,Technical,No,Urban,NO_ELIGIBLE_SCHEME
Yes,469878,Business,Small Manufacturing,133033,54359,NA,NA,NA,NA,Rural,MFS
Yes,272751,Business,Grocery Shop,62426,53412,NA,NA,NA,NA,Rural,AMY
Yes,410742,Education,NA,2878521,2878521,Postgraduate,MBA,Medical,Yes,Rural,ELS
Yes,62495,Business,Food Business,40798,26071,NA,NA,NA,NA,Rural,AMY
Yes,338255,Business,Poultry,116474,72296,NA,NA,NA,NA,Urban,MFS
Yes,405019,Business,Food Business,4170378,1453690,NA,NA,NA,NA,Urban,TERM_LOAN
Yes,463905,Education,NA,1496286,3083505,12th,MCA,Management,No,Urban,NO_ELIGIBLE_SCHEME
Yes,202548,Education,NA,843252,843252,12th,Engineering,Technical,Yes,Urban,ELS
Yes,244921,Business,Transport,81107,39933,NA,NA,NA,NA,Rural,AMY
Yes,460616,Education,NA,2488598,2488598,12th,Nursing,Technical,Yes,Rural,ELS
Yes,388811,Business,Food Business,448899,261430,NA,NA,NA,NA,Rural,TERM_LOAN
Yes,110275,Education,NA,476428,476428,Graduate,MBA,Professional,Yes,Rural,ELS
Yes,239801,Education,NA,2767030,2544042,Graduate,Law,Professional,Yes,Rural,ELS
Yes,418524,Business,Service Business,5000000,5000000,NA,NA,NA,NA,Urban,NO_ELIGIBLE_SCHEME
Yes,262389,Business,Transport,115550,94133,NA,NA,NA,NA,Rural,AMY
Yes,364198,Business,Grocery Shop,330460,186750,NA,NA,NA,NA,Urban,UNY
Yes,121730,Business,Small Manufacturing,308272,83283,NA,NA,NA,NA,Rural,UNY
Yes,159677,Education,NA,1947285,97915,Postgraduate,Medical,Professional,Yes,Urban,ELS
Yes,134463,Business,Food Business,224679,163678,NA,NA,NA,NA,Urban,UNY
Yes,359986,Education,NA,2430175,2430175,12th,BTech,Technical,Yes,Urban,ELS
Yes,89592,Business,Grocery Shop,79174,69243,NA,NA,NA,NA,Urban,MFS
Yes,335608,Business,Transport,300522,187102,NA,NA,NA,NA,Urban,UNY
Yes,62249,Business,Transport,2968293,2887591,NA,NA,NA,NA,Rural,TERM_LOAN
Yes,165519,Business,Repair Shop,69768,65867,NA,NA,NA,NA,Urban,AMY
Yes,382061,Business,Food Business,2342112,975368,NA,NA,NA,NA,Urban,TERM_LOAN
Yes,151584,Business,Service Business,365060,259778,NA,NA,NA,NA,Rural,UNY
Yes,51692,Education,NA,3757477,3566660,Postgraduate,BTech,Professional,Yes,Rural,ELS
Yes,473308,Business,Grocery Shop,86039,17486,NA,NA,NA,NA,Urban,AMY
Yes,206097,Education,NA,4340425,3712388,12th,Nursing,Medical,Yes,Rural,ELS
Yes,276943,Education,NA,3979229,943666,Graduate,MBA,Management,Yes,Urban,ELS
Yes,474499,Education,NA,4298095,2803281,12th,Nursing,Medical,Yes,Rural,ELS
Yes,385983,Business,Transport,123349,106969,NA,NA,NA,NA,Urban,MFS
Yes,56267,Business,Poultry,414913,92943,NA,NA,NA,NA,Urban,TERM_LOAN
Yes,433557,Business,Transport,36621,32073,NA,NA,NA,NA,Urban,MFS
Yes,524882,Business,Poultry,106180,111245,NA,NA,NA,NA,Rural,NO_ELIGIBLE_SCHEME
Yes,247337,Business,Computer Centre,1522367,1315843,NA,NA,NA,NA,Urban,TERM_LOAN
Yes,463476,Business,Service Business,131498,29340,NA,NA,NA,NA,Rural,MFS
Yes,310224,Business,Poultry,248062,136530,NA,NA,NA,NA,Urban,UNY
No,254976,Business,Grocery Shop,417321,296008,NA,NA,NA,NA,Urban,NO_ELIGIBLE_SCHEME
Yes,249084,Education,NA,2553870,1216283,Postgraduate,Nursing,Management,Yes,Urban,ELS
Yes,211158,Business,Computer Centre,136884,31383,NA,NA,NA,NA,Urban,AMY
Yes,58503,Business,Repair Shop,127157,29126,NA,NA,NA,NA,Urban,MFS
Yes,272363,Business,Small Manufacturing,89558,76770,NA,NA,NA,NA,Urban,MFS
Yes,316594,Education,NA,2012017,826870,12th,MBA,Technical,Yes,Rural,ELS
Yes,462492,Business,Repair Shop,220483,102499,NA,NA,NA,NA,Urban,UNY
Yes,298225,Business,Computer Centre,362064,168691,NA,NA,NA,NA,Rural,UNY
Yes,218263,Business,Transport,35226,32365,NA,NA,NA,NA,Rural,MFS
Yes,187267,Business,Food Business,224368,205577,NA,NA,NA,NA,Rural,UNY
Yes,649922,Business,Food Business,486367,70271,NA,NA,NA,NA,Rural,NO_ELIGIBLE_SCHEME
Yes,62184,Business,Service Business,72739,48466,NA,NA,NA,NA,Rural,AMY
Yes,291209,Business,Computer Centre,121520,77922,NA,NA,NA,NA,Rural,MFS
Yes,489989,Education,NA,1124960,1124960,Postgraduate,Pharmacy,Technical,Yes,Rural,ELS
Yes,453024,Business,Poultry,360522,161092,NA,NA,NA,NA,Urban,UNY
No,143742,Business,Food Business,278436,44359,NA,NA,NA,NA,Urban,NO_ELIGIBLE_SCHEME
Yes,213852,Business,Repair Shop,70966,37968,NA,NA,NA,NA,Urban,MFS
Yes,261428,Education,NA,3021044,2657687,Postgraduate,MCA,Medical,Yes,Urban,ELS
Yes,130623,Business,Small Manufacturing,6833184,6814595,NA,NA,NA,NA,Urban,NO_ELIGIBLE_SCHEME
Yes,52267,Education,NA,1216919,1035915,12th,Nursing,Management,Yes,Rural,ELS
Yes,332458,Business,Small Manufacturing,102002,75156,NA,NA,NA,NA,Urban,AMY
No,288540,Business,Computer Centre,58136,194665,NA,NA,NA,NA,Urban,NO_ELIGIBLE_SCHEME
Yes,148400,Business,Small Manufacturing,124133,110119,NA,NA,NA,NA,Rural,AMY
Yes,497636,Education,NA,1364257,3349631,Postgraduate,Nursing,Management,No,Urban,NO_ELIGIBLE_SCHEME
Yes,124614,Business,Tailoring,81951,42046,NA,NA,NA,NA,Rural,AMY
Yes,304274,Education,NA,1397980,2217664,12th,MBA,Management,No,Rural,NO_ELIGIBLE_SCHEME
Yes,276238,Business,Food Business,115240,55908,NA,NA,NA,NA,Urban,AMY
Yes,678631,Business,Service Business,359961,28942,NA,NA,NA,NA,Rural,NO_ELIGIBLE_SCHEME
Yes,429669,Business,Computer Centre,184561,34135,NA,NA,NA,NA,Urban,UNY
Yes,361192,Business,Service Business,49956,10510,NA,NA,NA,NA,Urban,AMY
Yes,128889,Education,NA,3431503,2552748,Graduate,BCA,Management,Yes,Rural,ELS
Yes,207672,Business,Poultry,61584,24768,NA,NA,NA,NA,Urban,MFS
Yes,558568,Business,Transport,88996,246167,NA,NA,NA,NA,Urban,NO_ELIGIBLE_SCHEME
Yes,233031,Business,Food Business,152331,126527,NA,NA,NA,NA,Urban,UNY
Yes,438646,Business,Food Business,57870,56025,NA,NA,NA,NA,Rural,AMY
Yes,214912,Business,Food Business,78971,13129,NA,NA,NA,NA,Rural,AMY
Yes,417329,Business,Computer Centre,450065,126530,NA,NA,NA,NA,Urban,UNY
Yes,260985,Education,NA,1577430,1577430,12th,Medical,Management,Yes,Urban,ELS
Yes,77859,Business,Tailoring,58780,17548,NA,NA,NA,NA,Urban,AMY
Yes,130872,Business,Poultry,108282,59377,NA,NA,NA,NA,Rural,MFS
Yes,394336,Business,Repair Shop,4845290,463774,NA,NA,NA,NA,Rural,TERM_LOAN
Yes,102458,Business,Fisheries,135948,74010,NA,NA,NA,NA,Urban,MFS
Yes,367640,Business,Fisheries,85576,33125,NA,NA,NA,NA,Urban,AMY
Yes,123559,Business,Poultry,128981,63788,NA,NA,NA,NA,Urban,AMY
Yes,79294,Business,Small Manufacturing,50252,25978,NA,NA,NA,NA,Urban,AMY
Yes,416700,Business,Poultry,409051,316424,NA,NA,NA,NA,Rural,TERM_LOAN
Yes,63969,Business,Transport,160306,79321,NA,NA,NA,NA,Rural,UNY
Yes,171476,Education,NA,4129259,1306830,12th,BCA,Professional,Yes,Urban,ELS
Yes,63675,Business,Computer Centre,60266,55047,NA,NA,NA,NA,Rural,MFS
No,319297,Business,Food Business,105404,223149,NA,NA,NA,NA,Rural,NO_ELIGIBLE_SCHEME
Yes,387127,Business,Service Business,45765,28377,NA,NA,NA,NA,Urban,AMY
Yes,208371,Business,Small Manufacturing,4335241,428810,NA,NA,NA,NA,Urban,TERM_LOAN
Yes,71575,Business,Computer Centre,61182,17662,NA,NA,NA,NA,Rural,MFS
No,160873,Business,Poultry,354255,177887,NA,NA,NA,NA,Rural,NO_ELIGIBLE_SCHEME
Yes,312483,Business,Small Manufacturing,120680,49612,NA,NA,NA,NA,Urban,AMY
Yes,217906,Business,Poultry,49482,19606,NA,NA,NA,NA,Urban,AMY
Yes,54030,Business,Fisheries,81807,17180,NA,NA,NA,NA,Urban,MFS
Yes,93466,Education,NA,2943417,270585,Graduate,BTech,Management,Yes,Rural,ELS
Yes,351336,Business,Service Business,308639,221640,NA,NA,NA,NA,Urban,UNY
Yes,411493,Business,Tailoring,167609,32600,NA,NA,NA,NA,Rural,UNY
Yes,454680,Business,Service Business,415756,360171,NA,NA,NA,NA,Urban,UNY
Yes,417448,Education,NA,601959,601959,Graduate,Law,Technical,Yes,Rural,ELS
Yes,250232,Business,Small Manufacturing,49234,16627,NA,NA,NA,NA,Rural,AMY
Yes,115187,Education,NA,1298639,1298639,12th,Engineering,Medical,Yes,Rural,ELS
Yes,173310,Education,NA,1913282,1913282,Graduate,Medical,Management,Yes,Urban,ELS
Yes,396219,Education,NA,3563955,407937,Postgraduate,Medical,Technical,Yes,Rural,ELS
Yes,251877,Business,Tailoring,192681,157444,NA,NA,NA,NA,Rural,UNY
Yes,92500,Business,Grocery Shop,51616,48393,NA,NA,NA,NA,Rural,AMY
Yes,237765,Business,Service Business,358927,97542,NA,NA,NA,NA,Rural,UNY
Yes,216955,Business,Transport,424957,382318,NA,NA,NA,NA,Rural,UNY
Yes,314298,Business,Transport,80778,52184,NA,NA,NA,NA,Urban,MFS
Yes,110894,Business,Grocery Shop,4395505,997624,NA,NA,NA,NA,Urban,TERM_LOAN
Yes,339422,Education,NA,4329933,2783178,12th,Pharmacy,Medical,Yes,Urban,ELS
Yes,282882,Business,Service Business,40332,25043,NA,NA,NA,NA,Urban,MFS
Yes,314021,Education,NA,3266135,1402769,12th,BCA,Management,Yes,Urban,ELS
Yes,363747,Education,NA,2660839,1230370,Graduate,MBA,Medical,Yes,Rural,ELS
Yes,453890,Education,NA,1530911,1530911,12th,BTech,Technical,Yes,Urban,ELS
Yes,359885,Business,Tailoring,5000000,5000000,NA,NA,NA,NA,Urban,NO_ELIGIBLE_SCHEME
Yes,443279,Business,Fisheries,199244,190418,NA,NA,NA,NA,Urban,UNY
Yes,625433,Business,Food Business,363816,268490,NA,NA,NA,NA,Rural,NO_ELIGIBLE_SCHEME
Yes,386900,Education,NA,563460,563460,Graduate,Pharmacy,Technical,Yes,Urban,ELS
Yes,135706,Business,Fisheries,4882467,4022470,NA,NA,NA,NA,Rural,TERM_LOAN
Yes,363340,Business,Small Manufacturing,48220,38962,NA,NA,NA,NA,Urban,MFS
Yes,390478,Business,Transport,32500,19584,NA,NA,NA,NA,Rural,MFS
Yes,303478,Business,Small Manufacturing,54931,32289,NA,NA,NA,NA,Urban,MFS
Yes,97723,Business,Grocery Shop,80070,43708,NA,NA,NA,NA,Rural,MFS
Yes,208962,Business,Service Business,329620,56690,NA,NA,NA,NA,Urban,UNY
Yes,206057,Business,Grocery Shop,6898830,5981501,NA,NA,NA,NA,Urban,NO_ELIGIBLE_SCHEME
Yes,440180,Business,Repair Shop,76567,39272,NA,NA,NA,NA,Urban,MFS
Yes,186334,Business,Service Business,4007949,2496006,NA,NA,NA,NA,Urban,TERM_LOAN
Yes,383479,Business,Food Business,389712,361694,NA,NA,NA,NA,Urban,UNY
Yes,411253,Business,Small Manufacturing,2439194,482930,NA,NA,NA,NA,Rural,TERM_LOAN
Yes,174841,Education,NA,1803581,1803581,12th,MCA,Medical,Yes,Urban,ELS
Yes,151137,Business,Transport,5000000,5000000,NA,NA,NA,NA,Rural,NO_ELIGIBLE_SCHEME
Yes,786934,Business,Food Business,69781,109682,NA,NA,NA,NA,Urban,NO_ELIGIBLE_SCHEME
Yes,167488,Education,NA,104090,104090,12th,BTech,Professional,Yes,Urban,ELS
Yes,144515,Business,Grocery Shop,44302,15624,NA,NA,NA,NA,Urban,AMY
Yes,63682,Business,Fisheries,1127104,877062,NA,NA,NA,NA,Urban,TERM_LOAN
No,393567,Business,Grocery Shop,289127,51957,NA,NA,NA,NA,Urban,NO_ELIGIBLE_SCHEME
Yes,495704,Education,NA,3204559,880331,12th,Engineering,Technical,Yes,Urban,ELS
Yes,209868,Business,Computer Centre,45432,34344,NA,NA,NA,NA,Urban,MFS
Yes,203450,Business,Fisheries,132263,82273,NA,NA,NA,NA,Urban,AMY
Yes,450149,Business,Grocery Shop,106865,93138,NA,NA,NA,NA,Urban,MFS
Yes,147424,Business,Transport,2563726,423131,NA,NA,NA,NA,Urban,TERM_LOAN
Yes,223238,Education,NA,676378,676378,Graduate,MCA,Technical,Yes,Urban,ELS
Yes,144670,Business,Transport,98945,84814,NA,NA,NA,NA,Rural,MFS
Yes,236782,Business,Grocery Shop,132956,20914,NA,NA,NA,NA,Urban,AMY
Yes,415578,Business,Computer Centre,2558271,154365,NA,NA,NA,NA,Urban,TERM_LOAN
Yes,222312,Business,Computer Centre,48139,21174,NA,NA,NA,NA,Urban,MFS
Yes,385637,Business,Grocery Shop,38645,20792,NA,NA,NA,NA,Urban,AMY
Yes,103088,Business,Computer Centre,50591,13509,NA,NA,NA,NA,Rural,MFS
Yes,429919,Business,Transport,3183393,1379636,NA,NA,NA,NA,Rural,TERM_LOAN
Yes,343405,Business,Small Manufacturing,31999,30412,NA,NA,NA,NA,Rural,MFS
Yes,109027,Business,Grocery Shop,52882,10940,NA,NA,NA,NA,Rural,AMY
Yes,248422,Education,NA,2006514,2006514,12th,Nursing,Technical,Yes,Rural,ELS
Yes,314395,Business,Small Manufacturing,352243,329556,NA,NA,NA,NA,Urban,UNY
Yes,126793,Business,Food Business,271703,223588,NA,NA,NA,NA,Rural,TERM_LOAN
Yes,495647,Business,Tailoring,297277,163227,NA,NA,NA,NA,Rural,UNY
Yes,352193,Business,Transport,2007399,1797586,NA,NA,NA,NA,Urban,TERM_LOAN
Yes,137580,Business,Grocery Shop,96493,23816,NA,NA,NA,NA,Rural,MFS
Yes,450280,Education,NA,2104707,178037,Postgraduate,Law,Professional,Yes,Rural,ELS
Yes,68343,Business,Service Business,705172,146039,NA,NA,NA,NA,Rural,TERM_LOAN
Yes,61768,Education,NA,3099763,190614,Graduate,BTech,Professional,Yes,Urban,ELS
Yes,358779,Business,Poultry,59260,53616,NA,NA,NA,NA,Urban,MFS
Yes,358733,Business,Transport,244428,34865,NA,NA,NA,NA,Urban,UNY
Yes,450012,Business,Food Business,6988232,5088663,NA,NA,NA,NA,Rural,NO_ELIGIBLE_SCHEME
Yes,195611,Business,Grocery Shop,5000000,5000000,NA,NA,NA,NA,Urban,NO_ELIGIBLE_SCHEME
Yes,266441,Education,NA,2210068,1964146,12th,MBA,Professional,No,Urban,NO_ELIGIBLE_SCHEME
Yes,528902,Business,Computer Centre,337300,199754,NA,NA,NA,NA,Rural,NO_ELIGIBLE_SCHEME
Yes,188772,Education,NA,2767253,854124,Graduate,Pharmacy,Technical,No,Rural,NO_ELIGIBLE_SCHEME
Yes,362041,Education,NA,3682501,737217,12th,BTech,Medical,Yes,Urban,ELS
Yes,359939,Business,Grocery Shop,3842497,3139681,NA,NA,NA,NA,Rural,TERM_LOAN
Yes,126879,Education,NA,2915840,2544081,12th,MBA,Technical,Yes,Urban,ELS
Yes,245387,Business,Transport,294913,124274,NA,NA,NA,NA,Rural,UNY
Yes,347094,Business,Computer Centre,86814,69641,NA,NA,NA,NA,Urban,AMY
No,339307,Business,Repair Shop,360879,207322,NA,NA,NA,NA,Urban,NO_ELIGIBLE_SCHEME
Yes,363516,Education,NA,1585566,1585566,Postgraduate,Medical,Medical,Yes,Urban,ELS
Yes,138754,Education,NA,2252429,2252429,Graduate,Medical,Medical,Yes,Urban,ELS
Yes,399978,Business,Transport,687876,496782,NA,NA,NA,NA,Rural,TERM_LOAN
Yes,96756,Business,Repair Shop,466757,58245,NA,NA,NA,NA,Rural,UNY
Yes,442128,Business,Grocery Shop,109415,89593,NA,NA,NA,NA,Rural,MFS
Yes,409491,Business,Poultry,849311,89987,NA,NA,NA,NA,Urban,TERM_LOAN
Yes,116300,Business,Small Manufacturing,112504,46709,NA,NA,NA,NA,Urban,AMY
Yes,372822,Business,Service Business,7477061,5359178,NA,NA,NA,NA,Rural,NO_ELIGIBLE_SCHEME
Yes,258166,Business,Grocery Shop,57600,20938,NA,NA,NA,NA,Rural,MFS
Yes,112174,Business,Grocery Shop,59850,16449,NA,NA,NA,NA,Urban,AMY
Yes,208812,Business,Tailoring,35490,11442,NA,NA,NA,NA,Rural,AMY
Yes,450455,Business,Computer Centre,350364,95431,NA,NA,NA,NA,Rural,UNY
Yes,128373,Business,Grocery Shop,118784,61592,NA,NA,NA,NA,Rural,AMY
Yes,107865,Education,NA,2875938,2875938,Postgraduate,Nursing,Management,Yes,Rural,ELS
Yes,204252,Education,NA,2646611,2277417,Graduate,BTech,Professional,No,Urban,NO_ELIGIBLE_SCHEME
Yes,266316,Business,Service Business,417269,165775,NA,NA,NA,NA,Rural,TERM_LOAN
Yes,315734,Business,Computer Centre,439415,255872,NA,NA,NA,NA,Urban,UNY
Yes,208865,Education,NA,489299,489299,Graduate,Nursing,Medical,Yes,Urban,ELS
Yes,173462,Business,Service Business,68036,27157,NA,NA,NA,NA,Urban,MFS
Yes,456741,Business,Poultry,78317,70940,NA,NA,NA,NA,Urban,AMY
Yes,335456,Business,Computer Centre,119873,58147,NA,NA,NA,NA,Rural,MFS
Yes,77090,Education,NA,4438539,1475583,12th,Engineering,Management,Yes,Urban,ELS
Yes,221799,Business,Fisheries,133492,29472,NA,NA,NA,NA,Rural,AMY
Yes,120813,Education,NA,1999475,442572,12th,BTech,Medical,Yes,Rural,ELS
Yes,231957,Business,Food Business,5000000,5000000,NA,NA,NA,NA,Rural,NO_ELIGIBLE_SCHEME
Yes,490989,Business,Repair Shop,36411,11028,NA,NA,NA,NA,Urban,AMY
Yes,356229,Education,NA,2107810,1407075,12th,MBA,Technical,Yes,Urban,ELS
Yes,180150,Business,Fisheries,439378,164551,NA,NA,NA,NA,Rural,UNY
Yes,418724,Business,Tailoring,108352,98083,NA,NA,NA,NA,Rural,MFS
Yes,388734,Business,Transport,133063,30898,NA,NA,NA,NA,Urban,AMY
Yes,447768,Education,NA,2580409,248276,Postgraduate,Medical,Management,Yes,Rural,ELS
Yes,276383,Education,NA,3580312,3580312,12th,BCA,Management,Yes,Rural,ELS
Yes,438118,Education,NA,3051815,2044752,12th,Pharmacy,Technical,Yes,Rural,ELS
Yes,773295,Business,Poultry,379581,342833,NA,NA,NA,NA,Urban,NO_ELIGIBLE_SCHEME
Yes,159044,Business,Transport,1476659,85170,NA,NA,NA,NA,Urban,TERM_LOAN
Yes,336933,Business,Repair Shop,79840,26199,NA,NA,NA,NA,Urban,MFS
Yes,346518,Business,Transport,6340873,5642074,NA,NA,NA,NA,Rural,NO_ELIGIBLE_SCHEME
Yes,277873,Business,Grocery Shop,1632734,1226481,NA,NA,NA,NA,Urban,TERM_LOAN
Yes,421865,Business,Repair Shop,3006347,1475162,NA,NA,NA,NA,Urban,TERM_LOAN
Yes,183259,Education,NA,3287387,3287387,Graduate,MCA,Technical,Yes,Rural,ELS
Yes,485713,Business,Small Manufacturing,1388221,1068360,NA,NA,NA,NA,Rural,TERM_LOAN
Yes,276203,Business,Transport,293938,125896,NA,NA,NA,NA,Urban,UNY
Yes,230728,Business,Grocery Shop,92566,30883,NA,NA,NA,NA,Urban,AMY
Yes,445037,Business,Transport,76105,49139,NA,NA,NA,NA,Urban,MFS
Yes,63186,Business,Tailoring,378995,98357,NA,NA,NA,NA,Rural,TERM_LOAN
Yes,104319,Business,Food Business,62401,23388,NA,NA,NA,NA,Rural,AMY
Yes,167060,Business,Tailoring,4050015,2213275,NA,NA,NA,NA,Rural,TERM_LOAN
Yes,241586,Business,Transport,38272,35623,NA,NA,NA,NA,Rural,AMY
Yes,160549,Education,NA,1627858,1627858,Graduate,Nursing,Management,Yes,Urban,ELS
Yes,442346,Business,Tailoring,3492664,3189502,NA,NA,NA,NA,Urban,TERM_LOAN
Yes,171996,Business,Tailoring,442580,315171,NA,NA,NA,NA,Urban,UNY
Yes,177266,Business,Service Business,125006,83339,NA,NA,NA,NA,Rural,MFS
Yes,332151,Business,Poultry,5000000,5000000,NA,NA,NA,NA,Urban,NO_ELIGIBLE_SCHEME
Yes,235507,Business,Transport,99637,93548,NA,NA,NA,NA,Urban,MFS
Yes,270798,Business,Small Manufacturing,393016,169894,NA,NA,NA,NA,Rural,UNY
Yes,137416,Business,Service Business,50434,48334,NA,NA,NA,NA,Urban,AMY
Yes,145497,Education,NA,4077905,424013,Postgraduate,MBA,Technical,Yes,Urban,ELS
Yes,414509,Business,Tailoring,132419,94521,NA,NA,NA,NA,Urban,AMY
Yes,93515,Business,Poultry,414397,79951,NA,NA,NA,NA,Rural,UNY
Yes,188179,Business,Transport,135306,115083,NA,NA,NA,NA,Urban,AMY
Yes,469545,Business,Repair Shop,2131296,1621421,NA,NA,NA,NA,Urban,TERM_LOAN
Yes,63298,Business,Service Business,34679,16327,NA,NA,NA,NA,Rural,MFS
Yes,250737,Education,NA,309343,196766,Postgraduate,Pharmacy,Medical,Yes,Rural,ELS
Yes,144064,Business,Grocery Shop,30832,10236,NA,NA,NA,NA,Urban,MFS
Yes,203082,Education,NA,3916433,3322723,Graduate,BCA,Medical,No,Rural,NO_ELIGIBLE_SCHEME
Yes,374330,Business,Grocery Shop,310622,99682,NA,NA,NA,NA,Urban,UNY
Yes,208287,Business,Tailoring,3146060,2203295,NA,NA,NA,NA,Rural,TERM_LOAN
Yes,68002,Education,NA,2027204,1768668,Postgraduate,Medical,Management,Yes,Urban,ELS
Yes,381677,Business,Computer Centre,196833,128937,NA,NA,NA,NA,Urban,UNY
Yes,72824,Business,Transport,81177,71621,NA,NA,NA,NA,Urban,MFS
No,288769,Business,Food Business,216870,117106,NA,NA,NA,NA,Urban,NO_ELIGIBLE_SCHEME
Yes,73137,Business,Grocery Shop,458281,107306,NA,NA,NA,NA,Urban,TERM_LOAN
Yes,216876,Business,Food Business,497222,427460,NA,NA,NA,NA,Rural,UNY
Yes,59964,Education,NA,2237598,2237598,12th,MBA,Management,Yes,Urban,ELS
Yes,373201,Business,Poultry,436247,248674,NA,NA,NA,NA,Urban,UNY
Yes,131630,Education,NA,3284732,3737498,Postgraduate,MBA,Professional,No,Urban,NO_ELIGIBLE_SCHEME
Yes,498000,Education,NA,3482546,2528373,Postgraduate,BCA,Professional,Yes,Rural,ELS
Yes,64148,Education,NA,2270118,1445722,12th,Pharmacy,Professional,Yes,Urban,ELS
Yes,329680,Business,Poultry,5000000,5000000,NA,NA,NA,NA,Rural,NO_ELIGIBLE_SCHEME
Yes,81830,Business,Repair Shop,46484,14228,NA,NA,NA,NA,Rural,AMY
Yes,412744,Business,Tailoring,7881395,5669374,NA,NA,NA,NA,Rural,NO_ELIGIBLE_SCHEME
Yes,174848,Business,Repair Shop,4480202,1979985,NA,NA,NA,NA,Rural,TERM_LOAN
Yes,312406,Business,Tailoring,324496,269067,NA,NA,NA,NA,Rural,UNY
Yes,257115,Education,NA,1734755,1809901,Graduate,Engineering,Management,No,Urban,NO_ELIGIBLE_SCHEME
Yes,278494,Business,Grocery Shop,146509,110057,NA,NA,NA,NA,Urban,TERM_LOAN
Yes,55697,Business,Transport,95967,31017,NA,NA,NA,NA,Urban,AMY
Yes,246834,Business,Computer Centre,293955,152026,NA,NA,NA,NA,Rural,UNY
Yes,482223,Business,Poultry,137510,23159,NA,NA,NA,NA,Urban,MFS
Yes,221824,Business,Repair Shop,6330936,6045946,NA,NA,NA,NA,Urban,NO_ELIGIBLE_SCHEME
Yes,87834,Education,NA,3828787,815988,12th,Nursing,Management,No,Urban,NO_ELIGIBLE_SCHEME
Yes,234519,Business,Small Manufacturing,107518,17362,NA,NA,NA,NA,Rural,MFS
Yes,280875,Education,NA,4032031,180367,Postgraduate,BCA,Management,Yes,Rural,ELS
Yes,174716,Business,Fisheries,109689,74679,NA,NA,NA,NA,Urban,MFS
Yes,173129,Education,NA,1700979,3576884,Graduate,Nursing,Technical,No,Rural,NO_ELIGIBLE_SCHEME
Yes,422999,Business,Small Manufacturing,3195942,3149141,NA,NA,NA,NA,Urban,TERM_LOAN
Yes,463184,Business,Tailoring,37863,26718,NA,NA,NA,NA,Rural,AMY
Yes,458482,Business,Poultry,59041,31827,NA,NA,NA,NA,Rural,MFS
Yes,244456,Education,NA,1728867,3424771,12th,Nursing,Medical,No,Rural,NO_ELIGIBLE_SCHEME
Yes,108548,Business,Poultry,100126,57823,NA,NA,NA,NA,Urban,AMY
Yes,196703,Business,Fisheries,218769,151652,NA,NA,NA,NA,Urban,TERM_LOAN
Yes,190009,Business,Transport,240685,228743,NA,NA,NA,NA,Rural,UNY
Yes,362871,Education,NA,863132,863132,Graduate,BCA,Technical,Yes,Rural,ELS
Yes,379728,Business,Poultry,54729,48744,NA,NA,NA,NA,Rural,AMY
Yes,390820,Business,Fisheries,2426861,1253154,NA,NA,NA,NA,Urban,TERM_LOAN
Yes,89405,Business,Food Business,1166290,572414,NA,NA,NA,NA,Rural,TERM_LOAN
Yes,487734,Business,Poultry,457232,409041,NA,NA,NA,NA,Urban,UNY
Yes,239235,Business,Food Business,107759,49763,NA,NA,NA,NA,Rural,AMY
Yes,424385,Education,NA,1617481,1617481,12th,BTech,Management,Yes,Urban,ELS
Yes,307835,Education,NA,3179130,2854590,Postgraduate,Engineering,Medical,Yes,Rural,ELS
Yes,308322,Business,Computer Centre,227866,61233,NA,NA,NA,NA,Urban,UNY
Yes,203121,Business,Tailoring,5000000,5000000,NA,NA,NA,NA,Rural,NO_ELIGIBLE_SCHEME
Yes,388761,Education,NA,3009641,1977372,Postgraduate,Engineering,Technical,No,Urban,NO_ELIGIBLE_SCHEME
Yes,356728,Business,Tailoring,938761,754039,NA,NA,NA,NA,Rural,TERM_LOAN
Yes,232562,Business,Repair Shop,32277,25712,NA,NA,NA,NA,Urban,MFS
Yes,83731,Education,NA,265351,265351,12th,MBA,Medical,Yes,Urban,ELS
Yes,205560,Business,Fisheries,50289,22445,NA,NA,NA,NA,Rural,MFS
Yes,267676,Business,Grocery Shop,103193,83156,NA,NA,NA,NA,Urban,MFS
Yes,238681,Business,Transport,153387,104098,NA,NA,NA,NA,Urban,UNY
Yes,287856,Business,Poultry,421877,417490,NA,NA,NA,NA,Urban,UNY
Yes,493593,Business,Small Manufacturing,129530,121861,NA,NA,NA,NA,Urban,AMY
Yes,413709,Business,Poultry,118853,111109,NA,NA,NA,NA,Urban,AMY
Yes,370097,Business,Tailoring,61359,21439,NA,NA,NA,NA,Rural,MFS
Yes,307648,Business,Repair Shop,2651293,1619763,NA,NA,NA,NA,Urban,TERM_LOAN
Yes,105332,Business,Transport,137784,74251,NA,NA,NA,NA,Urban,MFS
Yes,297257,Business,Tailoring,95774,90147,NA,NA,NA,NA,Rural,MFS
Yes,113813,Business,Computer Centre,4346906,983825,NA,NA,NA,NA,Rural,TERM_LOAN
Yes,459847,Business,Tailoring,1099053,932545,NA,NA,NA,NA,Rural,TERM_LOAN
Yes,170665,Business,Computer Centre,601078,303469,NA,NA,NA,NA,Rural,TERM_LOAN
Yes,153948,Business,Repair Shop,41662,25152,NA,NA,NA,NA,Rural,MFS
Yes,247676,Education,NA,3273918,1748111,12th,MBA,Management,Yes,Urban,ELS
Yes,475355,Business,Poultry,1181141,689381,NA,NA,NA,NA,Urban,TERM_LOAN
Yes,341490,Education,NA,2786217,2220671,12th,Medical,Medical,Yes,Urban,ELS
Yes,255420,Business,Service Business,6310440,5297290,NA,NA,NA,NA,Urban,NO_ELIGIBLE_SCHEME
Yes,50615,Business,Small Manufacturing,1134049,1038348,NA,NA,NA,NA,Urban,TERM_LOAN
Yes,267099,Business,Fisheries,4440242,3133939,NA,NA,NA,NA,Urban,TERM_LOAN
Yes,491173,Business,Computer Centre,298387,133967,NA,NA,NA,NA,Rural,UNY
Yes,336230,Business,Grocery Shop,82326,17424,NA,NA,NA,NA,Urban,AMY
Yes,253910,Business,Computer Centre,435927,99161,NA,NA,NA,NA,Urban,TERM_LOAN
Yes,206309,Business,Service Business,479933,93151,NA,NA,NA,NA,Urban,UNY
Yes,420266,Business,Food Business,41952,13740,NA,NA,NA,NA,Urban,MFS
Yes,201587,Business,Computer Centre,7999074,5568211,NA,NA,NA,NA,Urban,NO_ELIGIBLE_SCHEME
Yes,92296,Education,NA,3180328,2544257,Graduate,BCA,Medical,Yes,Rural,ELS
Yes,178131,Education,NA,348415,348415,Graduate,Law,Professional,Yes,Urban,ELS
Yes,608129,Business,Computer Centre,342124,122820,NA,NA,NA,NA,Urban,NO_ELIGIBLE_SCHEME
Yes,235423,Education,NA,1941078,2127312,12th,BTech,Professional,No,Rural,NO_ELIGIBLE_SCHEME
Yes,726871,Business,Small Manufacturing,456130,362087,NA,NA,NA,NA,Rural,NO_ELIGIBLE_SCHEME
Yes,89480,Business,Repair Shop,6672717,5021012,NA,NA,NA,NA,Rural,NO_ELIGIBLE_SCHEME
Yes,276702,Business,Grocery Shop,133896,109189,NA,NA,NA,NA,Urban,AMY
Yes,445848,Education,NA,3097591,1825294,Postgraduate,BCA,Professional,Yes,Urban,ELS
Yes,157421,Business,Repair Shop,263999,143420,NA,NA,NA,NA,Rural,UNY
Yes,322544,Business,Repair Shop,6571537,6403921,NA,NA,NA,NA,Urban,NO_ELIGIBLE_SCHEME
Yes,414617,Business,Service Business,381373,202795,NA,NA,NA,NA,Urban,UNY
Yes,410746,Business,Fisheries,112779,111241,NA,NA,NA,NA,Rural,AMY
Yes,150949,Business,Repair Shop,72058,23143,NA,NA,NA,NA,Urban,MFS
Yes,253830,Business,Poultry,386910,158487,NA,NA,NA,NA,Rural,UNY
Yes,428560,Business,Grocery Shop,62094,40291,NA,NA,NA,NA,Rural,AMY
Yes,771212,Business,Transport,108184,136935,NA,NA,NA,NA,Urban,NO_ELIGIBLE_SCHEME
Yes,413757,Business,Computer Centre,122852,78835,NA,NA,NA,NA,Rural,AMY
No,442873,Business,Grocery Shop,322510,117522,NA,NA,NA,NA,Rural,NO_ELIGIBLE_SCHEME
No,456964,Business,Repair Shop,104698,99352,NA,NA,NA,NA,Urban,NO_ELIGIBLE_SCHEME
Yes,192962,Business,Tailoring,118894,47344,NA,NA,NA,NA,Urban,AMY
Yes,361204,Business,Service Business,87541,69827,NA,NA,NA,NA,Urban,AMY
Yes,181256,Education,NA,2115908,1901519,Postgraduate,MCA,Medical,Yes,Rural,ELS
Yes,70452,Education,NA,908941,908941,Postgraduate,Nursing,Technical,Yes,Rural,ELS
Yes,103648,Business,Service Business,339059,207339,NA,NA,NA,NA,Urban,TERM_LOAN
Yes,164665,Education,NA,4215181,1565095,Graduate,BTech,Professional,Yes,Rural,ELS
Yes,349114,Business,Grocery Shop,250128,215829,NA,NA,NA,NA,Rural,UNY
Yes,207424,Business,Tailoring,71800,14402,NA,NA,NA,NA,Rural,MFS
No,185457,Business,Fisheries,110006,222769,NA,NA,NA,NA,Urban,NO_ELIGIBLE_SCHEME
Yes,331255,Business,Transport,44515,18463,NA,NA,NA,NA,Urban,AMY
Yes,340621,Business,Tailoring,90648,86064,NA,NA,NA,NA,Urban,MFS
Yes,217623,Education,NA,2220150,2220150,Postgraduate,MBA,Medical,Yes,Rural,ELS
Yes,307890,Business,Fisheries,84677,33510,NA,NA,NA,NA,Rural,MFS
Yes,157174,Business,Transport,2522832,2351098,NA,NA,NA,NA,Urban,TERM_LOAN
Yes,198229,Business,Service Business,355810,62210,NA,NA,NA,NA,Urban,UNY
Yes,123680,Business,Food Business,835396,392239,NA,NA,NA,NA,Urban,TERM_LOAN
Yes,76424,Business,Computer Centre,7458183,5978541,NA,NA,NA,NA,Urban,NO_ELIGIBLE_SCHEME
Yes,405595,Education,NA,3200101,1052335,12th,MCA,Professional,Yes,Rural,ELS
Yes,234899,Business,Transport,419595,121128,NA,NA,NA,NA,Rural,UNY
No,218446,Business,Fisheries,397734,53966,NA,NA,NA,NA,Rural,NO_ELIGIBLE_SCHEME
Yes,349044,Education,NA,1549408,298285,Postgraduate,BCA,Management,No,Urban,NO_ELIGIBLE_SCHEME
Yes,313780,Business,Poultry,6987253,6604816,NA,NA,NA,NA,Rural,NO_ELIGIBLE_SCHEME
Yes,340771,Business,Repair Shop,117538,117099,NA,NA,NA,NA,Rural,MFS
Yes,619237,Business,Food Business,302511,211711,NA,NA,NA,NA,Urban,NO_ELIGIBLE_SCHEME
Yes,426858,Business,Grocery Shop,5000000,5000000,NA,NA,NA,NA,Rural,NO_ELIGIBLE_SCHEME
Yes,288321,Education,NA,3806640,750440,Postgraduate,Law,Professional,Yes,Urban,ELS
Yes,119471,Business,Food Business,5000000,5000000,NA,NA,NA,NA,Rural,NO_ELIGIBLE_SCHEME
Yes,155018,Business,Computer Centre,35017,27892,NA,NA,NA,NA,Rural,AMY
Yes,391796,Business,Repair Shop,122809,82285,NA,NA,NA,NA,Urban,AMY
Yes,350363,Business,Poultry,84700,41504,NA,NA,NA,NA,Urban,MFS
Yes,337707,Business,Service Business,357223,351556,NA,NA,NA,NA,Rural,UNY
Yes,148758,Business,Food Business,1037370,763681,NA,NA,NA,NA,Rural,TERM_LOAN
Yes,410989,Business,Small Manufacturing,48102,30250,NA,NA,NA,NA,Rural,MFS
Yes,306752,Education,NA,3282264,55935,Graduate,BTech,Professional,Yes,Rural,ELS
Yes,181851,Education,NA,3962549,1987279,Graduate,Nursing,Professional,No,Rural,NO_ELIGIBLE_SCHEME
Yes,192915,Business,Computer Centre,36967,24461,NA,NA,NA,NA,Rural,AMY
Yes,75078,Business,Tailoring,33838,17340,NA,NA,NA,NA,Rural,AMY
Yes,238949,Business,Repair Shop,43115,33244,NA,NA,NA,NA,Rural,AMY
Yes,280848,Business,Service Business,54150,43208,NA,NA,NA,NA,Urban,AMY
Yes,178153,Business,Tailoring,205883,34775,NA,NA,NA,NA,Rural,UNY
Yes,378682,Business,Repair Shop,478244,28714,NA,NA,NA,NA,Rural,UNY
Yes,492220,Education,NA,1648339,454959,12th,Pharmacy,Medical,No,Urban,NO_ELIGIBLE_SCHEME
Yes,154850,Business,Grocery Shop,79105,41265,NA,NA,NA,NA,Rural,AMY
Yes,391008,Business,Service Business,34467,31138,NA,NA,NA,NA,Urban,AMY
Yes,455163,Business,Food Business,99766,51831,NA,NA,NA,NA,Rural,MFS
Yes,759376,Business,Grocery Shop,218803,359310,NA,NA,NA,NA,Urban,NO_ELIGIBLE_SCHEME
Yes,388835,Business,Service Business,6669395,6937337,NA,NA,NA,NA,Urban,NO_ELIGIBLE_SCHEME
Yes,72390,Business,Fisheries,2861661,94450,NA,NA,NA,NA,Rural,TERM_LOAN
Yes,131784,Business,Grocery Shop,119831,58997,NA,NA,NA,NA,Rural,MFS
Yes,433963,Business,Transport,47884,20322,NA,NA,NA,NA,Urban,MFS
Yes,287209,Business,Food Business,92818,22844,NA,NA,NA,NA,Rural,MFS
Yes,539247,Business,Food Business,460865,265918,NA,NA,NA,NA,Urban,NO_ELIGIBLE_SCHEME
Yes,450525,Business,Fisheries,274236,162368,NA,NA,NA,NA,Urban,UNY
Yes,272795,Business,Small Manufacturing,6419843,6178447,NA,NA,NA,NA,Rural,NO_ELIGIBLE_SCHEME
Yes,94376,Business,Grocery Shop,343365,141018,NA,NA,NA,NA,Rural,UNY
Yes,387590,Business,Food Business,59597,51973,NA,NA,NA,NA,Rural,AMY
Yes,216608,Business,Fisheries,3783192,3068553,NA,NA,NA,NA,Urban,TERM_LOAN
Yes,479206,Business,Repair Shop,2156554,350968,NA,NA,NA,NA,Urban,TERM_LOAN
Yes,327481,Business,Repair Shop,5000000,5000000,NA,NA,NA,NA,Urban,NO_ELIGIBLE_SCHEME
Yes,211089,Education,NA,1874014,1548315,Postgraduate,BTech,Medical,Yes,Urban,ELS
Yes,327736,Business,Service Business,256534,115000,NA,NA,NA,NA,Urban,UNY
Yes,267076,Business,Transport,130327,51771,NA,NA,NA,NA,Urban,MFS
Yes,421186,Education,NA,3407863,1698514,Graduate,Law,Management,Yes,Urban,ELS
Yes,122726,Business,Fisheries,37361,33073,NA,NA,NA,NA,Rural,AMY
Yes,171729,Business,Grocery Shop,88479,37969,NA,NA,NA,NA,Rural,AMY
Yes,418296,Business,Fisheries,310448,215679,NA,NA,NA,NA,Rural,UNY
Yes,165540,Business,Repair Shop,130441,46747,NA,NA,NA,NA,Urban,AMY
Yes,85837,Education,NA,3907784,3413314,Postgraduate,Medical,Medical,Yes,Urban,ELS
Yes,65300,Business,Service Business,318215,306814,NA,NA,NA,NA,Urban,UNY
Yes,275404,Business,Service Business,3655682,2578086,NA,NA,NA,NA,Rural,TERM_LOAN
Yes,249098,Business,Computer Centre,53758,50063,NA,NA,NA,NA,Rural,MFS
Yes,227183,Business,Service Business,101702,22203,NA,NA,NA,NA,Urban,MFS
Yes,498061,Business,Grocery Shop,277318,243472,NA,NA,NA,NA,Urban,UNY
Yes,142132,Business,Repair Shop,3176436,1257834,NA,NA,NA,NA,Rural,TERM_LOAN
Yes,394315,Education,NA,3947321,2394289,Graduate,Pharmacy,Professional,Yes,Rural,ELS
Yes,355873,Business,Transport,377873,323422,NA,NA,NA,NA,Rural,UNY
Yes,244931,Business,Tailoring,200906,175565,NA,NA,NA,NA,Rural,UNY
Yes,163748,Business,Tailoring,77826,25045,NA,NA,NA,NA,Urban,AMY
Yes,109665,Education,NA,354598,354598,Postgraduate,Engineering,Technical,Yes,Urban,ELS
Yes,191777,Business,Food Business,407315,254138,NA,NA,NA,NA,Rural,UNY
Yes,307589,Education,NA,1938753,1847135,12th,MCA,Professional,No,Rural,NO_ELIGIBLE_SCHEME
Yes,57088,Education,NA,2683326,896046,Postgraduate,Nursing,Technical,No,Urban,NO_ELIGIBLE_SCHEME
Yes,408273,Business,Grocery Shop,116008,32579,NA,NA,NA,NA,Urban,AMY
Yes,476306,Business,Small Manufacturing,46309,34678,NA,NA,NA,NA,Urban,AMY
Yes,434009,Business,Transport,2303510,214510,NA,NA,NA,NA,Rural,TERM_LOAN
Yes,257920,Business,Fisheries,3056576,2100638,NA,NA,NA,NA,Rural,TERM_LOAN
Yes,433956,Business,Tailoring,4734707,394371,NA,NA,NA,NA,Rural,TERM_LOAN
Yes,351077,Business,Tailoring,90986,45275,NA,NA,NA,NA,Urban,AMY
Yes,77772,Business,Computer Centre,30888,29975,NA,NA,NA,NA,Rural,AMY
Yes,257704,Business,Tailoring,2842132,997323,NA,NA,NA,NA,Urban,TERM_LOAN
Yes,478209,Education,NA,1199882,1199882,Graduate,Engineering,Technical,Yes,Rural,ELS
Yes,169084,Education,NA,353994,967209,12th,BCA,Management,No,Rural,NO_ELIGIBLE_SCHEME
Yes,342463,Business,Fisheries,238129,55559,NA,NA,NA,NA,Urban,UNY
Yes,258387,Business,Food Business,70416,61437,NA,NA,NA,NA,Urban,MFS
Yes,365387,Business,Transport,81729,48891,NA,NA,NA,NA,Urban,AMY
Yes,488894,Business,Computer Centre,6004139,6845776,NA,NA,NA,NA,Rural,NO_ELIGIBLE_SCHEME
Yes,482276,Business,Service Business,1719206,295402,NA,NA,NA,NA,Rural,TERM_LOAN
Yes,333423,Business,Tailoring,36630,31369,NA,NA,NA,NA,Rural,MFS
Yes,462159,Business,Grocery Shop,112706,53371,NA,NA,NA,NA,Rural,AMY
Yes,123509,Business,Computer Centre,4344897,2503579,NA,NA,NA,NA,Rural,TERM_LOAN
No,391531,Business,Tailoring,89444,222509,NA,NA,NA,NA,Rural,NO_ELIGIBLE_SCHEME
Yes,81488,Business,Repair Shop,80933,53601,NA,NA,NA,NA,Urban,MFS
Yes,135672,Business,Poultry,378142,110482,NA,NA,NA,NA,Urban,UNY
Yes,468641,Education,NA,3402662,3402662,Graduate,Nursing,Management,Yes,Urban,ELS
Yes,241728,Business,Poultry,74347,26136,NA,NA,NA,NA,Rural,AMY
Yes,386457,Business,Poultry,1754330,527783,NA,NA,NA,NA,Urban,TERM_LOAN
Yes,89987,Business,Computer Centre,230648,230025,NA,NA,NA,NA,Urban,UNY
Yes,246379,Education,NA,4276293,485662,Postgraduate,Medical,Medical,Yes,Rural,ELS
Yes,361957,Business,Food Business,280125,107591,NA,NA,NA,NA,Rural,UNY
Yes,773702,Business,Grocery Shop,153205,282197,NA,NA,NA,NA,Urban,NO_ELIGIBLE_SCHEME
Yes,79230,Education,NA,1469726,1601402,Graduate,BCA,Management,No,Urban,NO_ELIGIBLE_SCHEME
Yes,222349,Business,Grocery Shop,277727,267598,NA,NA,NA,NA,Urban,UNY
Yes,379874,Business,Transport,4453106,648483,NA,NA,NA,NA,Rural,TERM_LOAN
Yes,166493,Business,Transport,185532,180159,NA,NA,NA,NA,Rural,UNY
Yes,319200,Business,Tailoring,76627,61936,NA,NA,NA,NA,Urban,MFS
Yes,223146,Business,Service Business,48236,20072,NA,NA,NA,NA,Urban,AMY
Yes,384037,Business,Tailoring,6880897,6642265,NA,NA,NA,NA,Urban,NO_ELIGIBLE_SCHEME
Yes,134050,Business,Computer Centre,1013028,158433,NA,NA,NA,NA,Urban,TERM_LOAN
Yes,343506,Education,NA,1752348,1675373,Graduate,MBA,Management,Yes,Rural,ELS
Yes,206687,Education,NA,1745732,3612306,Postgraduate,Medical,Management,No,Urban,NO_ELIGIBLE_SCHEME
Yes,289556,Business,Repair Shop,381472,280148,NA,NA,NA,NA,Rural,UNY
Yes,665669,Business,Transport,267969,391606,NA,NA,NA,NA,Rural,NO_ELIGIBLE_SCHEME
Yes,117876,Business,Repair Shop,102276,72753,NA,NA,NA,NA,Rural,AMY
Yes,83538,Business,Transport,48702,39211,NA,NA,NA,NA,Rural,AMY
Yes,143165,Education,NA,569580,569580,Postgraduate,Nursing,Management,Yes,Urban,ELS
Yes,443965,Business,Food Business,51679,14906,NA,NA,NA,NA,Urban,MFS
Yes,329613,Education,NA,4151183,3423034,12th,Nursing,Technical,Yes,Urban,ELS
Yes,235960,Business,Service Business,121316,67250,NA,NA,NA,NA,Urban,AMY
No,255750,Business,Tailoring,244931,26737,NA,NA,NA,NA,Rural,NO_ELIGIBLE_SCHEME
Yes,281443,Education,NA,785264,122216,Postgraduate,BCA,Technical,Yes,Rural,ELS
Yes,154157,Business,Grocery Shop,134795,46935,NA,NA,NA,NA,Urban,MFS
Yes,180831,Education,NA,1199914,1199914,12th,Nursing,Medical,Yes,Urban,ELS
Yes,265199,Business,Tailoring,366147,285835,NA,NA,NA,NA,Urban,UNY
Yes,288659,Business,Repair Shop,1546431,597671,NA,NA,NA,NA,Urban,TERM_LOAN
Yes,99119,Education,NA,1737009,1737009,Postgraduate,Engineering,Management,Yes,Rural,ELS
Yes,78203,Business,Poultry,268387,131708,NA,NA,NA,NA,Rural,UNY
Yes,303868,Education,NA,200869,200869,12th,Engineering,Technical,Yes,Rural,ELS
Yes,365072,Business,Transport,48941,15069,NA,NA,NA,NA,Rural,AMY
Yes,189868,Business,Transport,307879,186512,NA,NA,NA,NA,Rural,UNY
Yes,355112,Business,Tailoring,93968,52898,NA,NA,NA,NA,Rural,MFS
Yes,58365,Business,Service Business,109011,74847,NA,NA,NA,NA,Urban,AMY
Yes,326219,Business,Grocery Shop,441659,387101,NA,NA,NA,NA,Rural,UNY
Yes,106078,Business,Repair Shop,48408,36818,NA,NA,NA,NA,Rural,MFS
Yes,757385,Business,Fisheries,164152,60697,NA,NA,NA,NA,Rural,NO_ELIGIBLE_SCHEME
Yes,255378,Education,NA,2641753,2735066,Graduate,BCA,Technical,No,Rural,NO_ELIGIBLE_SCHEME
Yes,155125,Business,Computer Centre,85234,44194,NA,NA,NA,NA,Rural,AMY
Yes,183041,Business,Poultry,458468,178111,NA,NA,NA,NA,Urban,UNY
Yes,483993,Business,Small Manufacturing,5000000,5000000,NA,NA,NA,NA,Urban,NO_ELIGIBLE_SCHEME
Yes,489242,Business,Grocery Shop,1669235,316724,NA,NA,NA,NA,Rural,TERM_LOAN
Yes,439520,Business,Computer Centre,141301,48448,NA,NA,NA,NA,Urban,UNY
Yes,62799,Business,Repair Shop,56568,27516,NA,NA,NA,NA,Rural,AMY
Yes,206140,Business,Food Business,146924,52506,NA,NA,NA,NA,Rural,UNY
Yes,377862,Business,Food Business,130151,22539,NA,NA,NA,NA,Rural,MFS
Yes,399540,Business,Fisheries,77241,16827,NA,NA,NA,NA,Rural,MFS
Yes,283095,Business,Transport,384890,343084,NA,NA,NA,NA,Rural,UNY
No,186136,Business,Poultry,458600,301488,NA,NA,NA,NA,Rural,NO_ELIGIBLE_SCHEME
Yes,394723,Business,Transport,1994409,314439,NA,NA,NA,NA,Urban,TERM_LOAN
Yes,158573,Business,Poultry,68769,17934,NA,NA,NA,NA,Rural,AMY
Yes,314759,Business,Grocery Shop,3696469,2322069,NA,NA,NA,NA,Rural,TERM_LOAN
Yes,199253,Education,NA,710107,710107,Postgraduate,Engineering,Management,Yes,Urban,ELS
No,316744,Business,Food Business,52815,379909,NA,NA,NA,NA,Rural,NO_ELIGIBLE_SCHEME
Yes,65708,Education,NA,3148128,549564,Graduate,BTech,Medical,Yes,Urban,ELS
Yes,388905,Education,NA,3728223,2889003,Postgraduate,BTech,Medical,Yes,Urban,ELS
Yes,195418,Business,Repair Shop,3392178,392337,NA,NA,NA,NA,Urban,TERM_LOAN
Yes,230898,Business,Service Business,5000000,5000000,NA,NA,NA,NA,Rural,NO_ELIGIBLE_SCHEME
Yes,299582,Business,Grocery Shop,112312,99903,NA,NA,NA,NA,Urban,MFS
Yes,332748,Business,Poultry,119486,96742,NA,NA,NA,NA,Urban,MFS
Yes,313257,Education,NA,4209460,2932602,Graduate,BCA,Medical,Yes,Rural,ELS
Yes,394282,Business,Tailoring,1217052,249820,NA,NA,NA,NA,Urban,TERM_LOAN
Yes,67715,Business,Small Manufacturing,318222,276935,NA,NA,NA,NA,Rural,UNY
Yes,197008,Business,Fisheries,1593271,501544,NA,NA,NA,NA,Rural,TERM_LOAN
Yes,81752,Business,Fisheries,68747,58065,NA,NA,NA,NA,Urban,AMY
Yes,232354,Education,NA,2029294,2029294,Postgraduate,Pharmacy,Management,Yes,Rural,ELS
Yes,110717,Education,NA,1017463,1017463,Graduate,Law,Medical,Yes,Rural,ELS
Yes,183131,Business,Grocery Shop,2740975,2613727,NA,NA,NA,NA,Urban,TERM_LOAN
Yes,480612,Business,Repair Shop,32954,17340,NA,NA,NA,NA,Urban,AMY
Yes,432024,Business,Computer Centre,290717,199596,NA,NA,NA,NA,Rural,UNY
Yes,120502,Business,Transport,3502088,496910,NA,NA,NA,NA,Urban,TERM_LOAN
Yes,258605,Business,Service Business,380963,211572,NA,NA,NA,NA,Rural,UNY
Yes,176403,Business,Service Business,457958,129133,NA,NA,NA,NA,Rural,UNY
Yes,392098,Business,Computer Centre,139193,98225,NA,NA,NA,NA,Urban,MFS
Yes,92584,Business,Service Business,5000000,5000000,NA,NA,NA,NA,Rural,NO_ELIGIBLE_SCHEME
Yes,208415,Business,Repair Shop,97155,13071,NA,NA,NA,NA,Urban,AMY
Yes,292452,Business,Service Business,66014,27501,NA,NA,NA,NA,Urban,AMY
Yes,293530,Education,NA,3070462,969315,12th,Pharmacy,Medical,Yes,Urban,ELS
Yes,447061,Business,Transport,32464,25868,NA,NA,NA,NA,Rural,MFS
Yes,490757,Business,Grocery Shop,57919,30156,NA,NA,NA,NA,Urban,AMY
Yes,252146,Business,Transport,126712,108376,NA,NA,NA,NA,Rural,AMY
Yes,237876,Education,NA,1107975,3702565,Postgraduate,Nursing,Technical,No,Rural,NO_ELIGIBLE_SCHEME
Yes,108977,Business,Poultry,89999,74616,NA,NA,NA,NA,Rural,MFS
Yes,100394,Business,Food Business,50629,43743,NA,NA,NA,NA,Rural,AMY
Yes,155270,Business,Poultry,102712,75269,NA,NA,NA,NA,Rural,AMY
Yes,394864,Business,Service Business,2785167,1636978,NA,NA,NA,NA,Rural,TERM_LOAN
No,462951,Business,Repair Shop,429302,221938,NA,NA,NA,NA,Urban,NO_ELIGIBLE_SCHEME
Yes,419263,Business,Tailoring,464368,56642,NA,NA,NA,NA,Urban,UNY
Yes,279253,Business,Food Business,3131456,1088162,NA,NA,NA,NA,Urban,TERM_LOAN
Yes,393860,Education,NA,963814,443791,12th,MCA,Technical,Yes,Rural,ELS
Yes,323938,Business,Transport,5000000,5000000,NA,NA,NA,NA,Urban,NO_ELIGIBLE_SCHEME
Yes,83674,Business,Transport,122591,38043,NA,NA,NA,NA,Urban,MFS
Yes,406541,Business,Fisheries,207112,60032,NA,NA,NA,NA,Urban,UNY
Yes,358440,Business,Tailoring,39010,13090,NA,NA,NA,NA,Rural,AMY
Yes,114700,Business,Small Manufacturing,302405,92065,NA,NA,NA,NA,Rural,UNY
Yes,209210,Business,Fisheries,3513653,919178,NA,NA,NA,NA,Rural,TERM_LOAN
Yes,491918,Business,Fisheries,36879,31066,NA,NA,NA,NA,Urban,AMY
Yes,349772,Business,Small Manufacturing,36505,22874,NA,NA,NA,NA,Urban,MFS
Yes,414961,Education,NA,3157324,253698,Postgraduate,BTech,Management,Yes,Rural,ELS
Yes,181587,Business,Tailoring,1336006,485402,NA,NA,NA,NA,Rural,TERM_LOAN
Yes,77821,Business,Tailoring,79921,29048,NA,NA,NA,NA,Rural,MFS
Yes,170873,Business,Fisheries,4271951,3694644,NA,NA,NA,NA,Urban,TERM_LOAN
Yes,483798,Business,Repair Shop,7991591,5103503,NA,NA,NA,NA,Urban,NO_ELIGIBLE_SCHEME
Yes,351197,Business,Fisheries,7732415,6687004,NA,NA,NA,NA,Urban,NO_ELIGIBLE_SCHEME
Yes,202106,Business,Poultry,106855,14903,NA,NA,NA,NA,Rural,AMY
Yes,79558,Education,NA,4146696,496372,Postgraduate,Medical,Management,Yes,Rural,ELS
Yes,375150,Education,NA,1601690,1430912,12th,Nursing,Management,No,Rural,NO_ELIGIBLE_SCHEME
Yes,140470,Business,Tailoring,96132,94689,NA,NA,NA,NA,Rural,MFS
Yes,159934,Business,Fisheries,31493,18690,NA,NA,NA,NA,Rural,MFS
Yes,364757,Business,Grocery Shop,2208636,1720676,NA,NA,NA,NA,Urban,TERM_LOAN
No,373230,Business,Computer Centre,255687,123086,NA,NA,NA,NA,Urban,NO_ELIGIBLE_SCHEME
Yes,486384,Business,Transport,141982,118928,NA,NA,NA,NA,Urban,UNY
Yes,390758,Business,Service Business,116240,46497,NA,NA,NA,NA,Urban,AMY
No,91749,Business,Service Business,138818,134545,NA,NA,NA,NA,Rural,NO_ELIGIBLE_SCHEME
Yes,142327,Business,Fisheries,76504,32768,NA,NA,NA,NA,Urban,MFS
No,125098,Business,Poultry,69954,115246,NA,NA,NA,NA,Rural,NO_ELIGIBLE_SCHEME
Yes,467733,Business,Poultry,1217287,461301,NA,NA,NA,NA,Rural,TERM_LOAN
Yes,202062,Business,Repair Shop,92411,72975,NA,NA,NA,NA,Rural,AMY
Yes,455445,Business,Repair Shop,66517,14549,NA,NA,NA,NA,Urban,MFS
Yes,267772,Business,Repair Shop,412416,153318,NA,NA,NA,NA,Urban,UNY
Yes,337304,Business,Service Business,117335,112145,NA,NA,NA,NA,Rural,AMY
Yes,134983,Business,Small Manufacturing,46683,10892,NA,NA,NA,NA,Rural,AMY
Yes,432457,Business,Poultry,104666,74293,NA,NA,NA,NA,Urban,AMY
Yes,234054,Business,Grocery Shop,5000000,5000000,NA,NA,NA,NA,Urban,NO_ELIGIBLE_SCHEME
Yes,152172,Business,Poultry,137482,76965,NA,NA,NA,NA,Rural,AMY
Yes,92500,Business,Poultry,827183,496724,NA,NA,NA,NA,Rural,TERM_LOAN
Yes,69050,Business,Computer Centre,757823,142565,NA,NA,NA,NA,Rural,TERM_LOAN
Yes,429927,Business,Grocery Shop,6402615,6415715,NA,NA,NA,NA,Rural,NO_ELIGIBLE_SCHEME
Yes,66966,Business,Small Manufacturing,3188691,388749,NA,NA,NA,NA,Rural,TERM_LOAN
Yes,244472,Business,Computer Centre,3358276,1745690,NA,NA,NA,NA,Rural,TERM_LOAN
Yes,366821,Business,Grocery Shop,49815,43776,NA,NA,NA,NA,Rural,MFS
Yes,222014,Business,Tailoring,222406,112601,NA,NA,NA,NA,Rural,UNY
No,447521,Business,Computer Centre,402122,185291,NA,NA,NA,NA,Urban,NO_ELIGIBLE_SCHEME
Yes,278493,Business,Computer Centre,52715,46956,NA,NA,NA,NA,Rural,AMY
Yes,158770,Business,Grocery Shop,128763,108695,NA,NA,NA,NA,Rural,AMY
Yes,256246,Business,Service Business,411064,299368,NA,NA,NA,NA,Rural,UNY
Yes,439510,Business,Service Business,77260,57367,NA,NA,NA,NA,Urban,AMY
Yes,315063,Business,Food Business,114331,30568,NA,NA,NA,NA,Urban,MFS
Yes,404897,Business,Fisheries,113055,38885,NA,NA,NA,NA,Urban,MFS
Yes,254609,Business,Grocery Shop,5000000,5000000,NA,NA,NA,NA,Urban,NO_ELIGIBLE_SCHEME
Yes,108396,Business,Grocery Shop,68138,15746,NA,NA,NA,NA,Urban,AMY
Yes,344478,Business,Grocery Shop,97861,60723,NA,NA,NA,NA,Urban,MFS
Yes,397331,Business,Small Manufacturing,85164,23235,NA,NA,NA,NA,Urban,MFS
Yes,180144,Education,NA,479891,479891,Graduate,MCA,Medical,Yes,Rural,ELS
Yes,189008,Education,NA,4019062,1474108,Postgraduate,Engineering,Technical,Yes,Urban,ELS
No,491276,Business,Tailoring,352156,111388,NA,NA,NA,NA,Urban,NO_ELIGIBLE_SCHEME
Yes,164810,Business,Service Business,197004,183236,NA,NA,NA,NA,Rural,UNY
Yes,200818,Business,Grocery Shop,210922,190196,NA,NA,NA,NA,Rural,UNY
Yes,406196,Business,Grocery Shop,371326,145795,NA,NA,NA,NA,Urban,UNY
Yes,145737,Business,Fisheries,1800112,573548,NA,NA,NA,NA,Urban,TERM_LOAN
Yes,479667,Business,Small Manufacturing,173298,114123,NA,NA,NA,NA,Urban,UNY
Yes,451565,Education,NA,1663199,1663199,Graduate,BCA,Management,Yes,Urban,ELS
Yes,407272,Business,Repair Shop,91974,61003,NA,NA,NA,NA,Urban,MFS
Yes,144083,Business,Poultry,5000000,5000000,NA,NA,NA,NA,Rural,NO_ELIGIBLE_SCHEME
Yes,471472,Business,Food Business,225913,128490,NA,NA,NA,NA,Urban,UNY
Yes,417932,Education,NA,3565225,3372334,12th,MBA,Professional,Yes,Urban,ELS
Yes,197197,Business,Food Business,77579,14822,NA,NA,NA,NA,Rural,MFS
Yes,472945,Business,Poultry,346947,141328,NA,NA,NA,NA,Rural,UNY
Yes,697114,Business,Grocery Shop,194216,21822,NA,NA,NA,NA,Rural,NO_ELIGIBLE_SCHEME
Yes,62034,Business,Small Manufacturing,60980,19942,NA,NA,NA,NA,Urban,AMY
Yes,293379,Business,Transport,89429,60321,NA,NA,NA,NA,Rural,MFS
Yes,162041,Business,Transport,465614,381579,NA,NA,NA,NA,Urban,UNY
Yes,199150,Business,Service Business,125199,14543,NA,NA,NA,NA,Rural,MFS
Yes,152276,Business,Poultry,68517,49791,NA,NA,NA,NA,Rural,AMY
Yes,65717,Business,Tailoring,64478,52810,NA,NA,NA,NA,Urban,AMY
Yes,113473,Education,NA,3668136,2146628,12th,Engineering,Management,Yes,Urban,ELS
Yes,304036,Business,Transport,60612,49764,NA,NA,NA,NA,Rural,AMY
Yes,57335,Business,Small Manufacturing,360096,280248,NA,NA,NA,NA,Rural,UNY
Yes,441859,Business,Computer Centre,372358,366783,NA,NA,NA,NA,Rural,UNY
Yes,294610,Business,Service Business,415767,296087,NA,NA,NA,NA,Urban,UNY
Yes,192778,Business,Grocery Shop,3813752,3442025,NA,NA,NA,NA,Rural,TERM_LOAN
Yes,240138,Business,Service Business,4522165,4490253,NA,NA,NA,NA,Rural,TERM_LOAN
Yes,150728,Business,Service Business,4363544,2550161,NA,NA,NA,NA,Rural,TERM_LOAN
Yes,468853,Education,NA,743818,743818,Postgraduate,Nursing,Professional,Yes,Rural,ELS
Yes,212202,Business,Fisheries,5000000,5000000,NA,NA,NA,NA,Urban,NO_ELIGIBLE_SCHEME
Yes,110020,Education,NA,3815935,860609,Graduate,MBA,Technical,No,Rural,NO_ELIGIBLE_SCHEME
No,289553,Business,Repair Shop,322892,260519,NA,NA,NA,NA,Rural,NO_ELIGIBLE_SCHEME
Yes,141056,Business,Service Business,46457,16013,NA,NA,NA,NA,Rural,AMY
Yes,132500,Business,Computer Centre,49692,22249,NA,NA,NA,NA,Rural,MFS
Yes,453180,Business,Service Business,74642,49660,NA,NA,NA,NA,Urban,MFS
Yes,329190,Business,Poultry,320884,37701,NA,NA,NA,NA,Urban,UNY
Yes,330106,Business,Small Manufacturing,7517983,5130859,NA,NA,NA,NA,Urban,NO_ELIGIBLE_SCHEME
Yes,115969,Business,Food Business,1971435,177707,NA,NA,NA,NA,Rural,TERM_LOAN
Yes,382523,Business,Repair Shop,56685,55055,NA,NA,NA,NA,Urban,MFS
Yes,161767,Business,Food Business,2221011,271700,NA,NA,NA,NA,Rural,TERM_LOAN
Yes,181721,Business,Food Business,98076,89235,NA,NA,NA,NA,Urban,AMY
Yes,199468,Business,Fisheries,443206,261396,NA,NA,NA,NA,Urban,UNY
Yes,286459,Education,NA,1698516,437031,Graduate,Law,Management,Yes,Urban,ELS
No,394862,Business,Tailoring,160796,244064,NA,NA,NA,NA,Urban,NO_ELIGIBLE_SCHEME
Yes,176006,Business,Poultry,4481820,2677226,NA,NA,NA,NA,Rural,TERM_LOAN
Yes,299870,Education,NA,253379,253379,12th,MBA,Medical,Yes,Urban,ELS
Yes,435852,Education,NA,1662623,1049642,Postgraduate,BTech,Professional,Yes,Rural,ELS
Yes,145061,Education,NA,1392015,1146341,12th,Pharmacy,Technical,Yes,Rural,ELS
Yes,456238,Business,Computer Centre,423895,115070,NA,NA,NA,NA,Urban,UNY
Yes,201317,Business,Fisheries,421026,237372,NA,NA,NA,NA,Rural,UNY
Yes,383812,Business,Food Business,75239,74233,NA,NA,NA,NA,Urban,AMY
Yes,306508,Business,Repair Shop,247694,179170,NA,NA,NA,NA,Urban,UNY
Yes,278173,Business,Computer Centre,119408,109116,NA,NA,NA,NA,Urban,AMY
Yes,161208,Business,Service Business,7469114,5045896,NA,NA,NA,NA,Urban,NO_ELIGIBLE_SCHEME
Yes,147323,Education,NA,2307137,836587,12th,BTech,Technical,Yes,Urban,ELS
Yes,201131,Business,Grocery Shop,69799,41904,NA,NA,NA,NA,Urban,AMY
Yes,278183,Business,Computer Centre,400969,250120,NA,NA,NA,NA,Rural,UNY
Yes,408362,Business,Small Manufacturing,37407,31127,NA,NA,NA,NA,Rural,AMY
Yes,54563,Education,NA,1271651,420255,Postgraduate,MBA,Management,Yes,Rural,ELS
Yes,116649,Business,Food Business,48919,43147,NA,NA,NA,NA,Urban,MFS
Yes,677999,Business,Food Business,242881,68291,NA,NA,NA,NA,Rural,NO_ELIGIBLE_SCHEME
Yes,275803,Business,Poultry,76984,59131,NA,NA,NA,NA,Rural,MFS
Yes,195713,Business,Fisheries,132404,110544,NA,NA,NA,NA,Rural,MFS
Yes,261534,Business,Tailoring,4134342,2196373,NA,NA,NA,NA,Rural,TERM_LOAN
Yes,175728,Education,NA,2312352,508971,Postgraduate,Pharmacy,Professional,Yes,Rural,ELS
Yes,364109,Business,Poultry,110167,25970,NA,NA,NA,NA,Urban,AMY
Yes,245898,Business,Fisheries,6274265,6732636,NA,NA,NA,NA,Rural,NO_ELIGIBLE_SCHEME
Yes,405238,Business,Tailoring,38623,13336,NA,NA,NA,NA,Rural,MFS
Yes,485703,Business,Food Business,98274,26538,NA,NA,NA,NA,Urban,AMY
No,454875,Business,Computer Centre,196779,116238,NA,NA,NA,NA,Urban,NO_ELIGIBLE_SCHEME
Yes,635075,Business,Food Business,262241,361968,NA,NA,NA,NA,Urban,NO_ELIGIBLE_SCHEME
Yes,281669,Business,Grocery Shop,89472,63759,NA,NA,NA,NA,Rural,MFS
Yes,440358,Education,NA,3081321,3030433,Postgraduate,MCA,Professional,Yes,Urban,ELS
Yes,437897,Business,Food Business,94762,83306,NA,NA,NA,NA,Rural,MFS
Yes,195347,Business,Service Business,416948,295961,NA,NA,NA,NA,Urban,UNY
Yes,285914,Business,Small Manufacturing,57470,38749,NA,NA,NA,NA,Rural,AMY
Yes,192692,Business,Fisheries,5000000,5000000,NA,NA,NA,NA,Rural,NO_ELIGIBLE_SCHEME
Yes,226900,Business,Transport,101819,61417,NA,NA,NA,NA,Urban,AMY
Yes,108901,Education,NA,3788389,1289843,Graduate,Nursing,Technical,Yes,Rural,ELS
Yes,420710,Business,Transport,2569644,899547,NA,NA,NA,NA,Urban,TERM_LOAN
Yes,481183,Business,Computer Centre,106619,59941,NA,NA,NA,NA,Rural,MFS
Yes,387244,Business,Transport,5000000,5000000,NA,NA,NA,NA,Rural,NO_ELIGIBLE_SCHEME
No,348762,Business,Food Business,199539,130268,NA,NA,NA,NA,Urban,NO_ELIGIBLE_SCHEME
Yes,182832,Education,NA,2953760,501643,Postgraduate,Law,Management,Yes,Rural,ELS
Yes,76920,Business,Fisheries,47093,37249,NA,NA,NA,NA,Rural,AMY
Yes,243798,Business,Computer Centre,89795,41476,NA,NA,NA,NA,Rural,AMY
Yes,340402,Business,Service Business,1173500,322664,NA,NA,NA,NA,Urban,TERM_LOAN
Yes,426590,Business,Food Business,167838,72619,NA,NA,NA,NA,Rural,UNY
Yes,232792,Business,Grocery Shop,46033,45883,NA,NA,NA,NA,Rural,MFS
Yes,474676,Business,Poultry,74739,73354,NA,NA,NA,NA,Rural,MFS
Yes,191809,Education,NA,943394,943394,Postgraduate,Nursing,Management,Yes,Urban,ELS
Yes,221437,Business,Transport,4900390,3563204,NA,NA,NA,NA,Urban,TERM_LOAN
Yes,321614,Education,NA,3809511,751353,12th,Medical,Medical,No,Rural,NO_ELIGIBLE_SCHEME
Yes,353637,Business,Small Manufacturing,3818747,1544211,NA,NA,NA,NA,Rural,TERM_LOAN
Yes,70658,Business,Tailoring,143281,140669,NA,NA,NA,NA,Rural,UNY
Yes,249874,Business,Transport,122435,116352,NA,NA,NA,NA,Rural,MFS
Yes,189500,Education,NA,1736132,1503515,Postgraduate,BCA,Professional,Yes,Urban,ELS
Yes,97378,Education,NA,3757785,2623806,12th,Engineering,Management,No,Urban,NO_ELIGIBLE_SCHEME
Yes,202904,Education,NA,4068034,1380029,Postgraduate,Engineering,Management,Yes,Urban,ELS
Yes,127110,Business,Service Business,272538,156954,NA,NA,NA,NA,Rural,TERM_LOAN
Yes,476577,Business,Transport,6846964,6834506,NA,NA,NA,NA,Rural,NO_ELIGIBLE_SCHEME
Yes,221301,Business,Computer Centre,5000000,5000000,NA,NA,NA,NA,Rural,NO_ELIGIBLE_SCHEME
Yes,341695,Business,Transport,41406,22717,NA,NA,NA,NA,Urban,MFS
Yes,481747,Business,Tailoring,445901,285339,NA,NA,NA,NA,Rural,UNY
Yes,455072,Business,Fisheries,309271,131993,NA,NA,NA,NA,Urban,UNY
Yes,110109,Business,Poultry,82206,13924,NA,NA,NA,NA,Urban,AMY
Yes,180651,Business,Grocery Shop,36582,28265,NA,NA,NA,NA,Urban,MFS
Yes,315535,Education,NA,1858544,1858544,Graduate,BTech,Medical,Yes,Urban,ELS
Yes,160776,Business,Fisheries,463372,111090,NA,NA,NA,NA,Urban,UNY
Yes,294036,Education,NA,2638854,861630,Postgraduate,Law,Management,Yes,Rural,ELS
Yes,434325,Education,NA,749620,749620,Postgraduate,BCA,Professional,Yes,Urban,ELS
Yes,127907,Business,Computer Centre,3262442,251600,NA,NA,NA,NA,Urban,TERM_LOAN
Yes,358944,Business,Repair Shop,58893,39439,NA,NA,NA,NA,Rural,MFS
Yes,112123,Business,Repair Shop,148953,132503,NA,NA,NA,NA,Urban,UNY
Yes,283564,Education,NA,2834054,2281449,Postgraduate,BCA,Management,Yes,Urban,ELS
Yes,568546,Business,Service Business,124465,202531,NA,NA,NA,NA,Rural,NO_ELIGIBLE_SCHEME
Yes,418788,Business,Transport,374263,248298,NA,NA,NA,NA,Urban,UNY
Yes,280633,Business,Poultry,95776,28214,NA,NA,NA,NA,Rural,MFS
Yes,118189,Business,Fisheries,96127,23849,NA,NA,NA,NA,Urban,AMY
Yes,172127,Education,NA,1858189,1858189,Graduate,BTech,Medical,Yes,Urban,ELS
Yes,441975,Education,NA,792952,792952,12th,Law,Technical,Yes,Urban,ELS
Yes,116186,Business,Tailoring,95949,75500,NA,NA,NA,NA,Rural,AMY
Yes,521555,Business,Grocery Shop,189331,133457,NA,NA,NA,NA,Urban,NO_ELIGIBLE_SCHEME
Yes,215291,Business,Transport,78342,28579,NA,NA,NA,NA,Rural,AMY
Yes,473570,Business,Food Business,1681303,1613278,NA,NA,NA,NA,Rural,TERM_LOAN
No,309660,Business,Tailoring,200366,133764,NA,NA,NA,NA,Rural,NO_ELIGIBLE_SCHEME
Yes,120536,Business,Fisheries,3758973,3427501,NA,NA,NA,NA,Urban,TERM_LOAN
Yes,444000,Business,Small Manufacturing,252899,109047,NA,NA,NA,NA,Urban,UNY
Yes,495357,Business,Food Business,40956,27642,NA,NA,NA,NA,Rural,MFS
Yes,174820,Business,Service Business,95070,21829,NA,NA,NA,NA,Rural,MFS
No,290048,Business,Repair Shop,166587,295964,NA,NA,NA,NA,Rural,NO_ELIGIBLE_SCHEME
Yes,463848,Business,Food Business,5000000,5000000,NA,NA,NA,NA,Urban,NO_ELIGIBLE_SCHEME
Yes,153557,Education,NA,1168148,751758,Graduate,Medical,Professional,No,Rural,NO_ELIGIBLE_SCHEME
Yes,282217,Education,NA,3198571,1709547,12th,Medical,Management,Yes,Rural,ELS
Yes,477704,Business,Computer Centre,88931,27419,NA,NA,NA,NA,Urban,AMY
Yes,117823,Education,NA,2255335,1861899,12th,MBA,Management,No,Rural,NO_ELIGIBLE_SCHEME
Yes,422897,Business,Small Manufacturing,7334356,6304034,NA,NA,NA,NA,Rural,NO_ELIGIBLE_SCHEME
Yes,659044,Business,Transport,492920,340264,NA,NA,NA,NA,Urban,NO_ELIGIBLE_SCHEME
Yes,342830,Business,Service Business,32717,10752,NA,NA,NA,NA,Rural,MFS
Yes,266671,Business,Food Business,249408,73431,NA,NA,NA,NA,Rural,UNY
Yes,156721,Business,Poultry,66671,15141,NA,NA,NA,NA,Rural,AMY
Yes,96467,Business,Fisheries,6560211,5150370,NA,NA,NA,NA,Urban,NO_ELIGIBLE_SCHEME
Yes,365137,Business,Transport,104475,14105,NA,NA,NA,NA,Rural,AMY
Yes,460562,Business,Small Manufacturing,2686579,551971,NA,NA,NA,NA,Rural,TERM_LOAN
Yes,152769,Business,Tailoring,4503419,237457,NA,NA,NA,NA,Rural,TERM_LOAN
Yes,185341,Business,Fisheries,4994087,2322200,NA,NA,NA,NA,Rural,TERM_LOAN
Yes,428291,Education,NA,3212398,2756645,12th,Law,Technical,Yes,Urban,ELS
Yes,117579,Business,Repair Shop,233206,156604,NA,NA,NA,NA,Rural,UNY
Yes,276626,Business,Transport,1684137,941529,NA,NA,NA,NA,Urban,TERM_LOAN
Yes,152489,Business,Small Manufacturing,5000000,5000000,NA,NA,NA,NA,Rural,NO_ELIGIBLE_SCHEME
Yes,114350,Education,NA,846837,846837,12th,Nursing,Professional,Yes,Rural,ELS
No,306839,Business,Fisheries,275088,118051,NA,NA,NA,NA,Rural,NO_ELIGIBLE_SCHEME
Yes,277526,Business,Grocery Shop,127880,21846,NA,NA,NA,NA,Rural,MFS
Yes,77897,Education,NA,3199014,1709357,Postgraduate,MBA,Medical,Yes,Rural,ELS
Yes,68876,Business,Computer Centre,3906549,3755366,NA,NA,NA,NA,Rural,TERM_LOAN
Yes,133116,Education,NA,2886487,527196,Postgraduate,MBA,Management,Yes,Urban,ELS
Yes,141287,Business,Food Business,381544,251417,NA,NA,NA,NA,Urban,TERM_LOAN
Yes,469396,Business,Grocery Shop,134017,76127,NA,NA,NA,NA,Urban,AMY
Yes,280546,Business,Poultry,3679842,1422162,NA,NA,NA,NA,Urban,TERM_LOAN
Yes,491373,Business,Poultry,187624,115243,NA,NA,NA,NA,Rural,UNY
Yes,171247,Business,Transport,48136,19884,NA,NA,NA,NA,Rural,MFS
Yes,422980,Business,Grocery Shop,4804553,4481632,NA,NA,NA,NA,Urban,TERM_LOAN
Yes,281361,Business,Small Manufacturing,2322529,2268513,NA,NA,NA,NA,Urban,TERM_LOAN
Yes,234503,Business,Computer Centre,75453,54847,NA,NA,NA,NA,Urban,MFS
Yes,62120,Business,Small Manufacturing,55146,54432,NA,NA,NA,NA,Urban,MFS
Yes,563173,Business,Computer Centre,438516,123483,NA,NA,NA,NA,Rural,NO_ELIGIBLE_SCHEME
Yes,404611,Business,Transport,5000000,5000000,NA,NA,NA,NA,Rural,NO_ELIGIBLE_SCHEME
Yes,651421,Business,Grocery Shop,372960,370084,NA,NA,NA,NA,Urban,NO_ELIGIBLE_SCHEME
Yes,114544,Business,Service Business,307415,266295,NA,NA,NA,NA,Rural,UNY
Yes,252046,Education,NA,3961903,2157284,Postgraduate,Nursing,Management,Yes,Rural,ELS
Yes,402991,Business,Repair Shop,123464,67653,NA,NA,NA,NA,Rural,AMY
Yes,286923,Business,Transport,5000000,5000000,NA,NA,NA,NA,Rural,NO_ELIGIBLE_SCHEME
Yes,80300,Business,Food Business,521476,306402,NA,NA,NA,NA,Rural,TERM_LOAN
Yes,291122,Business,Grocery Shop,7109449,5554652,NA,NA,NA,NA,Urban,NO_ELIGIBLE_SCHEME
Yes,215866,Business,Grocery Shop,2441396,1543468,NA,NA,NA,NA,Rural,TERM_LOAN
Yes,148607,Business,Grocery Shop,99147,15456,NA,NA,NA,NA,Urban,AMY
Yes,90270,Education,NA,436789,436789,12th,Engineering,Professional,Yes,Rural,ELS
Yes,57340,Education,NA,2928518,3206459,Graduate,MCA,Medical,No,Urban,NO_ELIGIBLE_SCHEME
Yes,203372,Business,Small Manufacturing,360196,276954,NA,NA,NA,NA,Rural,UNY
Yes,163608,Business,Food Business,1014090,239061,NA,NA,NA,NA,Rural,TERM_LOAN
Yes,137436,Business,Grocery Shop,89515,12033,NA,NA,NA,NA,Urban,AMY
Yes,397062,Business,Grocery Shop,107846,16286,NA,NA,NA,NA,Rural,MFS
Yes,67192,Business,Small Manufacturing,55736,17065,NA,NA,NA,NA,Rural,MFS
Yes,376868,Business,Food Business,158331,52483,NA,NA,NA,NA,Urban,UNY
Yes,162194,Business,Tailoring,210973,153559,NA,NA,NA,NA,Urban,UNY
Yes,384079,Business,Small Manufacturing,268076,26472,NA,NA,NA,NA,Urban,UNY
Yes,197210,Business,Poultry,1442196,411867,NA,NA,NA,NA,Rural,TERM_LOAN
Yes,72907,Business,Transport,124526,67366,NA,NA,NA,NA,Urban,MFS
Yes,274656,Business,Fisheries,60984,58359,NA,NA,NA,NA,Rural,AMY
Yes,178244,Education,NA,4258840,2153204,12th,MBA,Management,Yes,Urban,ELS
Yes,134991,Education,NA,2849410,2849410,12th,MBA,Medical,Yes,Urban,ELS
Yes,173930,Business,Poultry,128771,121240,NA,NA,NA,NA,Urban,MFS
Yes,467454,Business,Transport,128655,53463,NA,NA,NA,NA,Rural,MFS
Yes,110232,Business,Repair Shop,102910,58176,NA,NA,NA,NA,Rural,MFS
Yes,104250,Education,NA,2058571,1673723,Graduate,Nursing,Professional,No,Rural,NO_ELIGIBLE_SCHEME
Yes,441393,Business,Small Manufacturing,348505,266746,NA,NA,NA,NA,Urban,UNY
Yes,393623,Business,Tailoring,75157,48920,NA,NA,NA,NA,Urban,MFS
Yes,379018,Education,NA,3330962,2880507,12th,Medical,Technical,No,Urban,NO_ELIGIBLE_SCHEME
Yes,141702,Business,Poultry,237905,56041,NA,NA,NA,NA,Urban,UNY
Yes,300754,Business,Food Business,117036,72227,NA,NA,NA,NA,Rural,AMY
Yes,128821,Business,Grocery Shop,352303,323546,NA,NA,NA,NA,Rural,UNY
Yes,63050,Business,Transport,59368,47871,NA,NA,NA,NA,Rural,AMY
Yes,178223,Business,Repair Shop,979941,305521,NA,NA,NA,NA,Urban,TERM_LOAN
Yes,257745,Business,Repair Shop,5000000,5000000,NA,NA,NA,NA,Urban,NO_ELIGIBLE_SCHEME
No,492616,Business,Poultry,186969,130720,NA,NA,NA,NA,Urban,NO_ELIGIBLE_SCHEME
Yes,67658,Business,Small Manufacturing,345040,98787,NA,NA,NA,NA,Urban,UNY
Yes,320302,Business,Food Business,6164698,6358923,NA,NA,NA,NA,Urban,NO_ELIGIBLE_SCHEME
Yes,72360,Business,Poultry,6489220,6134759,NA,NA,NA,NA,Urban,NO_ELIGIBLE_SCHEME
Yes,432009,Business,Poultry,2228497,1719220,NA,NA,NA,NA,Urban,TERM_LOAN
Yes,446954,Business,Tailoring,2185169,55294,NA,NA,NA,NA,Urban,TERM_LOAN
Yes,89034,Education,NA,4080542,1273803,Postgraduate,Nursing,Management,Yes,Urban,ELS
No,270528,Business,Poultry,343680,392012,NA,NA,NA,NA,Rural,NO_ELIGIBLE_SCHEME
Yes,409801,Business,Repair Shop,85455,31521,NA,NA,NA,NA,Rural,AMY
Yes,128758,Business,Repair Shop,119054,65737,NA,NA,NA,NA,Urban,AMY
Yes,90948,Business,Service Business,99228,57419,NA,NA,NA,NA,Rural,MFS
Yes,330735,Business,Grocery Shop,2807503,2422300,NA,NA,NA,NA,Rural,TERM_LOAN
Yes,119319,Business,Transport,1972776,1139266,NA,NA,NA,NA,Urban,TERM_LOAN
Yes,437173,Business,Tailoring,4929689,2380046,NA,NA,NA,NA,Urban,TERM_LOAN
Yes,279350,Business,Tailoring,94082,45900,NA,NA,NA,NA,Urban,AMY
Yes,230783,Education,NA,526404,1357064,Postgraduate,Pharmacy,Technical,No,Urban,NO_ELIGIBLE_SCHEME
Yes,320710,Business,Small Manufacturing,379937,102230,NA,NA,NA,NA,Urban,UNY
No,70170,Business,Service Business,341851,68484,NA,NA,NA,NA,Rural,NO_ELIGIBLE_SCHEME
Yes,446988,Business,Food Business,1779316,1620736,NA,NA,NA,NA,Rural,TERM_LOAN
Yes,168749,Business,Repair Shop,3905108,2403164,NA,NA,NA,NA,Urban,TERM_LOAN
Yes,426574,Business,Service Business,2202691,756691,NA,NA,NA,NA,Urban,TERM_LOAN
Yes,213666,Business,Computer Centre,6555353,6103549,NA,NA,NA,NA,Rural,NO_ELIGIBLE_SCHEME
Yes,346563,Business,Food Business,52047,39971,NA,NA,NA,NA,Rural,MFS
Yes,106372,Business,Computer Centre,293958,262857,NA,NA,NA,NA,Urban,UNY
Yes,304074,Business,Poultry,77059,11256,NA,NA,NA,NA,Rural,MFS
Yes,400784,Business,Tailoring,82257,66596,NA,NA,NA,NA,Rural,AMY
Yes,475633,Business,Transport,121418,55252,NA,NA,NA,NA,Rural,MFS
Yes,358442,Education,NA,1685850,574329,Postgraduate,Nursing,Management,Yes,Urban,ELS
Yes,277315,Education,NA,3494038,1616666,12th,Law,Technical,Yes,Rural,ELS
Yes,183967,Education,NA,917195,917195,12th,BTech,Technical,Yes,Urban,ELS
Yes,456980,Business,Repair Shop,1070365,835694,NA,NA,NA,NA,Urban,TERM_LOAN
Yes,207363,Business,Grocery Shop,3634323,1796881,NA,NA,NA,NA,Urban,TERM_LOAN
Yes,209097,Business,Food Business,276096,85483,NA,NA,NA,NA,Rural,TERM_LOAN
Yes,351742,Business,Grocery Shop,751943,187353,NA,NA,NA,NA,Urban,TERM_LOAN
Yes,415069,Business,Poultry,1480477,562842,NA,NA,NA,NA,Rural,TERM_LOAN
Yes,432580,Business,Fisheries,1699338,406540,NA,NA,NA,NA,Urban,TERM_LOAN
Yes,435536,Business,Computer Centre,121845,119038,NA,NA,NA,NA,Urban,MFS
Yes,116322,Business,Transport,4362656,2301685,NA,NA,NA,NA,Urban,TERM_LOAN
Yes,311529,Business,Transport,64562,48292,NA,NA,NA,NA,Urban,MFS
Yes,422960,Business,Computer Centre,112776,57281,NA,NA,NA,NA,Urban,AMY
Yes,192574,Business,Fisheries,2504292,307680,NA,NA,NA,NA,Rural,TERM_LOAN
Yes,106119,Business,Computer Centre,418422,365836,NA,NA,NA,NA,Urban,UNY
Yes,344341,Business,Small Manufacturing,282373,85817,NA,NA,NA,NA,Urban,UNY
Yes,176982,Business,Poultry,2557220,676686,NA,NA,NA,NA,Rural,TERM_LOAN
Yes,682264,Business,Service Business,422990,109844,NA,NA,NA,NA,Urban,NO_ELIGIBLE_SCHEME
Yes,65675,Business,Computer Centre,167196,95602,NA,NA,NA,NA,Urban,UNY
Yes,371042,Business,Computer Centre,477037,224959,NA,NA,NA,NA,Urban,UNY
Yes,385184,Business,Computer Centre,72036,58181,NA,NA,NA,NA,Urban,AMY
Yes,357412,Business,Transport,62232,18970,NA,NA,NA,NA,Rural,AMY
Yes,360950,Business,Poultry,142365,99852,NA,NA,NA,NA,Urban,UNY
Yes,306422,Business,Computer Centre,69353,60031,NA,NA,NA,NA,Rural,AMY
Yes,232792,Business,Small Manufacturing,1268690,891641,NA,NA,NA,NA,Rural,TERM_LOAN
Yes,288393,Business,Computer Centre,72906,23871,NA,NA,NA,NA,Urban,MFS
Yes,285910,Business,Tailoring,1393213,1235104,NA,NA,NA,NA,Urban,TERM_LOAN
Yes,363617,Business,Computer Centre,326102,118429,NA,NA,NA,NA,Rural,UNY
Yes,449173,Business,Repair Shop,109034,78167,NA,NA,NA,NA,Urban,AMY
No,209374,Business,Repair Shop,289049,214128,NA,NA,NA,NA,Rural,NO_ELIGIBLE_SCHEME
Yes,377949,Business,Fisheries,2559440,778677,NA,NA,NA,NA,Urban,TERM_LOAN
Yes,114545,Business,Transport,47997,38812,NA,NA,NA,NA,Rural,AMY
Yes,331312,Business,Computer Centre,221352,84868,NA,NA,NA,NA,Rural,UNY
Yes,455171,Business,Grocery Shop,367402,80792,NA,NA,NA,NA,Urban,UNY
Yes,405909,Business,Service Business,269027,127993,NA,NA,NA,NA,Rural,UNY
No,375990,Business,Food Business,132687,392267,NA,NA,NA,NA,Urban,NO_ELIGIBLE_SCHEME
Yes,55948,Business,Fisheries,4202210,406835,NA,NA,NA,NA,Rural,TERM_LOAN
Yes,253345,Business,Grocery Shop,298390,148882,NA,NA,NA,NA,Urban,UNY
Yes,359495,Business,Fisheries,53445,39732,NA,NA,NA,NA,Urban,MFS
No,242035,Business,Repair Shop,86225,202660,NA,NA,NA,NA,Rural,NO_ELIGIBLE_SCHEME
Yes,722391,Business,Repair Shop,179403,348686,NA,NA,NA,NA,Urban,NO_ELIGIBLE_SCHEME
Yes,239849,Business,Computer Centre,2286856,749268,NA,NA,NA,NA,Urban,TERM_LOAN
Yes,439539,Education,NA,3580781,452806,12th,BTech,Professional,Yes,Rural,ELS
Yes,124220,Business,Service Business,4455093,137782,NA,NA,NA,NA,Rural,TERM_LOAN
Yes,118302,Education,NA,4222068,3635984,12th,BCA,Medical,Yes,Rural,ELS
Yes,338412,Business,Tailoring,4279172,3921083,NA,NA,NA,NA,Urban,TERM_LOAN
Yes,212327,Education,NA,1518857,802719,Graduate,BTech,Management,Yes,Urban,ELS
Yes,458337,Business,Tailoring,5000000,5000000,NA,NA,NA,NA,Rural,NO_ELIGIBLE_SCHEME
Yes,403268,Business,Computer Centre,2154548,1593564,NA,NA,NA,NA,Urban,TERM_LOAN
Yes,79362,Education,NA,3873247,3269647,Postgraduate,Law,Medical,No,Urban,NO_ELIGIBLE_SCHEME
Yes,300362,Business,Computer Centre,213880,183114,NA,NA,NA,NA,Rural,UNY
Yes,244319,Business,Service Business,7163530,5132763,NA,NA,NA,NA,Rural,NO_ELIGIBLE_SCHEME
Yes,256570,Business,Poultry,262615,208612,NA,NA,NA,NA,Rural,UNY
Yes,279452,Business,Small Manufacturing,1739953,765178,NA,NA,NA,NA,Urban,TERM_LOAN
Yes,291366,Business,Computer Centre,42358,11236,NA,NA,NA,NA,Rural,MFS
Yes,72941,Business,Service Business,125015,51670,NA,NA,NA,NA,Rural,AMY
Yes,476763,Business,Fisheries,48769,12748,NA,NA,NA,NA,Urban,AMY
Yes,468125,Business,Food Business,366989,290020,NA,NA,NA,NA,Urban,UNY
Yes,236618,Business,Small Manufacturing,2956489,1801159,NA,NA,NA,NA,Rural,TERM_LOAN
Yes,288530,Business,Poultry,5000000,5000000,NA,NA,NA,NA,Urban,NO_ELIGIBLE_SCHEME
Yes,376950,Business,Fisheries,412795,105382,NA,NA,NA,NA,Rural,UNY
Yes,355490,Business,Transport,309147,281072,NA,NA,NA,NA,Rural,TERM_LOAN
Yes,259316,Education,NA,2706372,1322754,Graduate,Law,Professional,Yes,Urban,ELS
Yes,230728,Education,NA,769509,769509,12th,Nursing,Professional,Yes,Rural,ELS
Yes,252093,Business,Poultry,60122,34786,NA,NA,NA,NA,Rural,MFS
Yes,206299,Business,Grocery Shop,6473631,6144256,NA,NA,NA,NA,Rural,NO_ELIGIBLE_SCHEME
Yes,74548,Business,Transport,276054,166582,NA,NA,NA,NA,Urban,UNY
Yes,442208,Business,Small Manufacturing,89270,82869,NA,NA,NA,NA,Rural,MFS
No,195699,Business,Repair Shop,89012,110056,NA,NA,NA,NA,Urban,NO_ELIGIBLE_SCHEME
Yes,126659,Education,NA,4447043,2280713,Graduate,MBA,Management,Yes,Rural,ELS
Yes,427974,Business,Poultry,118835,109035,NA,NA,NA,NA,Rural,MFS
Yes,89470,Education,NA,1619593,1572099,Postgraduate,Medical,Professional,Yes,Rural,ELS
Yes,431101,Business,Fisheries,362414,160685,NA,NA,NA,NA,Urban,TERM_LOAN
Yes,141864,Business,Repair Shop,74383,56111,NA,NA,NA,NA,Urban,AMY
No,185420,Business,Fisheries,408849,237907,NA,NA,NA,NA,Urban,NO_ELIGIBLE_SCHEME
Yes,409053,Education,NA,3536241,2629380,Postgraduate,Nursing,Management,No,Rural,NO_ELIGIBLE_SCHEME
Yes,243273,Business,Transport,344887,222588,NA,NA,NA,NA,Urban,UNY
Yes,270035,Business,Grocery Shop,187233,60717,NA,NA,NA,NA,Urban,UNY
Yes,238110,Business,Service Business,199221,98997,NA,NA,NA,NA,Urban,UNY
Yes,426958,Business,Grocery Shop,875318,247570,NA,NA,NA,NA,Urban,TERM_LOAN
Yes,176396,Business,Food Business,80578,24777,NA,NA,NA,NA,Rural,MFS
Yes,744870,Business,Repair Shop,55804,387346,NA,NA,NA,NA,Urban,NO_ELIGIBLE_SCHEME
Yes,238268,Business,Grocery Shop,114587,19946,NA,NA,NA,NA,Urban,AMY
Yes,386757,Business,Small Manufacturing,167724,131573,NA,NA,NA,NA,Rural,UNY
Yes,141488,Business,Fisheries,435553,382489,NA,NA,NA,NA,Urban,TERM_LOAN
Yes,309685,Business,Poultry,2430479,2174695,NA,NA,NA,NA,Rural,TERM_LOAN
Yes,314493,Business,Grocery Shop,193594,83603,NA,NA,NA,NA,Urban,UNY
Yes,75976,Business,Computer Centre,308347,132944,NA,NA,NA,NA,Urban,UNY
No,343157,Business,Poultry,204449,66764,NA,NA,NA,NA,Rural,NO_ELIGIBLE_SCHEME
Yes,75025,Education,NA,3366144,173887,12th,MBA,Technical,No,Urban,NO_ELIGIBLE_SCHEME
Yes,104127,Business,Repair Shop,4505674,3164089,NA,NA,NA,NA,Urban,TERM_LOAN
Yes,88626,Business,Grocery Shop,488567,168679,NA,NA,NA,NA,Rural,TERM_LOAN
Yes,446091,Business,Grocery Shop,114182,44654,NA,NA,NA,NA,Rural,MFS
Yes,81339,Business,Grocery Shop,403218,52052,NA,NA,NA,NA,Urban,UNY
Yes,355521,Education,NA,3677985,3065281,Graduate,BCA,Technical,Yes,Urban,ELS
Yes,570605,Business,Poultry,103833,398837,NA,NA,NA,NA,Urban,NO_ELIGIBLE_SCHEME
Yes,362043,Business,Grocery Shop,43459,10805,NA,NA,NA,NA,Rural,AMY
Yes,93350,Education,NA,2477486,1081082,Postgraduate,BCA,Technical,Yes,Rural,ELS
Yes,189838,Business,Grocery Shop,78148,78062,NA,NA,NA,NA,Urban,MFS
Yes,270109,Business,Service Business,36258,17813,NA,NA,NA,NA,Urban,MFS
Yes,374879,Business,Service Business,5000000,5000000,NA,NA,NA,NA,Urban,NO_ELIGIBLE_SCHEME
Yes,593143,Business,Grocery Shop,68383,74324,NA,NA,NA,NA,Urban,NO_ELIGIBLE_SCHEME
No,386560,Business,Food Business,70836,333217,NA,NA,NA,NA,Rural,NO_ELIGIBLE_SCHEME
Yes,410891,Business,Computer Centre,119842,101483,NA,NA,NA,NA,Rural,MFS
Yes,370793,Business,Service Business,5000000,5000000,NA,NA,NA,NA,Rural,NO_ELIGIBLE_SCHEME
Yes,346953,Business,Small Manufacturing,352853,44050,NA,NA,NA,NA,Urban,UNY
No,164208,Business,Repair Shop,68440,346248,NA,NA,NA,NA,Rural,NO_ELIGIBLE_SCHEME
Yes,458656,Business,Service Business,3956936,2542890,NA,NA,NA,NA,Urban,TERM_LOAN
Yes,171270,Business,Transport,43525,18978,NA,NA,NA,NA,Rural,AMY
Yes,329024,Business,Food Business,399470,345042,NA,NA,NA,NA,Urban,UNY
Yes,172250,Business,Food Business,1359013,1121451,NA,NA,NA,NA,Urban,TERM_LOAN
Yes,200940,Education,NA,4235680,3026406,Postgraduate,MCA,Technical,Yes,Rural,ELS
Yes,467763,Business,Grocery Shop,46759,42632,NA,NA,NA,NA,Urban,AMY
Yes,182573,Business,Transport,6831535,5768118,NA,NA,NA,NA,Urban,NO_ELIGIBLE_SCHEME
Yes,69863,Business,Grocery Shop,90191,53478,NA,NA,NA,NA,Rural,MFS
Yes,72467,Business,Computer Centre,354746,164251,NA,NA,NA,NA,Rural,UNY
Yes,88610,Business,Fisheries,4084857,1104768,NA,NA,NA,NA,Urban,TERM_LOAN
Yes,95612,Business,Poultry,1711078,520198,NA,NA,NA,NA,Urban,TERM_LOAN
Yes,424716,Education,NA,2816336,868055,Graduate,Law,Technical,Yes,Rural,ELS
Yes,213677,Business,Computer Centre,138982,89389,NA,NA,NA,NA,Urban,AMY
Yes,473167,Business,Tailoring,109131,44671,NA,NA,NA,NA,Urban,MFS
Yes,744640,Business,Repair Shop,147377,199721,NA,NA,NA,NA,Rural,NO_ELIGIBLE_SCHEME
Yes,150094,Business,Grocery Shop,87119,80593,NA,NA,NA,NA,Urban,MFS
Yes,416493,Business,Fisheries,325076,190011,NA,NA,NA,NA,Urban,UNY
Yes,472832,Business,Repair Shop,138093,73156,NA,NA,NA,NA,Urban,MFS
Yes,390909,Business,Tailoring,4053014,1390239,NA,NA,NA,NA,Rural,TERM_LOAN
Yes,476036,Business,Tailoring,165386,111676,NA,NA,NA,NA,Urban,UNY
Yes,210570,Business,Tailoring,72842,35215,NA,NA,NA,NA,Urban,AMY
Yes,349060,Business,Computer Centre,4225372,3942115,NA,NA,NA,NA,Urban,TERM_LOAN
Yes,436772,Business,Tailoring,85067,68177,NA,NA,NA,NA,Urban,MFS
Yes,327841,Education,NA,123926,2328906,Graduate,Law,Management,No,Urban,NO_ELIGIBLE_SCHEME
Yes,318217,Business,Service Business,138875,23751,NA,NA,NA,NA,Rural,MFS
Yes,105696,Business,Service Business,107493,13346,NA,NA,NA,NA,Rural,AMY
Yes,610221,Business,Small Manufacturing,94938,179664,NA,NA,NA,NA,Rural,NO_ELIGIBLE_SCHEME
Yes,267324,Business,Poultry,712886,240120,NA,NA,NA,NA,Rural,TERM_LOAN
Yes,328193,Business,Service Business,1521873,1398738,NA,NA,NA,NA,Rural,TERM_LOAN
Yes,184686,Business,Repair Shop,228981,195742,NA,NA,NA,NA,Rural,UNY
Yes,159048,Business,Tailoring,1485262,480516,NA,NA,NA,NA,Rural,TERM_LOAN
Yes,259589,Business,Tailoring,2859559,354602,NA,NA,NA,NA,Rural,TERM_LOAN
Yes,161412,Business,Repair Shop,2857755,1188558,NA,NA,NA,NA,Urban,TERM_LOAN
Yes,492755,Business,Fisheries,102746,39311,NA,NA,NA,NA,Rural,AMY
Yes,121492,Business,Grocery Shop,326527,80908,NA,NA,NA,NA,Rural,UNY
Yes,495198,Business,Small Manufacturing,191983,166705,NA,NA,NA,NA,Rural,UNY
Yes,293248,Business,Service Business,5000000,5000000,NA,NA,NA,NA,Urban,NO_ELIGIBLE_SCHEME
Yes,403107,Business,Small Manufacturing,69107,40343,NA,NA,NA,NA,Urban,MFS
Yes,272638,Business,Small Manufacturing,2036571,521723,NA,NA,NA,NA,Urban,TERM_LOAN
Yes,309709,Business,Tailoring,109920,60323,NA,NA,NA,NA,Urban,AMY
Yes,271912,Business,Poultry,101819,71636,NA,NA,NA,NA,Rural,AMY
Yes,178475,Business,Service Business,272310,140452,NA,NA,NA,NA,Rural,TERM_LOAN
Yes,363313,Education,NA,4449656,3433519,Graduate,BTech,Professional,Yes,Rural,ELS
Yes,298601,Business,Small Manufacturing,347796,255970,NA,NA,NA,NA,Urban,UNY
Yes,344430,Business,Small Manufacturing,136851,60324,NA,NA,NA,NA,Urban,MFS
Yes,183530,Business,Computer Centre,446610,79325,NA,NA,NA,NA,Rural,TERM_LOAN
Yes,453934,Business,Repair Shop,6898305,6444084,NA,NA,NA,NA,Urban,NO_ELIGIBLE_SCHEME
Yes,181693,Education,NA,1690394,1690394,12th,MBA,Management,Yes,Urban,ELS
Yes,95939,Business,Food Business,340025,285342,NA,NA,NA,NA,Urban,UNY
Yes,347317,Education,NA,3734727,2197128,Postgraduate,MBA,Technical,No,Rural,NO_ELIGIBLE_SCHEME
Yes,411046,Education,NA,1766936,1758054,12th,Nursing,Professional,No,Rural,NO_ELIGIBLE_SCHEME
Yes,370892,Business,Tailoring,121203,37400,NA,NA,NA,NA,Rural,MFS
Yes,113583,Business,Transport,3142638,2131119,NA,NA,NA,NA,Urban,TERM_LOAN
No,476747,Business,Fisheries,199738,273041,NA,NA,NA,NA,Rural,NO_ELIGIBLE_SCHEME
Yes,272364,Education,NA,975439,975439,12th,BCA,Technical,Yes,Rural,ELS
Yes,349038,Business,Food Business,54921,23597,NA,NA,NA,NA,Urban,AMY
Yes,202793,Business,Grocery Shop,135801,50850,NA,NA,NA,NA,Urban,AMY
Yes,256867,Education,NA,2544032,2544032,Graduate,MCA,Professional,Yes,Urban,ELS
Yes,275576,Education,NA,1960828,1960828,Graduate,Medical,Technical,Yes,Urban,ELS
Yes,406692,Business,Poultry,128789,80675,NA,NA,NA,NA,Rural,AMY
Yes,605742,Business,Repair Shop,260895,26488,NA,NA,NA,NA,Urban,NO_ELIGIBLE_SCHEME
Yes,260920,Business,Small Manufacturing,480282,218997,NA,NA,NA,NA,Rural,UNY
Yes,387712,Business,Tailoring,90559,36299,NA,NA,NA,NA,Urban,AMY
Yes,465710,Business,Food Business,124841,52558,NA,NA,NA,NA,Rural,MFS
Yes,247542,Business,Poultry,3749509,467123,NA,NA,NA,NA,Rural,TERM_LOAN
Yes,52603,Education,NA,2664811,133949,Postgraduate,MBA,Management,Yes,Urban,ELS
Yes,245095,Business,Service Business,262794,180261,NA,NA,NA,NA,Urban,UNY
Yes,378824,Business,Transport,6672216,5569237,NA,NA,NA,NA,Rural,NO_ELIGIBLE_SCHEME
Yes,606968,Business,Food Business,133470,154027,NA,NA,NA,NA,Urban,NO_ELIGIBLE_SCHEME
Yes,230014,Business,Transport,393390,118270,NA,NA,NA,NA,Rural,UNY
Yes,133895,Business,Computer Centre,307199,114389,NA,NA,NA,NA,Rural,UNY
Yes,227813,Business,Service Business,107025,99780,NA,NA,NA,NA,Urban,MFS
Yes,152116,Business,Repair Shop,4535758,2017369,NA,NA,NA,NA,Urban,TERM_LOAN
Yes,285984,Education,NA,2399601,2098678,12th,BTech,Management,No,Rural,NO_ELIGIBLE_SCHEME
Yes,247863,Business,Fisheries,36378,35310,NA,NA,NA,NA,Rural,AMY
Yes,226228,Business,Transport,33804,22742,NA,NA,NA,NA,Rural,MFS
Yes,494650,Business,Fisheries,229508,50267,NA,NA,NA,NA,Rural,UNY
Yes,158891,Business,Food Business,101845,75058,NA,NA,NA,NA,Urban,MFS
Yes,276137,Business,Poultry,122340,14062,NA,NA,NA,NA,Urban,MFS
Yes,236883,Business,Service Business,2989249,2276087,NA,NA,NA,NA,Urban,TERM_LOAN
Yes,133760,Business,Tailoring,95210,33111,NA,NA,NA,NA,Rural,MFS
Yes,434402,Business,Fisheries,135581,67503,NA,NA,NA,NA,Rural,MFS
Yes,366031,Business,Grocery Shop,69110,47221,NA,NA,NA,NA,Urban,MFS
Yes,88527,Business,Poultry,5000000,5000000,NA,NA,NA,NA,Urban,NO_ELIGIBLE_SCHEME
Yes,305024,Business,Service Business,4680617,1894565,NA,NA,NA,NA,Rural,TERM_LOAN
Yes,484271,Business,Tailoring,136386,62218,NA,NA,NA,NA,Urban,AMY
No,351826,Business,Small Manufacturing,80400,204213,NA,NA,NA,NA,Rural,NO_ELIGIBLE_SCHEME
Yes,402576,Education,NA,4379404,2038030,Graduate,Engineering,Medical,Yes,Rural,ELS
Yes,197211,Education,NA,833035,833035,Graduate,Pharmacy,Technical,Yes,Rural,ELS
Yes,223594,Education,NA,3641381,1335233,12th,Engineering,Medical,Yes,Urban,ELS
Yes,159853,Business,Computer Centre,2517158,1420527,NA,NA,NA,NA,Rural,TERM_LOAN
Yes,459899,Education,NA,978836,978836,Postgraduate,BCA,Management,Yes,Rural,ELS
Yes,169829,Business,Repair Shop,63413,32821,NA,NA,NA,NA,Urban,AMY
No,450668,Business,Repair Shop,148194,151682,NA,NA,NA,NA,Rural,NO_ELIGIBLE_SCHEME
Yes,422640,Business,Poultry,157129,107258,NA,NA,NA,NA,Urban,UNY
Yes,473061,Business,Poultry,203331,157557,NA,NA,NA,NA,Rural,UNY
Yes,160319,Business,Service Business,386467,68331,NA,NA,NA,NA,Urban,UNY
Yes,530010,Business,Food Business,346891,21563,NA,NA,NA,NA,Rural,NO_ELIGIBLE_SCHEME
Yes,216804,Education,NA,3143664,3143664,Graduate,BCA,Management,Yes,Rural,ELS
Yes,69760,Business,Grocery Shop,281104,232998,NA,NA,NA,NA,Urban,UNY
No,224132,Business,Transport,61020,317170,NA,NA,NA,NA,Urban,NO_ELIGIBLE_SCHEME
Yes,449469,Business,Small Manufacturing,449170,269651,NA,NA,NA,NA,Urban,UNY
Yes,498461,Business,Food Business,33315,21982,NA,NA,NA,NA,Urban,AMY
Yes,132492,Business,Repair Shop,1442763,114628,NA,NA,NA,NA,Rural,TERM_LOAN
Yes,470007,Business,Transport,69131,42168,NA,NA,NA,NA,Urban,MFS
Yes,299928,Business,Service Business,72373,56269,NA,NA,NA,NA,Urban,AMY
Yes,465743,Business,Computer Centre,2733491,1163457,NA,NA,NA,NA,Urban,TERM_LOAN
Yes,395725,Business,Transport,36029,35599,NA,NA,NA,NA,Urban,AMY
Yes,390703,Business,Computer Centre,6602436,5216395,NA,NA,NA,NA,Rural,NO_ELIGIBLE_SCHEME
Yes,311257,Education,NA,2670620,2670620,12th,MBA,Medical,Yes,Rural,ELS
Yes,75845,Business,Fisheries,97649,92660,NA,NA,NA,NA,Urban,MFS
Yes,259001,Business,Repair Shop,192627,142788,NA,NA,NA,NA,Rural,UNY
Yes,361952,Business,Food Business,3682182,1397592,NA,NA,NA,NA,Urban,TERM_LOAN
Yes,454687,Education,NA,2754650,68630,Graduate,Medical,Technical,Yes,Rural,ELS
Yes,380607,Education,NA,3506641,2643912,12th,MCA,Professional,Yes,Rural,ELS
Yes,255054,Education,NA,603970,603970,12th,Engineering,Professional,Yes,Urban,ELS
Yes,391378,Business,Small Manufacturing,7020401,6461619,NA,NA,NA,NA,Urban,NO_ELIGIBLE_SCHEME
No,246243,Business,Small Manufacturing,122643,371208,NA,NA,NA,NA,Urban,NO_ELIGIBLE_SCHEME
Yes,245916,Education,NA,2405595,2405595,12th,MBA,Technical,Yes,Urban,ELS
No,283106,Business,Grocery Shop,460091,336492,NA,NA,NA,NA,Rural,NO_ELIGIBLE_SCHEME
Yes,257805,Business,Food Business,250769,32090,NA,NA,NA,NA,Urban,UNY
Yes,166518,Business,Grocery Shop,3150138,810356,NA,NA,NA,NA,Urban,TERM_LOAN
Yes,296934,Business,Service Business,58922,14818,NA,NA,NA,NA,Urban,MFS
Yes,463841,Education,NA,1336743,1336743,Graduate,Law,Professional,Yes,Rural,ELS
Yes,133002,Business,Computer Centre,66294,10597,NA,NA,NA,NA,Rural,AMY
No,98587,Business,Tailoring,162924,394735,NA,NA,NA,NA,Urban,NO_ELIGIBLE_SCHEME
No,304112,Business,Tailoring,460394,101754,NA,NA,NA,NA,Urban,NO_ELIGIBLE_SCHEME
Yes,247236,Business,Computer Centre,4122381,504395,NA,NA,NA,NA,Urban,TERM_LOAN
Yes,197909,Business,Repair Shop,54371,16702,NA,NA,NA,NA,Rural,MFS
Yes,370497,Business,Small Manufacturing,166717,106515,NA,NA,NA,NA,Urban,UNY
Yes,245813,Business,Poultry,53338,35384,NA,NA,NA,NA,Urban,MFS
Yes,444000,Business,Repair Shop,4166670,770795,NA,NA,NA,NA,Urban,TERM_LOAN
Yes,93748,Business,Poultry,48161,24402,NA,NA,NA,NA,Urban,AMY
Yes,248515,Business,Transport,102154,94320,NA,NA,NA,NA,Rural,MFS
Yes,378470,Business,Transport,1650892,856830,NA,NA,NA,NA,Urban,TERM_LOAN
Yes,495107,Business,Tailoring,3180395,871149,NA,NA,NA,NA,Rural,TERM_LOAN
Yes,159005,Business,Grocery Shop,279001,131581,NA,NA,NA,NA,Rural,UNY
Yes,184832,Business,Computer Centre,4275750,3610131,NA,NA,NA,NA,Rural,TERM_LOAN
Yes,233297,Education,NA,2935773,2480113,Graduate,Engineering,Medical,Yes,Urban,ELS
Yes,80188,Business,Repair Shop,149952,29205,NA,NA,NA,NA,Urban,UNY
Yes,255770,Education,NA,3795076,3711373,Postgraduate,BCA,Technical,Yes,Rural,ELS
Yes,165548,Business,Tailoring,403921,59581,NA,NA,NA,NA,Rural,UNY
Yes,176157,Business,Computer Centre,1269446,320536,NA,NA,NA,NA,Rural,TERM_LOAN
Yes,485043,Education,NA,3213175,2794717,Postgraduate,MBA,Professional,Yes,Urban,ELS
Yes,129682,Business,Food Business,159067,31636,NA,NA,NA,NA,Rural,UNY
Yes,199348,Business,Service Business,4976462,4051905,NA,NA,NA,NA,Urban,TERM_LOAN
No,102552,Business,Tailoring,128468,93645,NA,NA,NA,NA,Rural,NO_ELIGIBLE_SCHEME
Yes,241186,Business,Tailoring,414666,197310,NA,NA,NA,NA,Rural,UNY
Yes,188944,Business,Fisheries,291841,32334,NA,NA,NA,NA,Rural,UNY
Yes,50362,Business,Repair Shop,3342442,1841666,NA,NA,NA,NA,Rural,TERM_LOAN
Yes,380800,Business,Tailoring,136578,57371,NA,NA,NA,NA,Rural,AMY
Yes,305255,Business,Food Business,76255,55224,NA,NA,NA,NA,Rural,MFS
Yes,629173,Business,Fisheries,257209,320997,NA,NA,NA,NA,Rural,NO_ELIGIBLE_SCHEME
Yes,324717,Business,Grocery Shop,131047,62037,NA,NA,NA,NA,Rural,MFS
Yes,300546,Business,Grocery Shop,103055,44472,NA,NA,NA,NA,Rural,AMY
Yes,192832,Business,Repair Shop,332320,180555,NA,NA,NA,NA,Urban,TERM_LOAN
Yes,409359,Business,Grocery Shop,361765,335554,NA,NA,NA,NA,Urban,UNY
Yes,363194,Education,NA,3378816,1840017,Graduate,BCA,Management,No,Urban,NO_ELIGIBLE_SCHEME
Yes,366818,Business,Fisheries,2350988,559698,NA,NA,NA,NA,Urban,TERM_LOAN
Yes,248916,Business,Grocery Shop,381859,252525,NA,NA,NA,NA,Rural,UNY
Yes,291001,Business,Fisheries,730669,663857,NA,NA,NA,NA,Urban,TERM_LOAN
Yes,317441,Education,NA,2378768,3990263,Graduate,Law,Management,No,Rural,NO_ELIGIBLE_SCHEME
Yes,167186,Business,Service Business,320056,195996,NA,NA,NA,NA,Urban,UNY
Yes,157442,Education,NA,1887152,1887152,Graduate,Law,Management,Yes,Urban,ELS
Yes,63937,Business,Food Business,5000000,5000000,NA,NA,NA,NA,Rural,NO_ELIGIBLE_SCHEME
Yes,276487,Business,Transport,169892,82498,NA,NA,NA,NA,Urban,UNY
Yes,128682,Business,Transport,116122,105192,NA,NA,NA,NA,Rural,AMY
Yes,239319,Business,Computer Centre,99243,11581,NA,NA,NA,NA,Rural,MFS
Yes,261421,Business,Poultry,6852138,5852253,NA,NA,NA,NA,Urban,NO_ELIGIBLE_SCHEME
Yes,472508,Business,Tailoring,95976,86183,NA,NA,NA,NA,Urban,AMY
Yes,236673,Business,Small Manufacturing,203042,143303,NA,NA,NA,NA,Rural,UNY
Yes,437637,Business,Service Business,498365,304289,NA,NA,NA,NA,Urban,UNY
Yes,364781,Education,NA,1936642,139467,12th,Nursing,Professional,Yes,Rural,ELS
Yes,319390,Business,Transport,7487417,5407860,NA,NA,NA,NA,Rural,NO_ELIGIBLE_SCHEME
Yes,475458,Business,Poultry,112802,33891,NA,NA,NA,NA,Rural,MFS
Yes,57766,Business,Poultry,2681170,701345,NA,NA,NA,NA,Rural,TERM_LOAN
Yes,344975,Education,NA,1830983,977213,Graduate,BTech,Technical,No,Rural,NO_ELIGIBLE_SCHEME
Yes,491070,Business,Service Business,155625,91574,NA,NA,NA,NA,Urban,UNY
Yes,486230,Business,Poultry,81910,13816,NA,NA,NA,NA,Rural,MFS
Yes,443510,Business,Repair Shop,6331105,5295731,NA,NA,NA,NA,Urban,NO_ELIGIBLE_SCHEME
Yes,375237,Education,NA,3234935,1692459,Postgraduate,Law,Medical,Yes,Urban,ELS
Yes,159700,Business,Grocery Shop,406916,306749,NA,NA,NA,NA,Rural,UNY
Yes,429244,Business,Computer Centre,361508,354855,NA,NA,NA,NA,Rural,UNY
Yes,299280,Business,Tailoring,48786,20801,NA,NA,NA,NA,Urban,AMY
No,282408,Business,Small Manufacturing,274292,254481,NA,NA,NA,NA,Urban,NO_ELIGIBLE_SCHEME
Yes,483734,Business,Small Manufacturing,205590,173998,NA,NA,NA,NA,Rural,UNY
Yes,290966,Business,Computer Centre,40481,31935,NA,NA,NA,NA,Urban,AMY
Yes,249238,Business,Transport,56167,40809,NA,NA,NA,NA,Rural,AMY
Yes,409568,Business,Transport,2818829,2174592,NA,NA,NA,NA,Rural,TERM_LOAN
Yes,234005,Business,Small Manufacturing,4885642,1782624,NA,NA,NA,NA,Rural,TERM_LOAN
Yes,125630,Education,NA,1105005,84748,Postgraduate,Medical,Medical,Yes,Urban,ELS
Yes,435313,Business,Transport,96229,89874,NA,NA,NA,NA,Rural,AMY
Yes,424673,Business,Food Business,296939,136242,NA,NA,NA,NA,Rural,UNY
Yes,391076,Business,Repair Shop,290728,114234,NA,NA,NA,NA,Urban,UNY
Yes,190172,Business,Small Manufacturing,72003,33115,NA,NA,NA,NA,Urban,MFS
Yes,390886,Business,Fisheries,310802,214688,NA,NA,NA,NA,Rural,UNY
Yes,188071,Business,Fisheries,121857,119075,NA,NA,NA,NA,Urban,MFS
Yes,152248,Business,Service Business,71541,27641,NA,NA,NA,NA,Urban,AMY
Yes,148100,Business,Computer Centre,114919,23134,NA,NA,NA,NA,Urban,AMY
Yes,498970,Business,Food Business,45007,22816,NA,NA,NA,NA,Rural,AMY
Yes,151879,Business,Tailoring,189681,159698,NA,NA,NA,NA,Urban,UNY
Yes,276901,Education,NA,2739679,2739679,Graduate,Engineering,Technical,Yes,Rural,ELS
Yes,159018,Business,Repair Shop,7910672,6410100,NA,NA,NA,NA,Urban,NO_ELIGIBLE_SCHEME
Yes,454984,Business,Tailoring,4553683,1893472,NA,NA,NA,NA,Rural,TERM_LOAN
Yes,277794,Business,Grocery Shop,62044,15650,NA,NA,NA,NA,Urban,MFS
Yes,441185,Business,Transport,4459289,2269262,NA,NA,NA,NA,Urban,TERM_LOAN
Yes,371540,Business,Repair Shop,3653867,1456299,NA,NA,NA,NA,Rural,TERM_LOAN
Yes,494947,Business,Service Business,34081,14678,NA,NA,NA,NA,Urban,MFS
Yes,95497,Education,NA,793490,1473814,Postgraduate,MCA,Professional,No,Urban,NO_ELIGIBLE_SCHEME
Yes,307949,Education,NA,1831458,1831458,12th,BCA,Management,Yes,Rural,ELS
Yes,143974,Business,Repair Shop,335780,92606,NA,NA,NA,NA,Urban,UNY
Yes,66054,Business,Transport,1947683,1820793,NA,NA,NA,NA,Urban,TERM_LOAN
Yes,415531,Business,Small Manufacturing,54901,36822,NA,NA,NA,NA,Urban,MFS
Yes,62658,Business,Computer Centre,104308,33689,NA,NA,NA,NA,Rural,AMY
Yes,380745,Business,Service Business,37503,35803,NA,NA,NA,NA,Rural,AMY
Yes,423839,Education,NA,133367,133367,12th,Medical,Professional,Yes,Urban,ELS
Yes,180781,Education,NA,1703643,1386928,Graduate,BCA,Technical,Yes,Urban,ELS
Yes,390556,Business,Repair Shop,82171,51207,NA,NA,NA,NA,Rural,MFS
No,114494,Business,Fisheries,99792,81327,NA,NA,NA,NA,Rural,NO_ELIGIBLE_SCHEME
Yes,252609,Education,NA,1132156,718945,Graduate,MCA,Technical,Yes,Urban,ELS
Yes,327389,Business,Fisheries,1364826,113914,NA,NA,NA,NA,Urban,TERM_LOAN
Yes,292532,Education,NA,2786658,2173578,12th,Engineering,Medical,Yes,Rural,ELS
Yes,667332,Business,Computer Centre,148605,181847,NA,NA,NA,NA,Rural,NO_ELIGIBLE_SCHEME
Yes,610627,Business,Tailoring,64955,112982,NA,NA,NA,NA,Urban,NO_ELIGIBLE_SCHEME
Yes,231813,Business,Repair Shop,114711,69809,NA,NA,NA,NA,Urban,AMY
Yes,320930,Education,NA,1718670,1718670,Postgraduate,Medical,Technical,Yes,Rural,ELS
Yes,532350,Business,Grocery Shop,429678,166063,NA,NA,NA,NA,Urban,NO_ELIGIBLE_SCHEME
Yes,452018,Business,Fisheries,116884,76010,NA,NA,NA,NA,Rural,AMY
Yes,185155,Business,Repair Shop,294810,193653,NA,NA,NA,NA,Rural,UNY
Yes,468731,Business,Grocery Shop,150204,97805,NA,NA,NA,NA,Urban,UNY
Yes,484341,Business,Computer Centre,7015165,6077772,NA,NA,NA,NA,Rural,NO_ELIGIBLE_SCHEME
Yes,56089,Business,Poultry,173953,141377,NA,NA,NA,NA,Urban,UNY
Yes,423082,Business,Fisheries,1126023,908362,NA,NA,NA,NA,Rural,TERM_LOAN
Yes,267376,Business,Computer Centre,116652,40191,NA,NA,NA,NA,Rural,MFS
Yes,60642,Business,Grocery Shop,127832,62915,NA,NA,NA,NA,Rural,AMY
Yes,55815,Business,Small Manufacturing,442444,82669,NA,NA,NA,NA,Urban,UNY
Yes,458550,Education,NA,2611250,2611250,Graduate,MCA,Technical,Yes,Urban,ELS
Yes,449285,Business,Grocery Shop,194153,52896,NA,NA,NA,NA,Urban,UNY
Yes,132260,Business,Poultry,348739,237936,NA,NA,NA,NA,Urban,UNY
Yes,265395,Business,Service Business,37077,21358,NA,NA,NA,NA,Urban,AMY
Yes,410909,Business,Fisheries,183593,42995,NA,NA,NA,NA,Rural,UNY
Yes,259758,Business,Service Business,214188,207621,NA,NA,NA,NA,Urban,UNY
Yes,405646,Education,NA,1388297,1224952,12th,Pharmacy,Management,Yes,Urban,ELS
Yes,295595,Business,Food Business,137027,100757,NA,NA,NA,NA,Urban,AMY
Yes,230037,Business,Grocery Shop,4170707,3531842,NA,NA,NA,NA,Rural,TERM_LOAN
Yes,491928,Business,Tailoring,7122534,6864424,NA,NA,NA,NA,Urban,NO_ELIGIBLE_SCHEME
Yes,307676,Business,Transport,122544,31514,NA,NA,NA,NA,Rural,MFS
Yes,194396,Business,Transport,34910,15642,NA,NA,NA,NA,Rural,MFS
Yes,303640,Business,Food Business,4800458,1450203,NA,NA,NA,NA,Urban,TERM_LOAN
Yes,260254,Education,NA,3644353,627301,Postgraduate,Law,Medical,Yes,Rural,ELS
Yes,173504,Business,Poultry,360416,105091,NA,NA,NA,NA,Urban,UNY
Yes,387224,Education,NA,2071470,275042,Graduate,MBA,Technical,Yes,Urban,ELS
Yes,303877,Business,Small Manufacturing,113586,55705,NA,NA,NA,NA,Rural,AMY
No,95692,Business,Computer Centre,250026,354085,NA,NA,NA,NA,Urban,NO_ELIGIBLE_SCHEME
Yes,307308,Business,Food Business,141458,76462,NA,NA,NA,NA,Urban,UNY
Yes,285288,Education,NA,150051,72835,Graduate,Pharmacy,Technical,Yes,Urban,ELS
Yes,178290,Education,NA,2641539,2482082,12th,BTech,Medical,Yes,Urban,ELS
No,499637,Business,Transport,98588,371494,NA,NA,NA,NA,Urban,NO_ELIGIBLE_SCHEME
Yes,287779,Education,NA,1192936,1192936,12th,Nursing,Management,Yes,Urban,ELS
Yes,440965,Business,Fisheries,34782,17163,NA,NA,NA,NA,Urban,AMY
Yes,468010,Business,Small Manufacturing,4508552,868356,NA,NA,NA,NA,Urban,TERM_LOAN
Yes,484288,Business,Poultry,3520542,2489115,NA,NA,NA,NA,Urban,TERM_LOAN
Yes,451331,Business,Poultry,5000000,5000000,NA,NA,NA,NA,Urban,NO_ELIGIBLE_SCHEME
Yes,496162,Business,Transport,96517,38194,NA,NA,NA,NA,Rural,AMY
Yes,372045,Business,Small Manufacturing,485109,317093,NA,NA,NA,NA,Urban,TERM_LOAN
Yes,169537,Business,Food Business,219432,69895,NA,NA,NA,NA,Rural,UNY
Yes,71166,Business,Transport,5000000,5000000,NA,NA,NA,NA,Urban,NO_ELIGIBLE_SCHEME
Yes,182759,Business,Computer Centre,403960,195026,NA,NA,NA,NA,Urban,UNY
Yes,369492,Education,NA,1258434,1258434,Graduate,Medical,Management,Yes,Urban,ELS
Yes,345550,Business,Fisheries,1044071,627778,NA,NA,NA,NA,Rural,TERM_LOAN
Yes,397343,Education,NA,730501,730501,Graduate,MCA,Technical,Yes,Rural,ELS
Yes,212360,Business,Computer Centre,1927168,1611908,NA,NA,NA,NA,Rural,TERM_LOAN
Yes,98465,Business,Transport,138861,17044,NA,NA,NA,NA,Urban,AMY
Yes,492251,Business,Tailoring,2421529,2061605,NA,NA,NA,NA,Rural,TERM_LOAN
Yes,107440,Business,Repair Shop,7281986,6839970,NA,NA,NA,NA,Rural,NO_ELIGIBLE_SCHEME
Yes,613436,Business,Food Business,105313,30628,NA,NA,NA,NA,Rural,NO_ELIGIBLE_SCHEME
No,61182,Business,Tailoring,109121,177394,NA,NA,NA,NA,Urban,NO_ELIGIBLE_SCHEME
Yes,91951,Business,Computer Centre,132405,73068,NA,NA,NA,NA,Urban,AMY
No,266696,Business,Computer Centre,51430,71027,NA,NA,NA,NA,Rural,NO_ELIGIBLE_SCHEME
Yes,159179,Business,Poultry,337042,36850,NA,NA,NA,NA,Urban,UNY
No,423497,Business,Transport,235876,64160,NA,NA,NA,NA,Urban,NO_ELIGIBLE_SCHEME
Yes,94298,Business,Tailoring,69375,64209,NA,NA,NA,NA,Urban,AMY
Yes,217473,Business,Food Business,2060954,1779639,NA,NA,NA,NA,Rural,TERM_LOAN
Yes,388606,Business,Fisheries,138021,116263,NA,NA,NA,NA,Rural,AMY
Yes,376089,Business,Service Business,50019,29841,NA,NA,NA,NA,Rural,MFS
Yes,349391,Business,Poultry,141410,49483,NA,NA,NA,NA,Urban,UNY
Yes,350987,Business,Fisheries,107307,49171,NA,NA,NA,NA,Rural,AMY
Yes,343871,Education,NA,2081423,2081423,Postgraduate,BCA,Technical,Yes,Urban,ELS
Yes,315888,Business,Transport,7894201,5524655,NA,NA,NA,NA,Rural,NO_ELIGIBLE_SCHEME
Yes,265061,Business,Repair Shop,2216863,1912549,NA,NA,NA,NA,Rural,TERM_LOAN
Yes,245664,Business,Tailoring,96287,69770,NA,NA,NA,NA,Urban,MFS
Yes,169754,Education,NA,1481513,1481513,12th,Pharmacy,Professional,Yes,Rural,ELS
Yes,383854,Business,Service Business,443710,226378,NA,NA,NA,NA,Rural,UNY
Yes,303810,Business,Service Business,72141,46782,NA,NA,NA,NA,Urban,AMY
Yes,307912,Business,Small Manufacturing,354251,51370,NA,NA,NA,NA,Rural,TERM_LOAN
Yes,246607,Business,Fisheries,114866,75136,NA,NA,NA,NA,Urban,AMY
Yes,285817,Business,Computer Centre,114765,20363,NA,NA,NA,NA,Rural,MFS
Yes,411086,Business,Small Manufacturing,422631,73025,NA,NA,NA,NA,Rural,UNY
Yes,325866,Business,Small Manufacturing,2346825,606946,NA,NA,NA,NA,Rural,TERM_LOAN
No,175073,Business,Food Business,308051,374400,NA,NA,NA,NA,Urban,NO_ELIGIBLE_SCHEME
Yes,300323,Business,Computer Centre,54219,19215,NA,NA,NA,NA,Rural,MFS
Yes,395711,Business,Poultry,42214,25802,NA,NA,NA,NA,Rural,MFS
Yes,274375,Business,Fisheries,68088,66057,NA,NA,NA,NA,Rural,MFS
Yes,229627,Education,NA,1368765,935963,Graduate,Medical,Medical,Yes,Urban,ELS
Yes,307673,Business,Tailoring,82664,15896,NA,NA,NA,NA,Urban,MFS
No,178654,Business,Fisheries,387646,386911,NA,NA,NA,NA,Urban,NO_ELIGIBLE_SCHEME
Yes,299843,Business,Grocery Shop,58241,26665,NA,NA,NA,NA,Urban,MFS
Yes,380839,Business,Service Business,110396,59845,NA,NA,NA,NA,Rural,AMY
Yes,413853,Business,Food Business,434888,131637,NA,NA,NA,NA,Urban,UNY
Yes,429172,Education,NA,3245361,75710,Postgraduate,Law,Medical,Yes,Urban,ELS
Yes,167841,Education,NA,260706,260706,12th,BCA,Management,Yes,Urban,ELS
Yes,372125,Business,Grocery Shop,7232301,6060610,NA,NA,NA,NA,Urban,NO_ELIGIBLE_SCHEME
Yes,309844,Business,Poultry,179621,127196,NA,NA,NA,NA,Rural,UNY
Yes,63492,Business,Fisheries,56171,16356,NA,NA,NA,NA,Rural,MFS
Yes,353458,Education,NA,2829275,2829275,Graduate,Medical,Technical,Yes,Rural,ELS
Yes,399291,Business,Transport,186998,154235,NA,NA,NA,NA,Urban,UNY
Yes,395565,Business,Repair Shop,5000000,5000000,NA,NA,NA,NA,Urban,NO_ELIGIBLE_SCHEME
Yes,421110,Education,NA,2738649,1209501,12th,Pharmacy,Professional,No,Urban,NO_ELIGIBLE_SCHEME
Yes,417858,Business,Small Manufacturing,133641,57124,NA,NA,NA,NA,Rural,MFS
Yes,485024,Business,Poultry,310394,288738,NA,NA,NA,NA,Urban,UNY
Yes,408562,Business,Poultry,4557134,3286087,NA,NA,NA,NA,Urban,TERM_LOAN
Yes,116880,Business,Food Business,1982059,1129968,NA,NA,NA,NA,Urban,TERM_LOAN
Yes,302339,Business,Food Business,3624951,2958915,NA,NA,NA,NA,Rural,TERM_LOAN
Yes,197275,Business,Small Manufacturing,2674993,2326857,NA,NA,NA,NA,Rural,TERM_LOAN
Yes,284504,Business,Grocery Shop,315664,307630,NA,NA,NA,NA,Urban,UNY
Yes,262731,Business,Service Business,3122249,767717,NA,NA,NA,NA,Urban,TERM_LOAN
Yes,58231,Education,NA,3336417,1046574,Graduate,Pharmacy,Management,Yes,Urban,ELS
Yes,294684,Business,Repair Shop,63029,24300,NA,NA,NA,NA,Urban,MFS
Yes,173201,Business,Tailoring,395662,114457,NA,NA,NA,NA,Rural,UNY
Yes,489091,Business,Fisheries,394367,202653,NA,NA,NA,NA,Rural,UNY
Yes,253531,Business,Tailoring,463893,48451,NA,NA,NA,NA,Urban,UNY
Yes,425400,Business,Small Manufacturing,103563,36062,NA,NA,NA,NA,Urban,MFS
Yes,446795,Business,Food Business,82948,74858,NA,NA,NA,NA,Urban,AMY
Yes,72319,Business,Small Manufacturing,366494,280528,NA,NA,NA,NA,Urban,UNY
Yes,210109,Business,Computer Centre,70265,42884,NA,NA,NA,NA,Urban,AMY
Yes,455010,Education,NA,2411297,2934631,12th,BCA,Management,No,Urban,NO_ELIGIBLE_SCHEME
Yes,159976,Business,Fisheries,58329,32812,NA,NA,NA,NA,Rural,AMY
Yes,386869,Business,Computer Centre,80760,52233,NA,NA,NA,NA,Rural,AMY
Yes,286380,Business,Small Manufacturing,449820,193317,NA,NA,NA,NA,Urban,UNY
Yes,391787,Education,NA,1727343,319320,12th,MBA,Medical,Yes,Urban,ELS
Yes,159628,Business,Poultry,4879039,3713554,NA,NA,NA,NA,Urban,TERM_LOAN
Yes,230437,Business,Grocery Shop,2728528,2155883,NA,NA,NA,NA,Urban,TERM_LOAN
Yes,337337,Business,Food Business,3707863,1844142,NA,NA,NA,NA,Rural,TERM_LOAN
Yes,344722,Business,Service Business,69326,26447,NA,NA,NA,NA,Rural,MFS
Yes,124668,Business,Poultry,5000000,5000000,NA,NA,NA,NA,Rural,NO_ELIGIBLE_SCHEME
Yes,480750,Business,Food Business,63728,60027,NA,NA,NA,NA,Urban,MFS
Yes,487968,Business,Service Business,117523,99385,NA,NA,NA,NA,Urban,AMY
Yes,376860,Business,Service Business,263323,137711,NA,NA,NA,NA,Urban,UNY
Yes,412028,Business,Fisheries,81877,53449,NA,NA,NA,NA,Rural,MFS
Yes,472354,Education,NA,3810336,1893904,Graduate,Pharmacy,Technical,No,Urban,NO_ELIGIBLE_SCHEME
Yes,422228,Business,Poultry,6731592,5875395,NA,NA,NA,NA,Urban,NO_ELIGIBLE_SCHEME
Yes,103688,Business,Poultry,481522,392819,NA,NA,NA,NA,Rural,UNY
Yes,383157,Education,NA,3673721,3673721,12th,MBA,Technical,Yes,Rural,ELS
Yes,230106,Business,Tailoring,4791358,2816306,NA,NA,NA,NA,Urban,TERM_LOAN
Yes,313298,Business,Transport,594913,244006,NA,NA,NA,NA,Urban,TERM_LOAN
Yes,132738,Education,NA,3779144,2735235,12th,MBA,Professional,Yes,Rural,ELS
Yes,414107,Education,NA,2733487,1210624,12th,Law,Professional,No,Urban,NO_ELIGIBLE_SCHEME
Yes,429849,Business,Fisheries,291396,57354,NA,NA,NA,NA,Urban,UNY
Yes,358110,Education,NA,3467635,2355859,Graduate,BCA,Technical,Yes,Urban,ELS
Yes,77056,Business,Fisheries,3620886,665224,NA,NA,NA,NA,Urban,TERM_LOAN
Yes,432631,Business,Transport,88465,40372,NA,NA,NA,NA,Urban,AMY
Yes,57816,Business,Grocery Shop,222993,199761,NA,NA,NA,NA,Urban,UNY
Yes,468148,Business,Transport,4547043,1881596,NA,NA,NA,NA,Urban,TERM_LOAN
Yes,386759,Business,Fisheries,139747,99245,NA,NA,NA,NA,Rural,AMY
Yes,113658,Business,Fisheries,146479,64466,NA,NA,NA,NA,Urban,UNY
Yes,266822,Business,Grocery Shop,2647321,2052021,NA,NA,NA,NA,Rural,TERM_LOAN
Yes,444009,Education,NA,4129003,2520396,Postgraduate,BCA,Professional,Yes,Rural,ELS
Yes,600823,Business,Repair Shop,315466,74280,NA,NA,NA,NA,Rural,NO_ELIGIBLE_SCHEME
Yes,60290,Business,Food Business,93576,71799,NA,NA,NA,NA,Rural,MFS
Yes,218941,Business,Repair Shop,147322,101436,NA,NA,NA,NA,Rural,UNY
Yes,331678,Business,Transport,45549,21696,NA,NA,NA,NA,Rural,MFS
Yes,417061,Business,Poultry,129308,72535,NA,NA,NA,NA,Rural,AMY
Yes,476701,Business,Computer Centre,158026,107573,NA,NA,NA,NA,Rural,UNY
Yes,480608,Business,Food Business,413637,381760,NA,NA,NA,NA,Rural,UNY
Yes,290528,Business,Small Manufacturing,2622292,2161113,NA,NA,NA,NA,Rural,TERM_LOAN
Yes,99798,Business,Food Business,2901512,2800994,NA,NA,NA,NA,Urban,TERM_LOAN
Yes,312931,Business,Poultry,1613066,1175870,NA,NA,NA,NA,Urban,TERM_LOAN
Yes,227444,Education,NA,2923131,2923131,Postgraduate,Medical,Technical,Yes,Rural,ELS
Yes,268932,Business,Grocery Shop,6063493,6132341,NA,NA,NA,NA,Urban,NO_ELIGIBLE_SCHEME
Yes,386935,Business,Small Manufacturing,84949,36143,NA,NA,NA,NA,Rural,MFS
Yes,302903,Business,Transport,101820,30843,NA,NA,NA,NA,Rural,MFS
Yes,684257,Business,Service Business,141965,76855,NA,NA,NA,NA,Rural,NO_ELIGIBLE_SCHEME
Yes,420833,Business,Poultry,113307,70258,NA,NA,NA,NA,Urban,MFS
Yes,165840,Business,Service Business,4939678,368902,NA,NA,NA,NA,Urban,TERM_LOAN
Yes,291303,Business,Computer Centre,45931,42087,NA,NA,NA,NA,Rural,AMY
Yes,67227,Business,Poultry,90248,14716,NA,NA,NA,NA,Urban,MFS
Yes,167949,Business,Grocery Shop,5000000,5000000,NA,NA,NA,NA,Urban,NO_ELIGIBLE_SCHEME
Yes,82259,Business,Computer Centre,459866,390528,NA,NA,NA,NA,Rural,UNY
Yes,268081,Business,Transport,2582229,1135008,NA,NA,NA,NA,Urban,TERM_LOAN
Yes,477658,Business,Transport,121213,43853,NA,NA,NA,NA,Rural,AMY
Yes,394242,Business,Grocery Shop,116190,26040,NA,NA,NA,NA,Rural,AMY
Yes,235846,Business,Grocery Shop,112180,76518,NA,NA,NA,NA,Rural,MFS
Yes,357210,Business,Poultry,319253,76269,NA,NA,NA,NA,Rural,UNY
Yes,449312,Business,Computer Centre,42924,40768,NA,NA,NA,NA,Rural,MFS
Yes,301168,Business,Repair Shop,2741256,2134152,NA,NA,NA,NA,Rural,TERM_LOAN
Yes,276595,Business,Tailoring,213587,197454,NA,NA,NA,NA,Rural,UNY
Yes,389534,Business,Poultry,90755,39390,NA,NA,NA,NA,Urban,MFS
Yes,680043,Business,Computer Centre,186940,232446,NA,NA,NA,NA,Urban,NO_ELIGIBLE_SCHEME
Yes,120416,Education,NA,2090263,1143936,Graduate,BCA,Professional,Yes,Urban,ELS
Yes,242978,Business,Tailoring,63713,20506,NA,NA,NA,NA,Urban,AMY
Yes,364425,Business,Computer Centre,119545,30273,NA,NA,NA,NA,Rural,AMY
Yes,272648,Education,NA,1706302,347309,Graduate,Engineering,Technical,No,Rural,NO_ELIGIBLE_SCHEME
Yes,263133,Business,Small Manufacturing,3399277,328624,NA,NA,NA,NA,Urban,TERM_LOAN
Yes,137233,Business,Repair Shop,51499,43567,NA,NA,NA,NA,Rural,AMY
Yes,422452,Business,Poultry,118129,27389,NA,NA,NA,NA,Urban,MFS
Yes,222641,Business,Food Business,6711879,5467086,NA,NA,NA,NA,Urban,NO_ELIGIBLE_SCHEME
Yes,172381,Business,Repair Shop,39329,32524,NA,NA,NA,NA,Rural,MFS
Yes,114472,Education,NA,2540312,365078,Graduate,Law,Professional,Yes,Urban,ELS
Yes,487409,Business,Small Manufacturing,459688,282784,NA,NA,NA,NA,Rural,UNY
Yes,430626,Business,Fisheries,81949,50043,NA,NA,NA,NA,Urban,MFS
Yes,380079,Business,Poultry,5000000,5000000,NA,NA,NA,NA,Urban,NO_ELIGIBLE_SCHEME
Yes,437792,Business,Transport,79807,30221,NA,NA,NA,NA,Urban,MFS
Yes,167568,Business,Grocery Shop,50280,41600,NA,NA,NA,NA,Urban,MFS
Yes,129700,Business,Poultry,43303,20473,NA,NA,NA,NA,Urban,AMY
Yes,233460,Business,Grocery Shop,7682911,5905211,NA,NA,NA,NA,Rural,NO_ELIGIBLE_SCHEME
Yes,241520,Business,Service Business,79369,59613,NA,NA,NA,NA,Rural,MFS
Yes,294728,Business,Repair Shop,7295827,6952817,NA,NA,NA,NA,Urban,NO_ELIGIBLE_SCHEME
Yes,306287,Business,Repair Shop,102401,35284,NA,NA,NA,NA,Urban,AMY
Yes,120634,Business,Small Manufacturing,46762,20559,NA,NA,NA,NA,Rural,MFS
Yes,644799,Business,Repair Shop,171141,251504,NA,NA,NA,NA,Rural,NO_ELIGIBLE_SCHEME
Yes,148648,Business,Grocery Shop,127069,87620,NA,NA,NA,NA,Urban,AMY
Yes,356151,Education,NA,2176221,560193,Graduate,MCA,Professional,Yes,Urban,ELS
Yes,182498,Business,Grocery Shop,3275799,1217896,NA,NA,NA,NA,Rural,TERM_LOAN
Yes,243289,Education,NA,3306105,3306105,12th,BTech,Medical,Yes,Urban,ELS
Yes,280149,Business,Computer Centre,3589350,1120957,NA,NA,NA,NA,Urban,TERM_LOAN
Yes,440315,Business,Tailoring,5000000,5000000,NA,NA,NA,NA,Rural,NO_ELIGIBLE_SCHEME
Yes,330482,Business,Service Business,263907,150501,NA,NA,NA,NA,Rural,UNY
Yes,169529,Business,Grocery Shop,463726,259885,NA,NA,NA,NA,Urban,TERM_LOAN
Yes,382883,Education,NA,2065549,2065549,12th,BTech,Management,Yes,Urban,ELS
Yes,402431,Business,Food Business,245040,50978,NA,NA,NA,NA,Urban,TERM_LOAN
Yes,738253,Business,Food Business,400325,134397,NA,NA,NA,NA,Rural,NO_ELIGIBLE_SCHEME
Yes,290401,Business,Computer Centre,221900,83413,NA,NA,NA,NA,Rural,UNY
Yes,50271,Education,NA,722976,722976,12th,BCA,Technical,Yes,Rural,ELS
Yes,306428,Business,Computer Centre,830123,808286,NA,NA,NA,NA,Urban,TERM_LOAN
Yes,140525,Business,Poultry,398994,78489,NA,NA,NA,NA,Rural,UNY
Yes,116189,Business,Small Manufacturing,94923,14852,NA,NA,NA,NA,Urban,MFS
Yes,411438,Business,Grocery Shop,80002,37004,NA,NA,NA,NA,Urban,AMY
Yes,361258,Business,Transport,219135,87336,NA,NA,NA,NA,Rural,UNY
Yes,797023,Business,Small Manufacturing,81310,367683,NA,NA,NA,NA,Rural,NO_ELIGIBLE_SCHEME
Yes,185175,Education,NA,149535,149535,12th,BCA,Professional,Yes,Urban,ELS
Yes,187947,Business,Food Business,121817,50191,NA,NA,NA,NA,Urban,AMY
Yes,359572,Business,Tailoring,38050,10922,NA,NA,NA,NA,Rural,MFS
Yes,241237,Business,Small Manufacturing,3805427,3587815,NA,NA,NA,NA,Rural,TERM_LOAN
Yes,378528,Business,Grocery Shop,64502,58073,NA,NA,NA,NA,Rural,MFS
Yes,62062,Business,Poultry,96688,24879,NA,NA,NA,NA,Rural,AMY
Yes,252544,Education,NA,110971,110971,12th,Engineering,Management,Yes,Rural,ELS
Yes,358423,Education,NA,3751072,382941,12th,MBA,Medical,Yes,Urban,ELS
Yes,451781,Business,Tailoring,5000000,5000000,NA,NA,NA,NA,Rural,NO_ELIGIBLE_SCHEME
Yes,783990,Business,Small Manufacturing,176351,229252,NA,NA,NA,NA,Urban,NO_ELIGIBLE_SCHEME
No,289328,Business,Transport,274229,243743,NA,NA,NA,NA,Rural,NO_ELIGIBLE_SCHEME
Yes,154049,Business,Grocery Shop,226235,34196,NA,NA,NA,NA,Rural,UNY
Yes,386148,Business,Grocery Shop,307419,152909,NA,NA,NA,NA,Rural,UNY
Yes,219701,Business,Food Business,101253,55569,NA,NA,NA,NA,Urban,MFS
Yes,159615,Business,Fisheries,2287702,1336591,NA,NA,NA,NA,Rural,TERM_LOAN
Yes,224532,Education,NA,873803,873803,12th,Nursing,Technical,Yes,Urban,ELS
Yes,396724,Business,Tailoring,72158,34219,NA,NA,NA,NA,Urban,AMY
Yes,92233,Business,Transport,149195,79835,NA,NA,NA,NA,Urban,UNY
Yes,176139,Education,NA,4188743,2521215,Postgraduate,Nursing,Medical,Yes,Urban,ELS
Yes,55874,Business,Small Manufacturing,342498,88807,NA,NA,NA,NA,Rural,UNY
Yes,239838,Business,Food Business,175750,103510,NA,NA,NA,NA,Rural,TERM_LOAN
Yes,468759,Business,Poultry,294806,263457,NA,NA,NA,NA,Rural,UNY
Yes,210257,Education,NA,2439814,2439814,Postgraduate,BTech,Management,Yes,Rural,ELS
Yes,440719,Business,Tailoring,45559,42595,NA,NA,NA,NA,Rural,MFS
Yes,184035,Business,Service Business,6846987,5063922,NA,NA,NA,NA,Rural,NO_ELIGIBLE_SCHEME
Yes,60566,Business,Tailoring,96127,64444,NA,NA,NA,NA,Rural,AMY
Yes,468482,Business,Food Business,234920,224763,NA,NA,NA,NA,Urban,UNY
Yes,353853,Business,Small Manufacturing,451124,244676,NA,NA,NA,NA,Rural,UNY
Yes,186758,Business,Tailoring,58607,40650,NA,NA,NA,NA,Rural,AMY
Yes,412694,Business,Computer Centre,41854,36068,NA,NA,NA,NA,Rural,AMY
Yes,214457,Business,Transport,125491,113078,NA,NA,NA,NA,Rural,MFS
Yes,646937,Business,Poultry,134437,330728,NA,NA,NA,NA,Urban,NO_ELIGIBLE_SCHEME
Yes,252160,Business,Repair Shop,103615,18681,NA,NA,NA,NA,Rural,AMY
Yes,526489,Business,Tailoring,322526,193943,NA,NA,NA,NA,Rural,NO_ELIGIBLE_SCHEME
Yes,165886,Education,NA,2446090,560715,12th,BTech,Professional,Yes,Rural,ELS
Yes,342450,Business,Computer Centre,409619,301186,NA,NA,NA,NA,Urban,UNY
Yes,120757,Education,NA,2084712,2084712,12th,Medical,Professional,Yes,Urban,ELS
Yes,226926,Business,Tailoring,364608,42441,NA,NA,NA,NA,Rural,UNY
Yes,55385,Business,Grocery Shop,69537,53750,NA,NA,NA,NA,Rural,MFS
Yes,203740,Education,NA,3069529,2084388,Graduate,Law,Technical,Yes,Urban,ELS
Yes,759906,Business,Repair Shop,334154,89930,NA,NA,NA,NA,Rural,NO_ELIGIBLE_SCHEME
Yes,247575,Business,Repair Shop,2529611,1440401,NA,NA,NA,NA,Urban,TERM_LOAN
Yes,228767,Business,Fisheries,1411922,1130952,NA,NA,NA,NA,Rural,TERM_LOAN
Yes,101200,Business,Tailoring,494567,439242,NA,NA,NA,NA,Rural,UNY
Yes,390716,Business,Small Manufacturing,105609,85483,NA,NA,NA,NA,Rural,MFS
Yes,163267,Business,Service Business,108924,82361,NA,NA,NA,NA,Urban,AMY
Yes,490788,Education,NA,610923,610923,Graduate,Engineering,Professional,Yes,Urban,ELS
Yes,352438,Business,Poultry,123703,123671,NA,NA,NA,NA,Rural,AMY
Yes,325905,Business,Repair Shop,3314390,2050478,NA,NA,NA,NA,Rural,TERM_LOAN
Yes,523887,Business,Poultry,132254,122108,NA,NA,NA,NA,Rural,NO_ELIGIBLE_SCHEME
Yes,62464,Business,Tailoring,2967089,1397419,NA,NA,NA,NA,Urban,TERM_LOAN
Yes,449339,Business,Service Business,61973,48382,NA,NA,NA,NA,Urban,AMY
Yes,477966,Business,Grocery Shop,383177,82256,NA,NA,NA,NA,Urban,UNY
Yes,140886,Business,Poultry,446594,143054,NA,NA,NA,NA,Urban,UNY
Yes,336603,Business,Grocery Shop,95767,77212,NA,NA,NA,NA,Urban,AMY
Yes,112328,Education,NA,4487216,2864868,Graduate,Nursing,Technical,Yes,Rural,ELS
Yes,377855,Education,NA,3765229,1489742,Graduate,Engineering,Professional,Yes,Rural,ELS
No,322433,Business,Small Manufacturing,451968,193248,NA,NA,NA,NA,Rural,NO_ELIGIBLE_SCHEME
Yes,389556,Business,Grocery Shop,109964,39015,NA,NA,NA,NA,Urban,MFS
Yes,499394,Business,Computer Centre,6685541,6116138,NA,NA,NA,NA,Rural,NO_ELIGIBLE_SCHEME
Yes,115083,Business,Tailoring,462180,404509,NA,NA,NA,NA,Rural,UNY
Yes,478068,Business,Small Manufacturing,412351,220437,NA,NA,NA,NA,Rural,UNY
Yes,382189,Business,Small Manufacturing,1508092,1223235,NA,NA,NA,NA,Urban,TERM_LOAN
Yes,54078,Education,NA,3087362,3087362,Graduate,Medical,Technical,Yes,Rural,ELS
Yes,294785,Education,NA,1980653,744613,12th,MCA,Medical,Yes,Urban,ELS
Yes,376298,Business,Food Business,35747,31501,NA,NA,NA,NA,Urban,MFS
Yes,234058,Business,Poultry,338225,206331,NA,NA,NA,NA,Urban,UNY
Yes,276109,Education,NA,3863671,1307370,Graduate,Medical,Medical,No,Urban,NO_ELIGIBLE_SCHEME
Yes,103774,Business,Small Manufacturing,43476,29447,NA,NA,NA,NA,Urban,AMY
Yes,357320,Business,Computer Centre,3018077,2568255,NA,NA,NA,NA,Rural,TERM_LOAN
Yes,345521,Business,Poultry,476797,77565,NA,NA,NA,NA,Rural,UNY
Yes,222206,Business,Tailoring,90266,88579,NA,NA,NA,NA,Rural,MFS
Yes,118100,Business,Computer Centre,104447,28290,NA,NA,NA,NA,Rural,AMY
Yes,63480,Education,NA,1748947,369688,Postgraduate,MBA,Management,Yes,Rural,ELS
Yes,103825,Business,Transport,73758,10516,NA,NA,NA,NA,Urban,MFS
Yes,214317,Business,Computer Centre,131343,115734,NA,NA,NA,NA,Urban,MFS
Yes,367076,Business,Repair Shop,105452,87616,NA,NA,NA,NA,Urban,AMY
Yes,171852,Business,Grocery Shop,5000000,5000000,NA,NA,NA,NA,Urban,NO_ELIGIBLE_SCHEME
Yes,226280,Education,NA,1123063,1033199,Graduate,Engineering,Professional,Yes,Urban,ELS
Yes,276465,Business,Tailoring,33653,25727,NA,NA,NA,NA,Urban,MFS
Yes,385398,Education,NA,569149,263463,12th,MBA,Technical,Yes,Urban,ELS
Yes,381267,Business,Computer Centre,4271524,1822171,NA,NA,NA,NA,Urban,TERM_LOAN
Yes,271826,Business,Repair Shop,1656564,532350,NA,NA,NA,NA,Rural,TERM_LOAN
Yes,171772,Business,Repair Shop,131319,22700,NA,NA,NA,NA,Urban,AMY
Yes,94434,Business,Poultry,110541,87354,NA,NA,NA,NA,Urban,MFS
Yes,77580,Education,NA,1015693,1015693,Graduate,Engineering,Management,Yes,Rural,ELS
Yes,151009,Business,Service Business,102841,61296,NA,NA,NA,NA,Urban,AMY
Yes,599269,Business,Small Manufacturing,186184,126768,NA,NA,NA,NA,Urban,NO_ELIGIBLE_SCHEME
Yes,464102,Business,Small Manufacturing,289134,36906,NA,NA,NA,NA,Urban,UNY
Yes,445085,Education,NA,642152,642152,Graduate,Pharmacy,Professional,Yes,Urban,ELS
Yes,241862,Education,NA,2321901,3760368,Graduate,MCA,Professional,No,Rural,NO_ELIGIBLE_SCHEME
Yes,140718,Education,NA,513125,513125,Postgraduate,MCA,Medical,Yes,Urban,ELS
Yes,332653,Business,Grocery Shop,3130850,2749553,NA,NA,NA,NA,Urban,TERM_LOAN
Yes,329730,Business,Service Business,41094,36441,NA,NA,NA,NA,Urban,MFS
Yes,100356,Business,Tailoring,3643065,3123309,NA,NA,NA,NA,Rural,TERM_LOAN
Yes,63560,Business,Grocery Shop,109129,42816,NA,NA,NA,NA,Rural,MFS
Yes,276849,Business,Small Manufacturing,2950280,412980,NA,NA,NA,NA,Urban,TERM_LOAN
Yes,349987,Business,Tailoring,111955,17500,NA,NA,NA,NA,Urban,AMY
Yes,145265,Education,NA,2042911,446364,12th,MBA,Management,Yes,Urban,ELS
Yes,301236,Business,Tailoring,74063,37923,NA,NA,NA,NA,Urban,AMY
Yes,109216,Business,Service Business,252435,242499,NA,NA,NA,NA,Rural,UNY
Yes,431426,Education,NA,2860213,1192254,Graduate,MBA,Medical,Yes,Rural,ELS
Yes,281244,Business,Repair Shop,474141,438572,NA,NA,NA,NA,Urban,UNY
Yes,410061,Business,Service Business,5000000,5000000,NA,NA,NA,NA,Rural,NO_ELIGIBLE_SCHEME
Yes,264092,Business,Computer Centre,91605,55607,NA,NA,NA,NA,Urban,MFS
Yes,391644,Business,Transport,33313,10944,NA,NA,NA,NA,Rural,AMY
Yes,210219,Business,Poultry,344191,187164,NA,NA,NA,NA,Rural,UNY
Yes,287403,Business,Food Business,171358,64099,NA,NA,NA,NA,Rural,UNY
Yes,76923,Education,NA,632338,632338,Postgraduate,Nursing,Medical,Yes,Rural,ELS
Yes,315467,Business,Poultry,388116,217321,NA,NA,NA,NA,Urban,UNY
Yes,404934,Education,NA,2183151,2088853,Postgraduate,BTech,Management,No,Rural,NO_ELIGIBLE_SCHEME
Yes,494247,Business,Grocery Shop,95136,93288,NA,NA,NA,NA,Rural,MFS
Yes,468351,Business,Service Business,211598,112435,NA,NA,NA,NA,Rural,UNY
Yes,81893,Business,Food Business,199991,33311,NA,NA,NA,NA,Rural,UNY
No,348000,Business,Grocery Shop,337353,359485,NA,NA,NA,NA,Rural,NO_ELIGIBLE_SCHEME
Yes,61454,Business,Fisheries,4422501,4102001,NA,NA,NA,NA,Urban,TERM_LOAN
No,422989,Business,Fisheries,148321,202041,NA,NA,NA,NA,Urban,NO_ELIGIBLE_SCHEME
Yes,191696,Business,Poultry,463482,156583,NA,NA,NA,NA,Rural,UNY
Yes,337292,Education,NA,1838180,907547,12th,MBA,Professional,Yes,Rural,ELS
Yes,190815,Business,Computer Centre,127746,72287,NA,NA,NA,NA,Rural,MFS
Yes,64045,Business,Service Business,232281,213965,NA,NA,NA,NA,Rural,UNY
Yes,133875,Business,Poultry,6390223,5336833,NA,NA,NA,NA,Rural,NO_ELIGIBLE_SCHEME
Yes,398393,Business,Poultry,40803,22184,NA,NA,NA,NA,Rural,MFS
Yes,184177,Business,Repair Shop,5000000,5000000,NA,NA,NA,NA,Rural,NO_ELIGIBLE_SCHEME
Yes,124265,Education,NA,1156258,2779855,12th,Nursing,Professional,No,Rural,NO_ELIGIBLE_SCHEME
Yes,282011,Business,Poultry,83547,68213,NA,NA,NA,NA,Urban,AMY
Yes,135474,Business,Grocery Shop,84000,54605,NA,NA,NA,NA,Rural,MFS
Yes,175166,Business,Transport,3800470,2598252,NA,NA,NA,NA,Rural,TERM_LOAN
Yes,235408,Business,Transport,3300064,1021597,NA,NA,NA,NA,Urban,TERM_LOAN
Yes,250825,Business,Service Business,6946581,6274865,NA,NA,NA,NA,Rural,NO_ELIGIBLE_SCHEME
Yes,127402,Business,Food Business,75539,48331,NA,NA,NA,NA,Urban,AMY
Yes,422081,Business,Grocery Shop,79899,76655,NA,NA,NA,NA,Urban,MFS
Yes,213929,Business,Repair Shop,2108710,959911,NA,NA,NA,NA,Rural,TERM_LOAN
Yes,429057,Business,Transport,47191,29227,NA,NA,NA,NA,Urban,MFS
Yes,265543,Business,Tailoring,285613,133232,NA,NA,NA,NA,Urban,UNY
Yes,84722,Business,Poultry,57605,10037,NA,NA,NA,NA,Rural,AMY
Yes,83437,Business,Computer Centre,122577,29382,NA,NA,NA,NA,Rural,AMY
Yes,92182,Business,Food Business,100074,54572,NA,NA,NA,NA,Urban,MFS
No,309228,Business,Computer Centre,322478,227855,NA,NA,NA,NA,Rural,NO_ELIGIBLE_SCHEME
Yes,59436,Business,Fisheries,193500,170335,NA,NA,NA,NA,Urban,TERM_LOAN
Yes,404301,Business,Tailoring,74514,52658,NA,NA,NA,NA,Urban,MFS
Yes,383185,Business,Small Manufacturing,54347,41894,NA,NA,NA,NA,Rural,MFS
Yes,85523,Business,Computer Centre,35311,25710,NA,NA,NA,NA,Urban,AMY
Yes,86901,Business,Food Business,324162,84448,NA,NA,NA,NA,Rural,UNY
Yes,334285,Business,Food Business,336701,68177,NA,NA,NA,NA,Urban,UNY
Yes,391044,Business,Repair Shop,193979,124513,NA,NA,NA,NA,Rural,UNY
Yes,349349,Education,NA,4291030,1229806,12th,BTech,Management,Yes,Rural,ELS
Yes,337122,Business,Repair Shop,4181455,3074337,NA,NA,NA,NA,Urban,TERM_LOAN
Yes,377618,Education,NA,619912,619912,Postgraduate,Nursing,Medical,Yes,Rural,ELS
Yes,312595,Business,Small Manufacturing,245627,25968,NA,NA,NA,NA,Rural,UNY
Yes,273443,Business,Food Business,6295299,6791067,NA,NA,NA,NA,Rural,NO_ELIGIBLE_SCHEME
Yes,499229,Business,Small Manufacturing,1157146,587606,NA,NA,NA,NA,Urban,TERM_LOAN
Yes,342206,Business,Small Manufacturing,71614,14444,NA,NA,NA,NA,Rural,MFS
Yes,452963,Business,Food Business,2088335,674360,NA,NA,NA,NA,Urban,TERM_LOAN
Yes,497863,Business,Transport,7761286,5917180,NA,NA,NA,NA,Urban,NO_ELIGIBLE_SCHEME
Yes,60915,Business,Small Manufacturing,7787971,5756601,NA,NA,NA,NA,Urban,NO_ELIGIBLE_SCHEME
Yes,289227,Business,Tailoring,467628,87939,NA,NA,NA,NA,Rural,UNY
No,342263,Business,Tailoring,236380,259511,NA,NA,NA,NA,Rural,NO_ELIGIBLE_SCHEME
Yes,248437,Education,NA,2970285,1952544,Postgraduate,Nursing,Management,Yes,Urban,ELS
Yes,168422,Business,Small Manufacturing,120052,68190,NA,NA,NA,NA,Urban,MFS
Yes,191810,Business,Tailoring,305364,97052,NA,NA,NA,NA,Rural,UNY
Yes,321335,Business,Fisheries,6751467,6232332,NA,NA,NA,NA,Rural,NO_ELIGIBLE_SCHEME
Yes,295210,Business,Repair Shop,5000000,5000000,NA,NA,NA,NA,Urban,NO_ELIGIBLE_SCHEME
Yes,119205,Business,Service Business,51552,19122,NA,NA,NA,NA,Rural,AMY
Yes,181325,Business,Grocery Shop,38116,30050,NA,NA,NA,NA,Rural,AMY
No,107417,Business,Food Business,283582,296166,NA,NA,NA,NA,Urban,NO_ELIGIBLE_SCHEME
Yes,100045,Education,NA,2622796,2622796,Graduate,BTech,Professional,Yes,Urban,ELS
Yes,649268,Business,Fisheries,443709,391548,NA,NA,NA,NA,Rural,NO_ELIGIBLE_SCHEME
Yes,306128,Business,Fisheries,5000000,5000000,NA,NA,NA,NA,Rural,NO_ELIGIBLE_SCHEME
Yes,404157,Business,Fisheries,463941,341409,NA,NA,NA,NA,Urban,UNY
Yes,58494,Business,Service Business,97143,58952,NA,NA,NA,NA,Urban,AMY
Yes,630720,Business,Tailoring,370901,301669,NA,NA,NA,NA,Rural,NO_ELIGIBLE_SCHEME
Yes,187522,Education,NA,4019899,910777,Postgraduate,Nursing,Technical,Yes,Urban,ELS
Yes,122528,Business,Service Business,4354734,2854163,NA,NA,NA,NA,Urban,TERM_LOAN
Yes,188053,Business,Service Business,139428,107243,NA,NA,NA,NA,Rural,MFS
Yes,241911,Business,Service Business,142242,114967,NA,NA,NA,NA,Rural,UNY
Yes,180323,Business,Computer Centre,107518,35345,NA,NA,NA,NA,Rural,AMY
Yes,143897,Business,Transport,118880,13506,NA,NA,NA,NA,Urban,MFS
Yes,427967,Business,Fisheries,3967529,2875050,NA,NA,NA,NA,Urban,TERM_LOAN
Yes,148178,Business,Small Manufacturing,2865163,758871,NA,NA,NA,NA,Rural,TERM_LOAN
Yes,117667,Business,Food Business,1757977,1413933,NA,NA,NA,NA,Urban,TERM_LOAN
Yes,286710,Business,Food Business,133893,51864,NA,NA,NA,NA,Rural,MFS
Yes,406135,Business,Repair Shop,2954673,1776880,NA,NA,NA,NA,Urban,TERM_LOAN
Yes,489520,Business,Small Manufacturing,486043,95267,NA,NA,NA,NA,Rural,UNY
Yes,497644,Education,NA,1410392,1410392,Postgraduate,BCA,Management,Yes,Urban,ELS
Yes,340626,Business,Computer Centre,2992694,594822,NA,NA,NA,NA,Rural,TERM_LOAN
Yes,90078,Business,Computer Centre,103460,76275,NA,NA,NA,NA,Urban,AMY
Yes,488816,Business,Tailoring,55265,23154,NA,NA,NA,NA,Rural,MFS
Yes,323213,Business,Small Manufacturing,672658,55357,NA,NA,NA,NA,Rural,TERM_LOAN
Yes,453024,Business,Transport,48857,45430,NA,NA,NA,NA,Rural,MFS
Yes,130493,Business,Fisheries,3876574,2543172,NA,NA,NA,NA,Rural,TERM_LOAN
Yes,210449,Business,Food Business,1857095,618122,NA,NA,NA,NA,Urban,TERM_LOAN
Yes,338005,Business,Transport,498271,159122,NA,NA,NA,NA,Urban,UNY
Yes,288207,Business,Repair Shop,461738,291939,NA,NA,NA,NA,Urban,UNY
Yes,319796,Business,Tailoring,45194,36488,NA,NA,NA,NA,Urban,MFS
Yes,113505,Business,Tailoring,227967,63195,NA,NA,NA,NA,Rural,UNY
Yes,467275,Business,Tailoring,1581770,892067,NA,NA,NA,NA,Rural,TERM_LOAN
Yes,241236,Education,NA,1972419,1972419,Postgraduate,MBA,Medical,Yes,Rural,ELS
Yes,458207,Business,Repair Shop,976487,613145,NA,NA,NA,NA,Urban,TERM_LOAN
Yes,463118,Business,Food Business,34763,23008,NA,NA,NA,NA,Rural,MFS
Yes,257579,Business,Fisheries,4966641,3970932,NA,NA,NA,NA,Rural,TERM_LOAN
Yes,442322,Business,Computer Centre,69936,23766,NA,NA,NA,NA,Rural,MFS
Yes,212263,Business,Small Manufacturing,42793,28925,NA,NA,NA,NA,Rural,AMY
Yes,163343,Business,Repair Shop,6425035,6957642,NA,NA,NA,NA,Urban,NO_ELIGIBLE_SCHEME
Yes,405333,Education,NA,1212093,878282,Postgraduate,Nursing,Medical,Yes,Urban,ELS
Yes,152917,Business,Tailoring,424849,274151,NA,NA,NA,NA,Urban,UNY
Yes,153439,Education,NA,2033345,296288,12th,BTech,Technical,Yes,Urban,ELS
Yes,385097,Education,NA,3659698,1145293,Graduate,Nursing,Medical,Yes,Urban,ELS
Yes,274182,Business,Fisheries,5000000,5000000,NA,NA,NA,NA,Urban,NO_ELIGIBLE_SCHEME
Yes,233326,Business,Service Business,35730,20293,NA,NA,NA,NA,Rural,AMY
Yes,290396,Education,NA,1596929,1596929,12th,Nursing,Management,Yes,Rural,ELS
Yes,70013,Education,NA,3424360,2286493,Graduate,Pharmacy,Management,No,Rural,NO_ELIGIBLE_SCHEME
Yes,87294,Business,Poultry,76316,21695,NA,NA,NA,NA,Urban,AMY
Yes,486970,Business,Transport,733984,54516,NA,NA,NA,NA,Rural,TERM_LOAN
Yes,426113,Business,Food Business,59928,55196,NA,NA,NA,NA,Rural,AMY
Yes,150403,Education,NA,1634883,1634883,12th,MBA,Technical,Yes,Rural,ELS
Yes,464349,Business,Grocery Shop,1438286,1020120,NA,NA,NA,NA,Urban,TERM_LOAN
Yes,240610,Business,Tailoring,127173,36546,NA,NA,NA,NA,Urban,AMY
Yes,129284,Business,Tailoring,203669,98482,NA,NA,NA,NA,Urban,TERM_LOAN
Yes,155874,Education,NA,2610109,3967829,12th,Law,Technical,No,Rural,NO_ELIGIBLE_SCHEME
Yes,112954,Business,Repair Shop,130983,14586,NA,NA,NA,NA,Rural,AMY
Yes,338617,Business,Small Manufacturing,405043,163188,NA,NA,NA,NA,Urban,UNY
Yes,58515,Business,Computer Centre,63246,58976,NA,NA,NA,NA,Rural,MFS
Yes,289399,Business,Transport,2764478,1391198,NA,NA,NA,NA,Urban,TERM_LOAN
Yes,268603,Business,Transport,145809,75309,NA,NA,NA,NA,Rural,UNY
Yes,125668,Business,Food Business,483457,118168,NA,NA,NA,NA,Urban,UNY
Yes,225484,Education,NA,1190535,1190535,Graduate,MBA,Professional,Yes,Rural,ELS
Yes,106445,Business,Food Business,52815,31047,NA,NA,NA,NA,Urban,AMY
Yes,277393,Business,Grocery Shop,99065,91684,NA,NA,NA,NA,Rural,AMY
Yes,447176,Business,Poultry,249561,86467,NA,NA,NA,NA,Urban,UNY
Yes,99870,Business,Transport,39103,25397,NA,NA,NA,NA,Urban,AMY
Yes,394889,Education,NA,1043425,1043425,Graduate,Medical,Technical,Yes,Urban,ELS
Yes,404005,Business,Fisheries,107992,18907,NA,NA,NA,NA,Urban,MFS
Yes,312039,Business,Computer Centre,126705,11268,NA,NA,NA,NA,Urban,AMY
Yes,211081,Business,Transport,301271,53126,NA,NA,NA,NA,Urban,UNY
Yes,192483,Business,Computer Centre,3106946,1684627,NA,NA,NA,NA,Urban,TERM_LOAN
Yes,361916,Education,NA,3267705,3267705,Postgraduate,Engineering,Technical,Yes,Urban,ELS
Yes,275257,Education,NA,1307303,1307303,Graduate,Engineering,Management,Yes,Rural,ELS
Yes,364637,Business,Poultry,4267167,798757,NA,NA,NA,NA,Rural,TERM_LOAN
Yes,120486,Business,Computer Centre,211457,29257,NA,NA,NA,NA,Urban,UNY
Yes,319228,Business,Tailoring,418353,265066,NA,NA,NA,NA,Rural,UNY
Yes,304115,Education,NA,890603,890603,12th,MCA,Medical,Yes,Urban,ELS
Yes,361307,Business,Service Business,103591,94848,NA,NA,NA,NA,Urban,MFS
Yes,444801,Education,NA,2595827,845350,Graduate,BCA,Management,Yes,Rural,ELS
Yes,368970,Business,Repair Shop,2303352,644163,NA,NA,NA,NA,Rural,TERM_LOAN
Yes,265243,Business,Poultry,1126147,455624,NA,NA,NA,NA,Rural,TERM_LOAN
Yes,81219,Business,Transport,2065628,1972773,NA,NA,NA,NA,Urban,TERM_LOAN
Yes,92072,Business,Repair Shop,2594135,1485381,NA,NA,NA,NA,Urban,TERM_LOAN
Yes,102647,Business,Fisheries,3504610,55324,NA,NA,NA,NA,Urban,TERM_LOAN
Yes,466397,Business,Repair Shop,37113,15832,NA,NA,NA,NA,Rural,MFS
Yes,210553,Education,NA,3750544,2907763,Graduate,BCA,Medical,Yes,Rural,ELS
Yes,469680,Business,Fisheries,882733,192916,NA,NA,NA,NA,Rural,TERM_LOAN
No,282928,Business,Tailoring,135907,274356,NA,NA,NA,NA,Urban,NO_ELIGIBLE_SCHEME
Yes,274661,Business,Repair Shop,79440,15326,NA,NA,NA,NA,Urban,MFS
No,423131,Business,Computer Centre,53725,348003,NA,NA,NA,NA,Rural,NO_ELIGIBLE_SCHEME
Yes,364083,Business,Service Business,171620,68608,NA,NA,NA,NA,Rural,UNY
Yes,417622,Business,Repair Shop,66655,49069,NA,NA,NA,NA,Rural,MFS
Yes,389011,Business,Food Business,348862,49584,NA,NA,NA,NA,Urban,UNY
Yes,493748,Business,Tailoring,402059,395533,NA,NA,NA,NA,Rural,TERM_LOAN
Yes,405919,Education,NA,1002860,1002860,Postgraduate,MBA,Management,Yes,Rural,ELS
Yes,170120,Business,Service Business,1544078,440524,NA,NA,NA,NA,Urban,TERM_LOAN
Yes,226962,Business,Grocery Shop,44859,39575,NA,NA,NA,NA,Urban,AMY
Yes,484022,Business,Service Business,5000000,5000000,NA,NA,NA,NA,Rural,NO_ELIGIBLE_SCHEME
Yes,502567,Business,Service Business,318529,76353,NA,NA,NA,NA,Rural,NO_ELIGIBLE_SCHEME
Yes,105645,Business,Repair Shop,76884,75907,NA,NA,NA,NA,Urban,MFS
Yes,379917,Business,Food Business,82354,77051,NA,NA,NA,NA,Urban,AMY
Yes,324142,Business,Tailoring,2626818,385145,NA,NA,NA,NA,Rural,TERM_LOAN
Yes,396901,Business,Food Business,90405,18031,NA,NA,NA,NA,Rural,AMY
Yes,347403,Business,Poultry,90031,49856,NA,NA,NA,NA,Urban,MFS
Yes,764831,Business,Repair Shop,98038,226331,NA,NA,NA,NA,Rural,NO_ELIGIBLE_SCHEME
Yes,169371,Business,Food Business,72109,40692,NA,NA,NA,NA,Urban,AMY
Yes,317172,Education,NA,4266097,1149495,Graduate,Engineering,Medical,Yes,Urban,ELS
Yes,474305,Business,Poultry,114670,68121,NA,NA,NA,NA,Rural,MFS
No,331945,Business,Service Business,246763,277779,NA,NA,NA,NA,Urban,NO_ELIGIBLE_SCHEME
Yes,371707,Education,NA,2545842,778724,Postgraduate,Medical,Management,Yes,Rural,ELS
Yes,203679,Business,Food Business,1639157,369872,NA,NA,NA,NA,Urban,TERM_LOAN
Yes,171424,Business,Service Business,149838,119001,NA,NA,NA,NA,Rural,UNY
Yes,269095,Business,Food Business,1200097,988077,NA,NA,NA,NA,Rural,TERM_LOAN
Yes,262792,Education,NA,1372329,1372329,Graduate,Nursing,Medical,Yes,Urban,ELS
Yes,494798,Business,Small Manufacturing,527723,112473,NA,NA,NA,NA,Rural,TERM_LOAN
Yes,86414,Business,Poultry,71302,54659,NA,NA,NA,NA,Rural,AMY
Yes,181221,Business,Transport,734084,610182,NA,NA,NA,NA,Urban,TERM_LOAN
No,496127,Business,Small Manufacturing,388167,113375,NA,NA,NA,NA,Urban,NO_ELIGIBLE_SCHEME
Yes,230272,Education,NA,3536313,3844338,Postgraduate,Pharmacy,Medical,No,Rural,NO_ELIGIBLE_SCHEME
Yes,398790,Education,NA,1962114,177176,Postgraduate,Engineering,Medical,Yes,Urban,ELS
Yes,333433,Business,Computer Centre,5000000,5000000,NA,NA,NA,NA,Rural,NO_ELIGIBLE_SCHEME
Yes,423384,Business,Food Business,6840053,5418094,NA,NA,NA,NA,Urban,NO_ELIGIBLE_SCHEME
Yes,341917,Education,NA,778332,536270,Postgraduate,Pharmacy,Medical,Yes,Rural,ELS
No,492180,Business,Computer Centre,450961,354823,NA,NA,NA,NA,Urban,NO_ELIGIBLE_SCHEME
Yes,488066,Business,Transport,232129,52149,NA,NA,NA,NA,Rural,UNY
Yes,241735,Business,Computer Centre,5000000,5000000,NA,NA,NA,NA,Rural,NO_ELIGIBLE_SCHEME
Yes,212020,Education,NA,2044416,2044416,Postgraduate,Nursing,Medical,Yes,Urban,ELS
Yes,352312,Business,Poultry,120610,26802,NA,NA,NA,NA,Rural,AMY
Yes,50141,Business,Tailoring,110788,24058,NA,NA,NA,NA,Rural,AMY
Yes,589792,Business,Food Business,352734,242242,NA,NA,NA,NA,Rural,NO_ELIGIBLE_SCHEME
Yes,316097,Business,Fisheries,129762,80742,NA,NA,NA,NA,Urban,MFS
Yes,201929,Business,Transport,59109,38307,NA,NA,NA,NA,Rural,MFS
Yes,122624,Business,Transport,1885827,151245,NA,NA,NA,NA,Urban,TERM_LOAN
Yes,199178,Business,Service Business,75919,49216,NA,NA,NA,NA,Rural,MFS
Yes,99040,Business,Transport,208495,156947,NA,NA,NA,NA,Urban,UNY
Yes,403747,Business,Grocery Shop,99692,60262,NA,NA,NA,NA,Rural,AMY
Yes,157930,Business,Food Business,62794,45628,NA,NA,NA,NA,Urban,AMY
Yes,420648,Business,Repair Shop,60340,28881,NA,NA,NA,NA,Urban,MFS
Yes,239950,Education,NA,3897785,627586,Graduate,Law,Technical,Yes,Urban,ELS
Yes,56446,Education,NA,2815286,2521260,Graduate,BTech,Technical,Yes,Urban,ELS
Yes,395991,Business,Transport,79719,34173,NA,NA,NA,NA,Rural,AMY
Yes,281571,Business,Fisheries,33239,15884,NA,NA,NA,NA,Urban,AMY
Yes,178718,Business,Repair Shop,3873439,1196885,NA,NA,NA,NA,Urban,TERM_LOAN
Yes,103959,Business,Small Manufacturing,99109,38503,NA,NA,NA,NA,Urban,AMY
Yes,72603,Education,NA,2152811,1464951,Graduate,Nursing,Technical,Yes,Rural,ELS
Yes,290842,Education,NA,1735428,1578560,12th,BCA,Professional,Yes,Urban,ELS
Yes,660318,Business,Repair Shop,301721,283573,NA,NA,NA,NA,Rural,NO_ELIGIBLE_SCHEME
Yes,134961,Business,Fisheries,1391873,429916,NA,NA,NA,NA,Rural,TERM_LOAN
Yes,53094,Business,Transport,43604,25313,NA,NA,NA,NA,Rural,AMY
Yes,221562,Business,Repair Shop,434532,397966,NA,NA,NA,NA,Rural,UNY
Yes,484334,Business,Transport,51400,35540,NA,NA,NA,NA,Rural,MFS
Yes,260183,Business,Food Business,4602838,2307709,NA,NA,NA,NA,Rural,TERM_LOAN
Yes,327794,Business,Fisheries,242360,57718,NA,NA,NA,NA,Urban,UNY
Yes,105461,Business,Transport,198695,133921,NA,NA,NA,NA,Rural,UNY
Yes,446635,Business,Repair Shop,108264,11438,NA,NA,NA,NA,Rural,AMY
Yes,149299,Business,Grocery Shop,4695684,2101379,NA,NA,NA,NA,Urban,TERM_LOAN
Yes,219027,Education,NA,134045,3637177,12th,Pharmacy,Professional,No,Rural,NO_ELIGIBLE_SCHEME
Yes,141156,Business,Tailoring,64100,63745,NA,NA,NA,NA,Urban,MFS
Yes,497151,Business,Transport,88997,51229,NA,NA,NA,NA,Urban,MFS
Yes,211065,Education,NA,3063735,3063735,Postgraduate,Medical,Professional,Yes,Urban,ELS
Yes,213711,Business,Fisheries,5000000,5000000,NA,NA,NA,NA,Urban,NO_ELIGIBLE_SCHEME
No,100667,Business,Repair Shop,445788,108289,NA,NA,NA,NA,Rural,NO_ELIGIBLE_SCHEME
No,124459,Business,Repair Shop,97733,209942,NA,NA,NA,NA,Urban,NO_ELIGIBLE_SCHEME
Yes,364088,Business,Poultry,389537,53520,NA,NA,NA,NA,Urban,UNY
Yes,165727,Business,Fisheries,301755,192212,NA,NA,NA,NA,Rural,UNY
Yes,445819,Business,Poultry,103116,57920,NA,NA,NA,NA,Rural,MFS
Yes,223959,Business,Repair Shop,1048329,992588,NA,NA,NA,NA,Urban,TERM_LOAN
Yes,416692,Business,Transport,167438,107548,NA,NA,NA,NA,Urban,UNY
Yes,479471,Business,Computer Centre,5000000,5000000,NA,NA,NA,NA,Urban,NO_ELIGIBLE_SCHEME
Yes,146604,Education,NA,563232,3178536,12th,BCA,Professional,No,Urban,NO_ELIGIBLE_SCHEME
Yes,365976,Business,Repair Shop,481598,269118,NA,NA,NA,NA,Rural,UNY
Yes,373374,Business,Small Manufacturing,294418,107635,NA,NA,NA,NA,Urban,UNY
Yes,246036,Business,Tailoring,129548,77698,NA,NA,NA,NA,Rural,MFS
Yes,450640,Business,Small Manufacturing,4946343,479781,NA,NA,NA,NA,Urban,TERM_LOAN
